Index,Temp,variable,Harbour porpoise,Seals,Sharks,Rays,Cod (adult),Whiting (adult),Other gadoids,Demersal fish,Herring (adult),Herring (adult) (Ru),Juvenile Herring (Ru),Sprat,Mackerel,Mackerel (Ru),Horse mackerel,Sandeels,Plaice (adult),Dab,Other flatfish,Sole (adult),Sea Bass,Sea Bass (Ru),Pelagic fish,Squid & cuttlefish,Carnivorous plankton,Temora longicornis,Herbivorous plankton (copepods),Gelatinous zooplankton,Large crabs + shrimps ,Blue mussels (aquaculture),Epifaunal macrobenthos (mobile grazers),Infaunal macrobenthos,Crangon (below 5cm),Small mobile epifauna (swarming crustaceans),Small infauna (polychaetes),Sessile epifauna
1,0,0.016666667,0.094682956,0.010181297,0.002789323,7.38E-05,0.048844792,9.56E-11,1.43E-05,0.002627186,0.012594148,0.004845604,4.70E-05,1.13E-11,5.91E-06,2.21E-09,0.001371886,0.001236643,0.005387272,9.03E-05,4.65E-07,4.80E-05,0,0,0.000422914,0.000499724,0.999684169,0.015649681,0.000210245,0.086281755,3.49E-06,0.055350285,0.005998521,0.001126457,0.000120126,1.12E-11,0.01019403,0.052605558
2,0.033333333,0.05,0.098105706,0.01064568,0.002890209,7.77E-05,0.051289495,1.07E-10,1.50E-05,0.002737977,0.01324576,0.005039567,4.97E-05,1.30E-11,6.26E-06,2.47E-09,0.001422542,0.001284662,0.005582894,9.45E-05,4.95E-07,5.02E-05,0,0,0.000439686,0.000518728,0.999756206,0.016269046,0.000220227,0.08978501,3.71E-06,0.057501821,0.006219853,0.00117324,0.00012546,1.23E-11,0.010611345,0.055303913
3,0.066666667,0.083333333,0.101638296,0.011131007,0.002994734,8.19E-05,0.05384963,1.19E-10,1.58E-05,0.002853427,0.013930611,0.005241253,5.25E-05,1.49E-11,6.64E-06,2.75E-09,0.001475065,0.001334543,0.005785577,9.90E-05,5.26E-07,5.26E-05,0,0,0.000457122,0.000538454,0.999811815,0.016912502,0.000230682,0.093415965,3.94E-06,0.0597317,0.006449299,0.001221963,0.000131031,1.36E-11,0.011045554,0.058132186
4,0.1,0.116666667,0.105283239,0.011638199,0.003103027,8.63E-05,0.056529941,1.33E-10,1.66E-05,0.00297373,0.014650346,0.005450966,5.55E-05,1.71E-11,7.04E-06,3.08E-09,0.001529525,0.001386357,0.005995574,0.000103621,5.59E-07,5.51E-05,0,0,0.00047525,0.000558929,0.999854742,0.017580953,0.000241634,0.09717808,4.18E-06,0.062042361,0.006687151,0.001272707,0.000136849,1.50E-11,0.011497323,0.061095743
5,0.133333333,0.15,0.10904303,0.012168217,0.003215223,9.09E-05,0.059335295,1.48E-10,1.75E-05,0.00309909,0.015406685,0.005669023,5.86E-05,1.96E-11,7.46E-06,3.44E-09,0.001585992,0.001440181,0.006213146,0.000108489,5.95E-07,5.77E-05,0,0,0.000494095,0.000580183,0.999887878,0.018275332,0.000253105,0.101074814,4.43E-06,0.064436281,0.006933715,0.001325556,0.000142925,1.66E-11,0.011967347,0.064200084
6,0.166666667,0.183333333,0.112920142,0.012722062,0.003331463,9.58E-05,0.062270679,1.66E-10,1.85E-05,0.003229717,0.016201429,0.005895751,6.20E-05,2.25E-11,7.91E-06,3.84E-09,0.001644541,0.001496092,0.006438562,0.000113587,6.32E-07,6.05E-05,0,0,0.000513688,0.000602244,0.999913455,0.018996607,0.000265121,0.105109611,4.70E-06,0.066915982,0.007189304,0.001380596,0.000149271,1.83E-11,0.012456344,0.067450827
7,0.2,0.216666667,0.116917018,0.013300776,0.00345189,0.000100887,0.065341192,1.85E-10,1.94E-05,0.003365832,0.017036459,0.00613149,6.55E-05,2.58E-11,8.39E-06,4.29E-09,0.001705247,0.001554169,0.006672101,0.000118923,6.72E-07,6.33E-05,0,0,0.000534058,0.000625144,0.999933199,0.019745775,0.000277707,0.109285891,4.99E-06,0.069484022,0.007454244,0.001437918,0.000155899,2.02E-11,0.012965059,0.070853709
8,0.233333333,0.25,0.121036064,0.013905445,0.003576655,0.000106293,0.068552041,2.06E-10,2.05E-05,0.003507663,0.017913744,0.006376596,6.92E-05,2.96E-11,8.90E-06,4.79E-09,0.001768191,0.001614498,0.006914052,0.000124511,7.15E-07,6.63E-05,0,0,0.000555235,0.000648914,0.999948438,0.020523871,0.00029089,0.11360704,5.30E-06,0.072142995,0.007728872,0.001497617,0.000162821,2.23E-11,0.013494267,0.074414565
9,0.266666667,0.283333333,0.125279638,0.014537197,0.003705912,0.000111989,0.071908532,2.30E-10,2.16E-05,0.003655448,0.018835339,0.006631434,7.32E-05,3.40E-11,9.43E-06,5.35E-09,0.001833453,0.001677164,0.007164714,0.000130361,7.60E-07,6.94E-05,0,0,0.00057725,0.000673587,0.999960201,0.02133196,0.000304699,0.118076398,5.62E-06,0.074895531,0.008013535,0.001559791,0.000170051,2.47E-11,0.014044768,0.078139328
10,0.3,0.316666667,0.129650047,0.015197209,0.003839823,0.000117991,0.075416059,2.57E-10,2.27E-05,0.003809436,0.019803391,0.006896385,7.73E-05,3.90E-11,1.00E-05,5.98E-09,0.001901119,0.001742258,0.007424396,0.000136486,8.08E-07,7.27E-05,0,0,0.000600139,0.000699198,0.999969281,0.022171147,0.000319163,0.122697243,5.97E-06,0.077744288,0.008308595,0.001624541,0.000177601,2.72E-11,0.014617394,0.082034007
11,0.333333333,0.35,0.134149538,0.015886704,0.003978554,0.000124313,0.079080097,2.87E-10,2.39E-05,0.003969885,0.02082014,0.007171847,8.17E-05,4.47E-11,1.06E-05,6.68E-09,0.001971278,0.001809874,0.007693416,0.000142898,8.59E-07,7.62E-05,0,0,0.000623934,0.000725782,0.999976289,0.023042569,0.000334314,0.127472785,6.34E-06,0.080691949,0.008614425,0.001691975,0.000185486,3.01E-11,0.015213007,0.086104676
12,0.366666667,0.383333333,0.138780283,0.016606953,0.004122276,0.000130975,0.082906188,3.20E-10,2.52E-05,0.004137064,0.021887925,0.007458228,8.64E-05,5.13E-11,1.12E-05,7.46E-09,0.002044021,0.00188011,0.007972106,0.000149612,9.14E-07,7.98E-05,0,0,0.000648672,0.000753375,0.999981698,0.023947403,0.000350183,0.132406146,6.72E-06,0.083741223,0.008931411,0.001762203,0.000193722,3.32E-11,0.015832499,0.090357456
13,0.4,0.416666667,0.143544378,0.01735928,0.004271167,0.000137993,0.086899926,3.58E-10,2.65E-05,0.004311253,0.023009187,0.007755955,9.13E-05,5.89E-11,1.19E-05,8.34E-09,0.002119442,0.001953066,0.008260808,0.000156641,9.72E-07,8.36E-05,0,0,0.000674391,0.000782017,0.999985874,0.024886862,0.000366806,0.137500345,7.14E-06,0.086894834,0.009259952,0.00183534,0.000202323,3.66E-11,0.016476795,0.094798496
14,0.433333333,0.45,0.148443827,0.01814506,0.004425413,0.000145388,0.091066946,3.99E-10,2.79E-05,0.004492743,0.024186467,0.008065471,9.65E-05,6.75E-11,1.26E-05,9.31E-09,0.00219764,0.002028847,0.008559874,0.000164,1.03E-06,8.75E-05,0,0,0.000701128,0.000811747,0.999989096,0.025862201,0.000384217,0.142758289,7.57E-06,0.090155521,0.009600462,0.001911507,0.000211306,4.05E-11,0.017146854,0.099433951
15,0.466666667,0.483333333,0.153480536,0.018965723,0.004585203,0.000153178,0.095412903,4.46E-10,2.94E-05,0.004681837,0.025422416,0.008387235,0.000101976,7.74E-11,1.34E-05,1.04E-08,0.002278717,0.002107562,0.008869671,0.000171705,1.10E-06,9.16E-05,0,0,0.000728925,0.000842607,0.999991584,0.02687471,0.000402455,0.148182751,8.04E-06,0.093526032,0.009953367,0.001990829,0.000220688,4.47E-11,0.017843668,0.104269962
16,0.5,0.516666667,0.1586563,0.019822752,0.004750735,0.000161386,0.099943456,4.97E-10,3.10E-05,0.004878851,0.026719794,0.008721722,0.000107781,8.88E-11,1.42E-05,1.16E-08,0.002362778,0.002189324,0.009190575,0.000179772,1.17E-06,9.60E-05,0,0,0.000757823,0.000874638,0.999993504,0.027925723,0.000421558,0.153776355,8.53E-06,0.097009116,0.010319109,0.002073435,0.000230486,4.93E-11,0.018568264,0.109312624
17,0.533333333,0.55,0.163972796,0.020717692,0.004922213,0.000170034,0.104664244,5.55E-10,3.26E-05,0.005084113,0.028081473,0.009069426,0.000113916,1.02E-10,1.51E-05,1.30E-08,0.002449932,0.002274251,0.009522979,0.000188218,1.24E-06,0.000100526,0,0,0.000787865,0.000907886,0.999994986,0.029016613,0.000441567,0.159541559,9.06E-06,0.100607519,0.010698145,0.002159462,0.000240719,5.45E-11,0.019321706,0.114567966
18,0.566666667,0.583333333,0.169431568,0.021652143,0.00509985,0.000179145,0.109580869,6.20E-10,3.44E-05,0.005297964,0.029510441,0.00943086,0.0001204,1.17E-10,1.60E-05,1.45E-08,0.002540292,0.002362465,0.009867285,0.000197061,1.32E-06,0.000105283,0,0,0.000819098,0.000942397,0.99999613,0.030148796,0.000462525,0.165480638,9.61E-06,0.104323979,0.011090948,0.00224905,0.000251406,6.01E-11,0.020105093,0.120041913
19,0.6,0.616666667,0.17503402,0.022627768,0.005283862,0.000188744,0.114698867,6.92E-10,3.62E-05,0.005520761,0.031009804,0.009806556,0.000127253,1.34E-10,1.69E-05,1.62E-08,0.002633977,0.002454092,0.010223911,0.000206319,1.40E-06,0.000110264,0,0,0.000851567,0.000978218,0.999997013,0.03132373,0.000484478,0.171595666,1.02E-05,0.108161215,0.011498006,0.002342346,0.000262568,6.64E-11,0.020919566,0.125740259
20,0.633333333,0.65,0.180781402,0.023646291,0.005474478,0.000198858,0.12002368,7.72E-10,3.81E-05,0.005752873,0.032582789,0.010197064,0.000134496,1.54E-10,1.80E-05,1.81E-08,0.002731107,0.002549264,0.010593288,0.000216012,1.49E-06,0.000115481,0,0,0.000885323,0.001015399,0.999997694,0.032542916,0.000507472,0.177888495,1.08E-05,0.112121924,0.011919823,0.002439503,0.000274225,7.33E-11,0.0217663,0.131668628
21,0.666666667,0.683333333,0.186674799,0.0247095,0.005671932,0.000209513,0.125560634,8.62E-10,4.02E-05,0.005994685,0.034232745,0.010602956,0.000142152,1.76E-10,1.90E-05,2.02E-08,0.002831809,0.002648116,0.010975863,0.00022616,1.59E-06,0.000120944,0,0,0.000920415,0.001053992,0.99999822,0.033807899,0.000531557,0.184360738,1.15E-05,0.116208771,0.012356922,0.002540679,0.000286399,8.10E-11,0.022646513,0.13783244
22,0.7,0.716666667,0.192715124,0.025819251,0.005876465,0.000220739,0.131314903,9.62E-10,4.23E-05,0.006246597,0.035963148,0.011024825,0.000150243,2.02E-10,2.02E-05,2.26E-08,0.002936213,0.002750792,0.011372095,0.000236784,1.69E-06,0.000126667,0,0,0.000956897,0.001094051,0.999998626,0.035120268,0.000556785,0.191013753,1.22E-05,0.120424378,0.012809842,0.00264604,0.000299114,8.94E-11,0.023561464,0.144236869
23,0.733333333,0.75,0.198903099,0.026977464,0.006088328,0.000232566,0.137291478,1.07E-09,4.45E-05,0.006509026,0.037777598,0.011463284,0.000158794,2.32E-10,2.14E-05,2.52E-08,0.003044454,0.002857436,0.011782461,0.000247908,1.80E-06,0.00013266,0,0,0.000994824,0.00113563,0.99999894,0.036481658,0.000583209,0.197848616,1.29E-05,0.124771321,0.013279139,0.002755758,0.000312393,9.87E-11,0.024512454,0.150886802
24,0.766666667,0.783333333,0.205239253,0.02818613,0.006307781,0.000245027,0.143495134,1.20E-09,4.69E-05,0.006782405,0.039679824,0.011918971,0.000167832,2.66E-10,2.27E-05,2.82E-08,0.003156673,0.002968204,0.012207453,0.000259554,1.91E-06,0.000138936,0,0,0.001034252,0.001178787,0.999999182,0.037893748,0.000610886,0.204866112,1.37E-05,0.129252118,0.01376539,0.002870013,0.000326261,1.09E-10,0.025500825,0.157786796
25,0.8,0.816666667,0.211723903,0.029447308,0.006535092,0.000258156,0.149930391,1.34E-09,4.94E-05,0.007067184,0.041673685,0.012392545,0.000177385,3.05E-10,2.41E-05,3.15E-08,0.003273015,0.003083251,0.012647577,0.000271747,2.03E-06,0.000145509,0,0,0.001075242,0.001223583,0.999999368,0.039358263,0.000639876,0.212066708,1.46E-05,0.133869217,0.014269188,0.002988991,0.000340745,1.20E-10,0.026527964,0.164941031
26,0.833333333,0.85,0.218357148,0.030763131,0.006770539,0.000271987,0.156601481,1.49E-09,5.20E-05,0.007363831,0.043763169,0.01288469,0.000187481,3.50E-10,2.55E-05,3.52E-08,0.00339363,0.003202744,0.01310336,0.000284513,2.16E-06,0.000152393,0,0,0.001117854,0.001270078,0.999999512,0.040876974,0.00067024,0.21945054,1.55E-05,0.138624989,0.014791148,0.003112886,0.000355871,1.33E-10,0.027595304,0.172353265
27,0.866666667,0.883333333,0.225138855,0.032135803,0.007014409,0.00028656,0.163512303,1.67E-09,5.48E-05,0.007672834,0.045952395,0.013396114,0.000198151,4.01E-10,2.71E-05,3.93E-08,0.003518675,0.003326852,0.013575341,0.000297878,2.30E-06,0.000159603,0,0,0.001162152,0.001318339,0.999999624,0.042451697,0.000702045,0.227017393,1.64E-05,0.143521717,0.015331905,0.003241899,0.000371669,1.47E-10,0.028704321,0.180026784
28,0.9,0.916666667,0.232068654,0.033567604,0.007266998,0.000301913,0.170666386,1.86E-09,5.77E-05,0.0079947,0.04824561,0.013927552,0.000209429,4.61E-10,2.87E-05,4.39E-08,0.003648309,0.003455753,0.014064081,0.000311871,2.44E-06,0.000167154,0,0,0.001208205,0.00136843,0.99999971,0.044084296,0.000735358,0.234766682,1.74E-05,0.148561582,0.015892112,0.003376241,0.000388168,1.62E-10,0.02985654,0.187964355
29,0.933333333,0.95,0.239145921,0.035060887,0.007528615,0.000318088,0.178066847,2.08E-09,6.08E-05,0.008329953,0.050647191,0.014479763,0.000221348,5.28E-10,3.04E-05,4.90E-08,0.003782702,0.00358963,0.014570157,0.000326521,2.60E-06,0.000175062,0,0,0.001256079,0.001420422,0.999999776,0.045776679,0.00077025,0.242697441,1.85E-05,0.153746656,0.016472446,0.003516131,0.000405399,1.79E-10,0.031053532,0.196168174
30,0.966666667,0.983333333,0.246369777,0.036618083,0.007799575,0.00033513,0.185716347,2.32E-09,6.40E-05,0.008679143,0.053161641,0.015053535,0.000233946,6.06E-10,3.23E-05,5.48E-08,0.003922026,0.003728674,0.015094164,0.000341859,2.76E-06,0.000183344,0,0,0.001305848,0.001474386,0.999999827,0.047530802,0.000806796,0.250808304,1.96E-05,0.159078887,0.017073604,0.003661795,0.000423394,1.97E-10,0.032296914,0.20463982
31,1,1.016666667,0.253739071,0.038241699,0.008080209,0.000353084,0.19361705,2.59E-09,6.74E-05,0.009042837,0.055793587,0.015649681,0.000247261,6.95E-10,3.42E-05,6.12E-08,0.004066461,0.003873083,0.015636718,0.000357917,2.93E-06,0.000192018,0,0,0.001357587,0.001530398,0.999999866,0.049348665,0.000845075,0.259097489,2.08E-05,0.164560089,0.017696307,0.003813471,0.000442188,2.18E-10,0.033588356,0.213380202
32,1.033333333,1.05,0.261252379,0.039934321,0.008370854,0.000372,0.201770579,2.89E-09,7.10E-05,0.009421626,0.05854778,0.016269046,0.000261333,7.97E-10,3.63E-05,6.83E-08,0.004216192,0.004023062,0.016198453,0.00037473,3.12E-06,0.000201102,0,0,0.001411373,0.001588534,0.999999897,0.051232314,0.000885169,0.267562792,2.21E-05,0.170191928,0.018341298,0.003971405,0.000461816,2.41E-10,0.034929575,0.222389514
33,1.066666667,1.083333333,0.268907993,0.041698613,0.008671863,0.000391929,0.210177972,3.22E-09,7.48E-05,0.009816125,0.061429086,0.016912502,0.000276205,9.14E-10,3.84E-05,7.63E-08,0.004371412,0.004178825,0.016780024,0.000392331,3.32E-06,0.000210616,0,0,0.001467286,0.001648874,0.99999992,0.05318384,0.000927163,0.276201568,2.35E-05,0.17597591,0.019009341,0.004135852,0.000482315,2.66E-10,0.036322336,0.231667188
34,1.1,1.116666667,0.276703917,0.043537316,0.008983598,0.000412925,0.218839643,3.60E-09,7.88E-05,0.010226972,0.064442482,0.017580953,0.000291924,1.05E-09,4.08E-05,8.53E-08,0.00453232,0.004340592,0.017382106,0.000410759,3.53E-06,0.00022058,0,0,0.001525411,0.001711503,0.999999939,0.055205378,0.000971147,0.285010729,2.49E-05,0.181913368,0.019701229,0.004307079,0.000503723,2.94E-10,0.037768459,0.241211848
35,1.133333333,1.15,0.284637859,0.045453251,0.009306433,0.000435046,0.227755337,4.02E-09,8.29E-05,0.010654829,0.067593055,0.018275332,0.000308538,1.20E-09,4.32E-05,9.53E-08,0.004699124,0.004508593,0.018005396,0.000430053,3.75E-06,0.000231015,0,0,0.001585835,0.001776507,0.999999953,0.057299106,0.001017216,0.293986732,2.64E-05,0.18800545,0.020417775,0.004485363,0.00052608,3.24E-10,0.039269811,0.251021272
36,1.166666667,1.183333333,0.292707229,0.047449317,0.009640757,0.000458351,0.236924097,4.48E-09,8.74E-05,0.011100386,0.070885988,0.018996607,0.000326096,1.38E-09,4.58E-05,1.06E-07,0.004872036,0.004683065,0.018650611,0.000450252,3.99E-06,0.000241944,0,0,0.001648648,0.001843975,0.999999963,0.059467242,0.001065468,0.303125573,2.81E-05,0.194253106,0.021159819,0.004670992,0.00054943,3.58E-10,0.040828311,0.261092353
37,1.2,1.216666667,0.300909136,0.049528492,0.009986971,0.000482904,0.246344219,5.00E-09,9.20E-05,0.011564357,0.074326554,0.019745775,0.000344653,1.58E-09,4.86E-05,1.19E-07,0.005051279,0.004864257,0.019318493,0.000471399,4.24E-06,0.000253389,0,0,0.001713946,0.001914,0.999999972,0.061712047,0.001116006,0.312422789,2.98E-05,0.200657074,0.021928229,0.004864266,0.000573815,3.95E-10,0.042445931,0.271421065
38,1.233333333,1.25,0.309240384,0.051693829,0.010345487,0.000508771,0.256013226,5.59E-09,9.69E-05,0.012047484,0.077920109,0.020523871,0.000364266,1.82E-09,5.15E-05,1.33E-07,0.005237081,0.005052423,0.020009804,0.000493539,4.51E-06,0.000265376,0,0,0.001781824,0.001986679,0.999999978,0.064035821,0.001168939,0.321873453,3.16E-05,0.207217868,0.022723895,0.005065496,0.000599282,4.36E-10,0.044124692,0.282002435
39,1.266666667,1.283333333,0.317697473,0.05394846,0.010716735,0.000536023,0.265927832,6.23E-09,0.000102044,0.01255054,0.081672077,0.02133196,0.000384994,2.08E-09,5.46E-05,1.48E-07,0.00542968,0.00524783,0.02072533,0.000516718,4.80E-06,0.00027793,0,0,0.001852386,0.002062112,0.999999983,0.066440902,0.001224379,0.331472178,3.36E-05,0.213935764,0.023547736,0.005275007,0.000625878,4.82E-10,0.04586667,0.292830523
40,1.3,1.316666667,0.326276601,0.056295589,0.011101155,0.000564734,0.276083916,6.96E-09,0.000107469,0.013074322,0.085587938,0.022171147,0.000406902,2.39E-09,5.79E-05,1.66E-07,0.005629323,0.005450753,0.021465883,0.000540986,5.10E-06,0.000291077,0,0,0.001925737,0.002140403,0.999999987,0.06892966,0.001282445,0.341213119,3.56E-05,0.220810791,0.0244007,0.005493136,0.000653654,5.32E-10,0.047673988,0.303898402
41,1.333333333,1.35,0.334973663,0.058738493,0.011499204,0.000594982,0.286476503,7.77E-09,0.000113182,0.013619663,0.089673217,0.023042569,0.000430056,2.74E-09,6.14E-05,1.85E-07,0.005836262,0.005661478,0.022232296,0.000566392,5.42E-06,0.000304846,0,0,0.002001987,0.00222166,0.99999999,0.071504503,0.001343261,0.351089983,3.78E-05,0.227842714,0.02528376,0.005720232,0.000682662,5.87E-10,0.049548822,0.315198149
42,1.366666667,1.383333333,0.343784254,0.061280523,0.011911355,0.000626849,0.297099743,8.67E-09,0.000119199,0.014187423,0.093933462,0.023947403,0.000454526,3.14E-09,6.51E-05,2.07E-07,0.006050763,0.005880301,0.023025429,0.000592991,5.77E-06,0.000319266,0,0,0.00208125,0.002305995,0.999999992,0.074167866,0.001406957,0.361096038,4.01E-05,0.235031027,0.02619792,0.005956662,0.000712957,6.48E-10,0.051493401,0.326720848
43,1.4,1.416666667,0.35270368,0.063925092,0.012338092,0.000660422,0.307946901,9.68E-09,0.000125536,0.014778497,0.098374233,0.024886862,0.000480389,3.60E-09,6.90E-05,2.31E-07,0.006273098,0.006107531,0.023846167,0.000620838,6.13E-06,0.000334369,0,0,0.002163643,0.002393523,0.999999994,0.076922215,0.001473669,0.371224126,4.26E-05,0.242374941,0.027144212,0.006202802,0.000744594,7.16E-10,0.053509999,0.338456591
44,1.433333333,1.45,0.361726956,0.066675682,0.012779921,0.000695791,0.319010352,1.08E-08,0.00013221,0.015393811,0.103001079,0.025862201,0.000507722,4.13E-09,7.32E-05,2.58E-07,0.006503549,0.006343484,0.02469542,0.000649992,6.52E-06,0.000350185,0,0,0.002249292,0.002484365,0.999999995,0.079770037,0.001543539,0.381466678,4.52E-05,0.249873371,0.028123698,0.006459047,0.000777635,7.90E-10,0.055600942,0.350394495
45,1.466666667,1.483333333,0.370848821,0.069535833,0.013237359,0.000733054,0.330281581,1.21E-08,0.000139239,0.016034328,0.107819517,0.02687471,0.000536609,4.74E-09,7.76E-05,2.88E-07,0.006742408,0.006588494,0.025574126,0.000680515,6.93E-06,0.000366749,0,0,0.002338323,0.002578646,0.999999996,0.082713845,0.001616717,0.391815733,4.80E-05,0.25752493,0.02913747,0.006725806,0.00081214,8.73E-10,0.057768603,0.362522724
46,1.5,1.516666667,0.380063743,0.072509144,0.013710944,0.00077231,0.341751193,1.35E-08,0.000146641,0.016701043,0.112835009,0.027925723,0.000567139,5.44E-09,8.23E-05,3.22E-07,0.006989979,0.006842901,0.026483249,0.000712469,7.37E-06,0.000384096,0,0,0.002430869,0.002676496,0.999999997,0.085756166,0.001693358,0.402262957,5.09E-05,0.265327916,0.030186649,0.007003505,0.000848175,9.64E-10,0.060015403,0.374828522
47,1.533333333,1.55,0.389365934,0.075599261,0.014201227,0.000813667,0.353408924,1.50E-08,0.000154436,0.017394991,0.118052937,0.029016613,0.000599405,6.24E-09,8.73E-05,3.60E-07,0.007246573,0.007107061,0.027423781,0.000745923,7.84E-06,0.000402264,0,0,0.002527069,0.002778048,0.999999998,0.088899542,0.001773626,0.412799672,5.40E-05,0.273280311,0.031272391,0.007292585,0.000885808,1.06E-09,0.062343805,0.387298255
48,1.566666667,1.583333333,0.398749356,0.078809879,0.014708782,0.000857237,0.365243667,1.68E-08,0.000162646,0.018117242,0.123478579,0.030148796,0.000633506,7.15E-09,9.25E-05,4.02E-07,0.007512516,0.007381343,0.02839674,0.000780947,8.34E-06,0.00042129,0,0,0.002627065,0.002883442,0.999999998,0.092146526,0.001857692,0.423416876,5.73E-05,0.281379767,0.03239588,0.007593506,0.000925109,1.17E-09,0.064756319,0.399917458
49,1.6,1.616666667,0.408207742,0.082144733,0.015234195,0.000903138,0.377243501,1.87E-08,0.000171293,0.018868906,0.129117073,0.03132373,0.000669545,8.21E-09,9.81E-05,4.49E-07,0.007788142,0.007666129,0.029403175,0.000817613,8.86E-06,0.000441216,0,0,0.002731008,0.002992823,0.999999999,0.095499672,0.001945734,0.434105275,6.09E-05,0.289623604,0.033558332,0.007906746,0.000966152,1.30E-09,0.067255494,0.412670896
50,1.633333333,1.65,0.417734606,0.085607588,0.015778077,0.000951494,0.389395728,2.09E-08,0.000180398,0.01965113,0.134973395,0.032542916,0.000707634,9.41E-09,0.000104013,5.01E-07,0.008073798,0.007961815,0.030444163,0.000856,9.42E-06,0.000462084,0,0,0.002839052,0.00310634,0.999999999,0.098961536,0.002037941,0.444855317,6.46E-05,0.298008809,0.034760999,0.0082328,0.001009014,1.43E-09,0.069843917,0.42554263
51,1.666666667,1.683333333,0.427323263,0.089202233,0.016341054,0.001002437,0.401686919,2.33E-08,0.000189988,0.020465107,0.141052318,0.033807899,0.000747887,1.08E-08,0.000110283,5.60E-07,0.008369843,0.00826881,0.031520808,0.000896187,1.00E-05,0.000483939,0,0,0.002951358,0.003224149,0.999999999,0.102534666,0.002134507,0.455657216,6.85E-05,0.306532026,0.036005161,0.008572183,0.001053775,1.58E-09,0.072524214,0.438516089
52,1.7,1.716666667,0.436966842,0.092932478,0.016923772,0.001056104,0.414102963,2.60E-08,0.000200088,0.021312066,0.147358384,0.035120268,0.000790428,1.24E-08,0.000116932,6.26E-07,0.008676648,0.008587539,0.032634247,0.000938259,1.07E-05,0.000506826,0,0,0.003068092,0.00334641,0.999999999,0.1062216,0.00223564,0.466500997,7.28E-05,0.315189561,0.037292133,0.008925431,0.00110052,1.75E-09,0.075299042,0.451574155
53,1.733333333,1.75,0.446658311,0.096802133,0.017526901,0.001112641,0.426629132,2.91E-08,0.000210724,0.022193283,0.153895864,0.036481658,0.000835387,1.42E-08,0.000123981,6.99E-07,0.008994597,0.008918444,0.033785645,0.000982305,1.13E-05,0.000530796,0,0,0.003189429,0.003473292,1,0.110024855,0.002341552,0.477376526,7.72E-05,0.32397738,0.038623264,0.009293099,0.001149336,1.93E-09,0.078171088,0.464699246
54,1.766666667,1.783333333,0.456390493,0.100815011,0.018151126,0.001172201,0.439250137,3.24E-08,0.000221925,0.023110076,0.160668725,0.037893748,0.000882901,1.63E-08,0.000131455,7.81E-07,0.009324088,0.009261981,0.034976198,0.001028416,1.20E-05,0.000555898,0,0,0.003315548,0.003604967,1,0.113946925,0.00245247,0.488273547,8.20E-05,0.33289111,0.039999934,0.009675765,0.001200315,2.13E-09,0.081143068,0.477873414
55,1.8,1.816666667,0.466156087,0.104974905,0.018797158,0.001234946,0.45195021,3.62E-08,0.000233722,0.02406381,0.167680583,0.039358263,0.000933115,1.87E-08,0.000139379,8.72E-07,0.009665531,0.009618622,0.036207132,0.001076689,1.28E-05,0.000582187,0,0,0.003446638,0.003741616,1,0.11799027,0.002568629,0.499181726,8.70E-05,0.341926043,0.041423561,0.010074028,0.001253552,2.35E-09,0.084217716,0.491078435
56,1.833333333,1.85,0.475947689,0.109285586,0.019465728,0.001301045,0.46471317,4.04E-08,0.000246146,0.025055894,0.174934672,0.040876974,0.000986181,2.14E-08,0.000147781,9.74E-07,0.010019352,0.009988858,0.037479704,0.001127225,1.36E-05,0.000609719,0,0,0.003582891,0.003883424,1,0.12215731,0.002690274,0.510090684,9.23E-05,0.351077143,0.04289559,0.01048851,0.001309147,2.60E-09,0.087397786,0.504295918
57,1.866666667,1.883333333,0.485757817,0.113750783,0.020157589,0.001370676,0.477522513,4.51E-08,0.00025923,0.026087785,0.182433797,0.042451697,0.001042263,2.46E-08,0.00015669,1.09E-06,0.010385988,0.010373195,0.038795203,0.001180131,1.45E-05,0.000638551,0,0,0.003724511,0.004030584,1,0.126450418,0.002817664,0.520990039,9.80E-05,0.360339051,0.044417507,0.010919858,0.001367205,2.87E-09,0.090686045,0.5175074
58,1.9,1.916666667,0.495578931,0.118374174,0.020873517,0.001444029,0.490361488,5.03E-08,0.000273009,0.027160989,0.190180294,0.044084296,0.00110153,2.82E-08,0.000166135,1.22E-06,0.010765895,0.01077216,0.040154949,0.001235517,1.54E-05,0.000668746,0,0,0.003871707,0.004183298,1,0.130871909,0.002951068,0.531869448,0.000103984,0.369706093,0.045990825,0.011368741,0.001427833,3.16E-09,0.094085267,0.53069445
59,1.933333333,1.95,0.505403459,0.123159368,0.021614311,0.001521302,0.503213191,5.62E-08,0.000287521,0.028277062,0.198175991,0.045776679,0.001164164,3.23E-08,0.00017615,1.36E-06,0.011159541,0.011186295,0.041560292,0.001293498,1.64E-05,0.000700368,0,0,0.004024697,0.004341773,1,0.135424036,0.003090769,0.542718641,0.000110362,0.379172295,0.047617095,0.011835855,0.001491147,3.49E-09,0.097598227,0.543838775
60,1.966666667,1.983333333,0.515223815,0.128109891,0.022380794,0.001602703,0.51606065,6.27E-08,0.000302803,0.029437607,0.206422162,0.047530802,0.001230355,3.71E-08,0.000186769,1.52E-06,0.011567413,0.011616165,0.043012615,0.001354197,1.74E-05,0.000733484,0,0,0.004183707,0.004506224,1,0.140108976,0.003237061,0.553527463,0.000117131,0.388731389,0.0492979,0.012321923,0.001557263,3.86E-09,0.101227698,0.556922321
61,2,2.016666667,0.525032429,0.133229171,0.023173815,0.001688452,0.528886914,7.00E-08,0.000318898,0.030644281,0.214919488,0.049348665,0.001300304,4.25E-08,0.000198027,1.70E-06,0.011990011,0.012062353,0.044513332,0.001417741,1.85E-05,0.000768165,0,0,0.004348971,0.004676874,1,0.14492882,0.003390255,0.564285911,0.000124315,0.398376833,0.051034855,0.012827693,0.001626306,4.26E-09,0.10497644,0.569927365
62,2.033333333,2.05,0.534821766,0.138520517,0.023994245,0.001778781,0.541675146,7.82E-08,0.000335848,0.031898792,0.223668017,0.051232314,0.001374224,4.88E-08,0.000209964,1.89E-06,0.012427854,0.012525462,0.046063889,0.001484261,1.97E-05,0.000804484,0,0,0.004520735,0.004853956,1,0.149885569,0.003550672,0.574984173,0.000131939,0.408101822,0.052829609,0.013353943,0.001698405,4.70E-09,0.108847196,0.582836617
63,2.066666667,2.083333333,0.54458435,0.143987105,0.024842983,0.001873933,0.554408708,8.72E-08,0.000353698,0.0332029,0.232667125,0.05318384,0.001452341,5.60E-08,0.00022262,2.12E-06,0.012881478,0.013006116,0.047665764,0.001553898,2.09E-05,0.000842518,0,0,0.00469925,0.005037709,1,0.154981118,0.003718652,0.585612655,0.000140031,0.417899309,0.054683842,0.013901477,0.001773694,5.19E-09,0.112842682,0.595633306
64,2.1,2.116666667,0.554312787,0.149631955,0.025720951,0.001974166,0.567071245,9.74E-08,0.000372497,0.034558422,0.241915478,0.055205378,0.001534891,6.42E-08,0.000236039,2.36E-06,0.013351435,0.013504964,0.049320463,0.001626797,2.23E-05,0.00088235,0,0,0.004884779,0.005228381,1,0.160217249,0.003894547,0.596162024,0.00014862,0.427762021,0.056599267,0.014471133,0.001852315,5.73E-09,0.116965581,0.608301262
65,2.133333333,2.15,0.563999788,0.155457916,0.026629101,0.002079748,0.579646775,1.09E-07,0.000392295,0.035967224,0.251411,0.057299106,0.001622126,7.36E-08,0.000250266,2.64E-06,0.013838297,0.014022673,0.051029527,0.00170311,2.37E-05,0.000924063,0,0,0.005077596,0.00542623,1,0.165595618,0.004078729,0.606623234,0.000157735,0.437682483,0.058577627,0.015063775,0.001934414,6.33E-09,0.121218535,0.620824995
66,2.166666667,2.183333333,0.573638189,0.16146764,0.027568407,0.002190964,0.592119759,1.21E-07,0.000413144,0.03743123,0.26115084,0.059467242,0.00171431,8.45E-08,0.000265351,2.95E-06,0.014342655,0.014559935,0.052794525,0.001782996,2.52E-05,0.000967746,0,0,0.005277984,0.005631525,1,0.171117746,0.004271583,0.616987553,0.000167409,0.447653035,0.060620694,0.015680301,0.002020145,6.99E-09,0.125604134,0.633189765
67,2.2,2.216666667,0.583220973,0.167663567,0.028539875,0.002308114,0.604475181,1.35E-07,0.000435101,0.038952419,0.271131344,0.061712047,0.001811723,9.69E-08,0.000281345,3.29E-06,0.014865118,0.015117466,0.054617056,0.001866622,2.68E-05,0.001013491,0,0,0.005486237,0.00584454,1,0.176785006,0.004473516,0.627246598,0.000177676,0.457665857,0.062730271,0.016321643,0.002109667,7.72E-09,0.130124905,0.64538164
68,2.233333333,2.25,0.592741287,0.1740479,0.029544536,0.002431513,0.616698612,1.51E-07,0.000458224,0.040532826,0.281348031,0.064035821,0.001914662,1.11E-07,0.000298303,3.68E-06,0.015406315,0.015696006,0.056498751,0.001954163,2.85E-05,0.001061397,0,0,0.005702659,0.006065564,1,0.182598611,0.004684949,0.637392348,0.000188573,0.467712997,0.064908188,0.016988763,0.002203147,8.52E-09,0.134783308,0.657387552
69,2.266666667,2.283333333,0.602192465,0.180622581,0.030583449,0.002561492,0.628776277,1.69E-07,0.000482576,0.04217454,0.291795577,0.066440902,0.002023437,1.27E-07,0.000316282,4.11E-06,0.015966896,0.01629632,0.058441268,0.002045801,3.03E-05,0.001111565,0,0,0.005927568,0.006294893,1,0.188559608,0.004906326,0.647417175,0.000200138,0.477786387,0.067156302,0.017682661,0.00230076,9.41E-09,0.139581719,0.669195339
70,2.3,2.316666667,0.611568042,0.187389274,0.031657704,0.002698401,0.640695105,1.88E-07,0.000508221,0.043879708,0.302467796,0.06892966,0.002138378,1.46E-07,0.000335345,4.59E-06,0.016547532,0.0169192,0.060446292,0.002141727,3.22E-05,0.001164101,0,0,0.006161292,0.006532836,1,0.194668859,0.00513811,0.657313857,0.000212413,0.487877879,0.069476494,0.018404369,0.002402687,1.04E-08,0.144522424,0.680793781
71,2.333333333,2.35,0.620861773,0.194349341,0.032768416,0.002842606,0.652442782,2.10E-07,0.000535228,0.045650532,0.313357636,0.071504503,0.002259834,1.68E-07,0.000355556,5.13E-06,0.017148915,0.017565462,0.062515538,0.002242141,3.42E-05,0.001219117,0,0,0.006404173,0.006779712,1,0.200927033,0.005380784,0.667075598,0.000225439,0.497979261,0.071870672,0.01915496,0.002509119,1.15E-08,0.149607604,0.692172627
72,2.366666667,2.383333333,0.630067647,0.201503816,0.033916733,0.002994495,0.664007789,2.35E-07,0.00056367,0.04748927,0.324457175,0.074167866,0.002388172,1.92E-07,0.000376985,5.73E-06,0.017771759,0.018235951,0.064650746,0.002347252,3.64E-05,0.001276731,0,0,0.006656564,0.007035851,1,0.207334599,0.005634856,0.676696039,0.000239265,0.508082294,0.074340762,0.019935541,0.002620253,1.27E-08,0.154839326,0.703322611
73,2.4,2.416666667,0.639179897,0.20885339,0.035103831,0.003154474,0.675379439,2.62E-07,0.000593622,0.049398237,0.335757624,0.076922215,0.00252378,2.21E-07,0.000399705,6.40E-06,0.0184168,0.018931541,0.066853682,0.002457278,3.87E-05,0.001337063,0,0,0.006918833,0.007301596,1,0.213891806,0.005900853,0.686169267,0.000253938,0.51817873,0.076888712,0.020747258,0.002736296,1.40E-08,0.16021953,0.714235464
74,2.433333333,2.45,0.648193021,0.216398382,0.036330915,0.003322971,0.686547899,2.92E-07,0.000625165,0.051379801,0.347249342,0.079770037,0.002667067,2.53E-07,0.000423794,7.15E-06,0.019084799,0.019653131,0.069126133,0.002572448,4.11E-05,0.001400242,0,0,0.00719136,0.007577301,1,0.220598678,0.006179328,0.695489826,0.000269511,0.528260343,0.079516489,0.021591297,0.002857463,1.54E-08,0.165750017,0.724903912
75,2.466666667,2.483333333,0.657101782,0.224138721,0.037599221,0.003500436,0.697504213,3.26E-07,0.000658382,0.053436385,0.35892185,0.082713845,0.002818467,2.90E-07,0.000449333,7.99E-06,0.019776539,0.020401654,0.071469912,0.002693002,4.37E-05,0.001466402,0,0,0.007474541,0.007863335,1,0.227455004,0.00647086,0.704652719,0.000286038,0.538318956,0.082226074,0.022468886,0.002983979,1.70E-08,0.171432436,0.735321669
76,2.5,2.516666667,0.665901227,0.232073927,0.038910016,0.003687345,0.708240309,3.64E-07,0.000693364,0.055570466,0.370763857,0.085756166,0.002978436,3.33E-07,0.000476411,8.92E-06,0.020492828,0.02117807,0.073886851,0.002819189,4.65E-05,0.001535683,0,0,0.007768786,0.008160077,1,0.234460324,0.006776052,0.713653414,0.000303579,0.548346466,0.085019462,0.023381293,0.00311608,1.88E-08,0.177268271,0.745483427
77,2.533333333,2.55,0.674586688,0.240203089,0.040264596,0.003884194,0.718749009,4.07E-07,0.000730202,0.057784573,0.382763294,0.088899542,0.003147455,3.82E-07,0.00050512,9.97E-06,0.021234498,0.02198337,0.076378802,0.002951271,4.95E-05,0.001608232,0,0,0.00807452,0.008467922,1,0.241613922,0.007095535,0.722487838,0.000322195,0.558334873,0.087898659,0.024329828,0.003254009,2.08E-08,0.183258827,0.755384831
78,2.566666667,2.583333333,0.683153792,0.248524848,0.041664289,0.00409151,0.72902402,4.54E-07,0.000768997,0.060081285,0.394907355,0.092146526,0.003326034,4.38E-07,0.000535559,1.11E-05,0.022002407,0.022818578,0.078947634,0.003089523,5.26E-05,0.001684203,0,0,0.008392184,0.008787278,1,0.248914814,0.007429969,0.73115238,0.000341952,0.568276299,0.090865677,0.025315846,0.003398023,2.29E-08,0.189405222,0.765022455
79,2.6,2.616666667,0.691598464,0.257037378,0.043110453,0.004309842,0.739059933,5.07E-07,0.000809851,0.06246323,0.407182538,0.095499672,0.003514709,5.02E-07,0.00056783,1.24E-05,0.022797439,0.023684749,0.081595229,0.00323423,5.59E-05,0.001763756,0,0,0.008722235,0.009118567,1,0.256361743,0.007780042,0.739643883,0.000362921,0.578163019,0.093922534,0.026340745,0.003548389,2.53E-08,0.195708366,0.774393773
80,2.633333333,2.65,0.699916931,0.265738375,0.044604477,0.004539773,0.748852202,5.65E-07,0.000852873,0.064933084,0.419574704,0.098961536,0.003714047,5.76E-07,0.000602045,1.39E-05,0.023620506,0.024582973,0.084323486,0.003385691,5.95E-05,0.00184706,0,0,0.009065148,0.009462226,1,0.263953171,0.008146474,0.747959637,0.000385174,0.587987481,0.097071248,0.02740597,0.003705383,2.80E-08,0.202168954,0.783497117
81,2.666666667,2.683333333,0.708105722,0.274625039,0.04614778,0.004781911,0.758397126,6.31E-07,0.000898179,0.067493569,0.432069136,0.102534666,0.003924646,6.61E-07,0.000638319,1.55E-05,0.024472543,0.02551437,0.087134312,0.00354422,6.32E-05,0.001934291,0,0,0.009421415,0.00981871,1,0.271687267,0.008530016,0.756097372,0.000408792,0.597742328,0.100313835,0.028513012,0.003869296,3.09E-08,0.208787451,0.79233164
82,2.7,2.716666667,0.716161675,0.283694064,0.047741813,0.005036899,0.767691827,7.05E-07,0.000945889,0.070147446,0.444650604,0.1062216,0.004147137,7.58E-07,0.000676779,1.73E-05,0.025354517,0.026480098,0.090029621,0.003710145,6.72E-05,0.002025633,0,0,0.009791545,0.010188485,1,0.279561907,0.008931453,0.764055244,0.000433857,0.60742042,0.103652303,0.029663408,0.004040431,3.41E-08,0.215564078,0.800897276
83,2.733333333,2.75,0.724081927,0.292941629,0.049388056,0.005305411,0.77673422,7.86E-07,0.000996131,0.072897516,0.457303435,0.110024855,0.004382186,8.70E-07,0.000717553,1.94E-05,0.026267421,0.027481349,0.093011333,0.003883807,7.15E-05,0.00212128,0,0,0.010176067,0.010572037,1,0.287574667,0.009351605,0.771831825,0.000460458,0.617014854,0.107088651,0.030858744,0.004219102,3.77E-08,0.222498802,0.809194689
84,2.766666667,2.783333333,0.731863918,0.302363394,0.05108802,0.005588157,0.785522978,8.78E-07,0.001049039,0.075746619,0.470011593,0.113946925,0.004630494,9.97E-07,0.000760783,2.16E-05,0.027212277,0.028519349,0.09608137,0.004065565,7.60E-05,0.002221432,0,0,0.010575527,0.010969869,1,0.295722817,0.009791325,0.779426089,0.000488689,0.626518981,0.110624864,0.032100654,0.00440564,4.16E-08,0.229591322,0.817225227
85,2.8,2.816666667,0.739505386,0.311954491,0.052843245,0.005885882,0.794057499,9.80E-07,0.001104754,0.078697622,0.482758754,0.11799027,0.004892804,1.14E-06,0.000806614,2.42E-05,0.028190137,0.029595362,0.099241652,0.004255792,8.08E-05,0.002326302,0,0,0.010990495,0.011382499,1,0.304003321,0.010251508,0.786837397,0.000518651,0.63592642,0.114262904,0.033390823,0.004600387,4.59E-08,0.236841058,0.824990878
86,2.833333333,2.85,0.747004365,0.321709527,0.0546553,0.006199371,0.802337868,1.09E-06,0.001163424,0.081753424,0.495528394,0.12215731,0.005169896,1.31E-06,0.000855205,2.70E-05,0.02920208,0.03071069,0.102494096,0.004454881,8.60E-05,0.002436111,0,0,0.011421557,0.011810464,1,0.312412834,0.010733084,0.794065478,0.000550448,0.64523108,0.118004711,0.034730985,0.004803701,5.07E-08,0.24424714,0.832494213
87,2.866666667,2.883333333,0.754359175,0.331622583,0.056525785,0.006529446,0.810364816,1.22E-06,0.001225207,0.084916945,0.50830387,0.126450418,0.005462594,1.51E-06,0.00090672,3.02E-05,0.030249218,0.031866669,0.105840606,0.004663239,9.14E-05,0.00255109,0,0,0.011869323,0.012254321,1,0.320947703,0.011237027,0.801110417,0.000584194,0.654427164,0.121852196,0.036122925,0.005015956,5.60E-08,0.251808397,0.839738344
88,2.9,2.916666667,0.761568419,0.341687224,0.058456325,0.006876975,0.81813968,1.36E-06,0.001290266,0.088191124,0.52106851,0.130871909,0.005771767,1.73E-06,0.000961335,3.37E-05,0.031332693,0.033064676,0.109283079,0.004881294,9.72E-05,0.002671481,0,0,0.012334424,0.012714645,1,0.329603967,0.011764349,0.807972633,0.000620007,0.663509186,0.125807232,0.03756848,0.005237539,6.18E-08,0.259523351,0.846726867
89,2.933333333,2.95,0.768630974,0.351896502,0.060448575,0.007242866,0.825664358,1.52E-06,0.001358775,0.091578913,0.533805697,0.135424036,0.006098331,1.98E-06,0.001019236,3.76E-05,0.032453678,0.034306125,0.11282339,0.005109494,0.00010335,0.002797538,0,0,0.012817513,0.013192028,1,0.33837736,0.012316108,0.814652863,0.000658014,0.672471981,0.129871654,0.039069538,0.005468858,6.82E-08,0.267390201,0.853463821
90,2.966666667,2.983333333,0.775545988,0.36224297,0.062504216,0.007628074,0.832941268,1.70E-06,0.001430917,0.095083271,0.546498959,0.140108976,0.006443253,2.27E-06,0.001080621,4.21E-05,0.033613376,0.03559247,0.116463396,0.005348304,0.000109894,0.002929525,0,0,0.013319268,0.013687088,1,0.347263314,0.012893408,0.821152143,0.000698349,0.681310708,0.13404725,0.040628039,0.005710334,7.53E-08,0.275406824,0.859953637
91,3,3.016666667,0.782312862,0.372718698,0.064624953,0.008033604,0.839973304,1.89E-06,0.001506883,0.098707155,0.559132051,0.14492882,0.00680755,2.61E-06,0.001145698,4.70E-05,0.034813023,0.036925203,0.120204928,0.005598213,0.000116853,0.00306772,0,0,0.01384039,0.014200458,1,0.356256969,0.013497398,0.827471787,0.000741155,0.69002086,0.138335755,0.042245976,0.005962408,8.32E-08,0.283570762,0.86620109
92,3.033333333,3.05,0.788931249,0.383315291,0.066812518,0.008460509,0.846763795,2.12E-06,0.001586875,0.102453518,0.571689034,0.149885569,0.007192295,2.99E-06,0.00121469,5.25E-05,0.036053888,0.038305858,0.124049784,0.005859731,0.000124253,0.003212413,0,0,0.014381603,0.014732796,1,0.365353175,0.014129278,0.833613372,0.000786583,0.698598267,0.142738844,0.043925395,0.00622554,9.19E-08,0.291879222,0.872211259
93,3.066666667,3.083333333,0.795401041,0.394023912,0.069068664,0.008909896,0.85331646,2.36E-06,0.001671107,0.106325297,0.584154364,0.154981118,0.007598618,3.43E-06,0.001287831,5.86E-05,0.037337272,0.039736006,0.127999729,0.006133391,0.000132121,0.003363908,0,0,0.01494366,0.01528478,1,0.374546501,0.014790295,0.839578717,0.000834793,0.707039098,0.147258129,0.045668393,0.006500209,1.01E-07,0.300329067,0.877989483
94,3.1,3.116666667,0.801722359,0.404835304,0.071395168,0.009382927,0.859635368,2.64E-06,0.001759802,0.110325408,0.596512956,0.160217249,0.008027711,3.93E-06,0.00136537,6.55E-05,0.038664506,0.041217261,0.132056486,0.006419748,0.000140487,0.003522522,0,0,0.015527336,0.015857113,1,0.383831251,0.015481751,0.845369862,0.000885955,0.715339863,0.151895146,0.047477119,0.006786913,1.12E-07,0.308916817,0.883541319
95,3.133333333,3.15,0.807895543,0.415739825,0.073793826,0.009880821,0.865724902,2.94E-06,0.001853196,0.114456735,0.608750258,0.165595618,0.008480827,4.51E-06,0.001447571,7.32E-05,0.040036958,0.042751274,0.13622173,0.006719384,0.000149383,0.003688588,0,0,0.016133436,0.016450518,1,0.393201467,0.016205001,0.850989053,0.00094025,0.723497412,0.156651355,0.049353777,0.007086173,1.24E-07,0.317638649,0.888872504
96,3.166666667,3.183333333,0.813921139,0.426727471,0.076266453,0.010404858,0.871589713,3.28E-06,0.001951536,0.118722123,0.620852319,0.171117746,0.008959288,5.17E-06,0.001534714,8.17E-05,0.041456026,0.04433974,0.140497084,0.007032906,0.000158842,0.003862452,0,0,0.016762793,0.017065744,1,0.402650951,0.016961457,0.856438723,0.000997869,0.731508931,0.161528129,0.05130062,0.00739853,1.37E-07,0.326490393,0.893988923
97,3.2,3.216666667,0.819799891,0.437787918,0.07881488,0.010956379,0.877234688,3.67E-06,0.002055085,0.123124365,0.632805839,0.176785006,0.009464485,5.93E-06,0.001627093,9.13E-05,0.042923142,0.045984391,0.144884116,0.007360949,0.0001689,0.004044478,0,0,0.017416265,0.017703565,1,0.412173272,0.017752587,0.861721471,0.001059015,0.739371941,0.166526744,0.053319952,0.007724549,1.51E-07,0.33546754,0.898896571
98,3.233333333,3.25,0.825532727,0.448910555,0.081440955,0.011536794,0.882664915,4.09E-06,0.002164115,0.127666196,0.644598229,0.182598611,0.009997881,6.80E-06,0.001725024,0.000101976,0.044439772,0.047687002,0.149384324,0.007704175,0.000179595,0.004235045,0,0,0.018094744,0.018364779,1,0.421761788,0.01857992,0.86684005,0.001123904,0.747084293,0.171648379,0.055414127,0.008064816,1.66E-07,0.344565242,0.903601524
99,3.266666667,3.283333333,0.831120752,0.460084525,0.084146536,0.012147579,0.887885646,4.57E-06,0.002278917,0.132350279,0.656217649,0.188559608,0.010561018,7.80E-06,0.001828838,0.000113916,0.046007415,0.049449385,0.153999138,0.008063274,0.000190967,0.004434552,0,0,0.018799148,0.019050209,1,0.431409659,0.019445047,0.871797347,0.001192764,0.754644158,0.176894102,0.057585549,0.008419946,1.84E-07,0.353778319,0.90810991
100,3.3,3.316666667,0.836565231,0.471298765,0.086933494,0.012790282,0.892902271,5.10E-06,0.002399795,0.137179196,0.667653049,0.194668859,0.011155517,8.95E-06,0.001938887,0.000127253,0.0476276,0.051273395,0.158729912,0.008438969,0.000203059,0.004643414,0,0,0.019530428,0.019760707,1,0.441109868,0.020349621,0.876596365,0.001265837,0.762050025,0.182264864,0.059836669,0.008790575,2.03E-07,0.363101268,0.91242788
101,3.333333333,3.35,0.841867583,0.482542051,0.089803706,0.013466525,0.897720281,5.69E-06,0.002527067,0.142155434,0.678894199,0.200927033,0.011783082,1.03E-05,0.002055545,0.000142152,0.049301893,0.053160923,0.163577913,0.008832013,0.000215916,0.004862065,0,0,0.020289566,0.02049715,1,0.450855239,0.021295362,0.881240212,0.001343381,0.76930069,0.187761493,0.062169984,0.009177367,2.24E-07,0.372528271,0.91656159
102,3.366666667,3.383333333,0.847029364,0.493803042,0.092759055,0.014178009,0.902345248,6.35E-06,0.002661072,0.147281374,0.689931712,0.207334599,0.012445507,1.18E-05,0.002179207,0.000158794,0.05103189,0.055113901,0.168544319,0.009243192,0.000229587,0.005090958,0,0,0.021077577,0.021260444,1,0.46063846,0.022284055,0.885732085,0.001425669,0.776395246,0.193384685,0.064588035,0.009581014,2.47E-07,0.382053207,0.920517172
103,3.4,3.416666667,0.852052264,0.505070324,0.095801424,0.014926514,0.906782797,7.09E-06,0.002802162,0.152559277,0.700757058,0.213891806,0.013144677,1.35E-05,0.002310291,0.000177385,0.052819219,0.057134295,0.173630209,0.009673327,0.000244124,0.00533057,0,0,0.02189551,0.022051522,1,0.470452103,0.023317558,0.890075254,0.001512989,0.783333074,0.199134995,0.067093406,0.010002235,2.73E-07,0.391669663,0.924300718
104,3.433333333,3.45,0.85693809,0.516332458,0.098932698,0.015713906,0.911038578,7.91E-06,0.002950711,0.157991273,0.711362575,0.220598678,0.013882574,1.55E-05,0.002449241,0.000198151,0.054665542,0.059224112,0.178836558,0.010123274,0.00025958,0.005581397,0,0,0.022744445,0.022871347,1,0.480288643,0.024397797,0.89427305,0.001605649,0.790113833,0.205012833,0.06968872,0.010441779,3.02E-07,0.401370952,0.927918263
105,3.466666667,3.483333333,0.861688758,0.527578027,0.102154754,0.016542135,0.915118251,8.83E-06,0.00310711,0.163579347,0.721741474,0.227455004,0.014661278,1.78E-05,0.002596526,0.000221348,0.056572549,0.061385393,0.18416423,0.010593926,0.000276016,0.005843956,0,0,0.0236255,0.023720912,1,0.490140489,0.025526772,0.898328852,0.001703974,0.796737448,0.211018453,0.072376638,0.010900427,3.33E-07,0.411150128,0.931375766
106,3.5,3.516666667,0.866306283,0.538795679,0.105469464,0.017413246,0.919027463,9.86E-06,0.003271772,0.169325322,0.731887826,0.234460324,0.015482976,2.04E-05,0.002752643,0.000247261,0.058541962,0.063620211,0.189613969,0.011086215,0.000293491,0.006118791,0,0,0.024539828,0.02460124,1,0.5,0.026706559,0.902246076,0.00180831,0.803204098,0.217151945,0.075159854,0.011378988,3.68E-07,0.421000003,0.934679101
107,3.533333333,3.55,0.870792766,0.549974177,0.108878687,0.018329375,0.922771831,1.10E-05,0.00344513,0.175230848,0.741796563,0.241613922,0.016349961,2.34E-05,0.00291812,0.000276205,0.060575532,0.065930676,0.195186392,0.011601111,0.000312073,0.006406467,0,0,0.025488618,0.025513385,1,0.509859511,0.02793931,0.906028164,0.001919022,0.809514202,0.223413232,0.078041093,0.011878308,4.06E-07,0.430913168,0.937834037
108,3.566666667,3.583333333,0.87515039,0.56110244,0.112384265,0.019292756,0.926356924,1.23E-05,0.003627641,0.181297387,0.751463455,0.248914814,0.017264643,2.68E-05,0.003093513,0.000308538,0.06267504,0.068318928,0.200881984,0.012139628,0.00033183,0.006707578,0,0,0.026473095,0.026458433,1,0.519711357,0.029227255,0.909678572,0.002036498,0.815668412,0.229802059,0.081023108,0.012399263,4.48E-07,0.440882016,0.940846237
109,3.6,3.616666667,0.879381406,0.572169588,0.115988021,0.020305724,0.929788254,1.37E-05,0.003819782,0.187526198,0.76088509,0.256361743,0.018229548,3.08E-05,0.003279414,0.000344653,0.064842293,0.070787134,0.20670109,0.012702822,0.000352838,0.007022741,0,0,0.027494524,0.0274375,1,0.529547897,0.030572704,0.913200762,0.00216115,0.821667593,0.236317989,0.084108672,0.012942767,4.95E-07,0.450898759,0.943721241
110,3.633333333,3.65,0.883488127,0.583164983,0.119691755,0.021370719,0.933071255,1.53E-05,0.00402206,0.193918323,0.770058853,0.263953171,0.019247325,3.53E-05,0.003476447,0.000384994,0.067079125,0.073337492,0.212643907,0.013291792,0.000375175,0.007352602,0,0,0.028554207,0.028451738,1,0.53936154,0.031978049,0.916598192,0.002293414,0.827512815,0.242960393,0.087300581,0.013509769,5.46E-07,0.460955457,0.946464465
111,3.666666667,3.683333333,0.887472918,0.594078272,0.123497233,0.022490289,0.936211279,1.71E-05,0.004235004,0.200474571,0.778982894,0.271687267,0.020320748,4.05E-05,0.003685275,0.000430056,0.069387394,0.075972223,0.21871048,0.013907685,0.000398926,0.007697837,0,0,0.029653488,0.02950233,1,0.549144761,0.033445766,0.919874311,0.002433753,0.83320534,0.249728447,0.090601638,0.014101255,6.03E-07,0.471044041,0.94908119
112,3.7,3.716666667,0.891338188,0.604899418,0.127406193,0.023667093,0.939213583,1.91E-05,0.004459172,0.207195506,0.787656096,0.279561907,0.021452727,4.64E-05,0.003906598,0.000480389,0.071768982,0.078693571,0.22490069,0.014551696,0.00042418,0.008059151,0,0,0.030793746,0.030590495,1,0.558890132,0.034978413,0.923032547,0.002582658,0.838746605,0.256621128,0.09401466,0.014718251,6.66E-07,0.481156336,0.951576557
113,3.733333333,3.75,0.895086383,0.615618739,0.131420328,0.024903904,0.942083321,2.13E-05,0.004695149,0.214081429,0.796078041,0.287574667,0.022646306,5.32E-05,0.004141157,0.000536609,0.074225795,0.081503801,0.231214253,0.015225068,0.000451032,0.00843728,0,0,0.031976406,0.031717484,1,0.568590341,0.036578635,0.926076301,0.002740648,0.844138215,0.263637202,0.097542462,0.015361824,7.36E-07,0.491284093,0.953955567
114,3.766666667,3.783333333,0.898719977,0.62622694,0.13554129,0.026203614,0.944825538,2.38E-05,0.004943552,0.221132367,0.804248971,0.295722817,0.023904671,6.11E-05,0.004389737,0.000599405,0.076759754,0.084405193,0.237650712,0.015929096,0.000479583,0.008832992,0,0,0.033202931,0.032884583,1,0.578238212,0.038249164,0.929008945,0.002908274,0.849381926,0.270775226,0.101187856,0.016033079,8.12E-07,0.501419009,0.956223075
115,3.8,3.816666667,0.90224147,0.636715139,0.139770679,0.027569237,0.94744516,2.65E-05,0.005205028,0.22834806,0.812169748,0.304003321,0.025231153,7.00E-05,0.004653169,0.000669545,0.079372803,0.087400041,0.244209431,0.016665128,0.000509941,0.00924709,0,0,0.034474827,0.034093117,1,0.587826728,0.039992818,0.93183381,0.003086122,0.854479633,0.278033542,0.104953643,0.016733167,8.97E-07,0.511552758,0.958383788
116,3.833333333,3.85,0.905653375,0.647074898,0.14411004,0.029003911,0.949946994,2.96E-05,0.005480258,0.235727945,0.819841818,0.312412834,0.026629234,8.03E-05,0.004932332,0.000747887,0.082066897,0.09049065,0.250889589,0.017434568,0.000542219,0.009680412,0,0,0.035793641,0.035344441,1,0.597349049,0.041812505,0.934554188,0.00327481,0.859433359,0.285410271,0.108842605,0.017463282,9.90E-07,0.521677021,0.960442266
117,3.866666667,3.883333333,0.908958216,0.657298238,0.148560856,0.030510901,0.952335722,3.30E-05,0.005769958,0.243271145,0.827267165,0.320947703,0.02810255,9.21E-05,0.005228155,0.000835387,0.084844009,0.093679329,0.257690174,0.018238874,0.000576538,0.010133832,0,0,0.037160963,0.036639951,1,0.606798533,0.043711217,0.93717332,0.003474993,0.864245245,0.292903316,0.112857499,0.018224664,1.09E-06,0.531783506,0.962402919
118,3.9,3.916666667,0.91215852,0.667377663,0.153124542,0.032093604,0.954615896,3.69E-05,0.006074878,0.250976459,0.83444827,0.329603967,0.029654897,0.000105685,0.005541621,0.000933115,0.087706117,0.09696839,0.264609981,0.019079565,0.000613029,0.010608262,0,0,0.038578428,0.037981077,1,0.616168749,0.045692039,0.939694399,0.003687369,0.868917533,0.300510352,0.117001048,0.019018599,1.21E-06,0.541863982,0.964270009
119,3.933333333,3.95,0.915256816,0.677306177,0.157802438,0.033755549,0.95679194,4.12E-05,0.006395808,0.258842348,0.841388071,0.33837736,0.031290233,0.000121219,0.005873771,0.001042263,0.09065521,0.100360142,0.271647608,0.019958218,0.000651828,0.011104654,0,0,0.040047711,0.039369285,1,0.625453499,0.047758141,0.942120562,0.003912673,0.873452561,0.308228832,0.12127593,0.019846421,1.33E-06,0.551910301,0.96604765
120,3.966666667,3.983333333,0.918255624,0.687077289,0.162595804,0.035500399,0.958868145,4.59E-05,0.006733578,0.26686693,0.848089921,0.347263314,0.033012683,0.000139036,0.006225705,0.001164164,0.093693282,0.103856886,0.278801447,0.020876474,0.000693081,0.011624,0,0,0.041570534,0.040806081,1,0.634646825,0.049912782,0.944454886,0.004151686,0.877852748,0.316055983,0.125684771,0.020709515,1.47E-06,0.561914427,0.967739808
121,4,4.016666667,0.921157454,0.696685031,0.167505814,0.037331958,0.960848667,5.13E-05,0.007089059,0.275047966,0.854557546,0.356256969,0.03482654,0.000159471,0.006598585,0.001300304,0.096822327,0.107460911,0.286069687,0.021836036,0.000736942,0.012167337,0,0,0.043148659,0.042293004,1,0.643743031,0.052159306,0.946700391,0.004405235,0.882120583,0.323988807,0.130230137,0.021609317,1.63E-06,0.571868462,0.969350305
122,4.033333333,4.05,0.923964802,0.706123957,0.172533545,0.039254165,0.962737532,5.72E-05,0.007463165,0.283382856,0.860795008,0.365353175,0.036736272,0.00018291,0.006993641,0.001452341,0.100044336,0.111174486,0.293450309,0.022838675,0.000783578,0.012735744,0,0,0.044783895,0.043831632,1,0.652736686,0.054501144,0.948860034,0.004674196,0.886258622,0.332024081,0.134914519,0.022547313,1.79E-06,0.581764664,0.970882823
123,4.066666667,4.083333333,0.926680146,0.715389147,0.177679977,0.041271103,0.964538631,6.39E-05,0.007856858,0.291868635,0.866806662,0.374546501,0.038746521,0.000209793,0.007412172,0.001622126,0.103361295,0.114999858,0.300941085,0.023886227,0.000833162,0.013330346,0,0,0.046478092,0.045423582,1,0.66162264,0.056941808,0.950936705,0.004959497,0.890269468,0.340158363,0.139740328,0.023525047,1.98E-06,0.591595481,0.972340899
124,4.1,4.116666667,0.929305939,0.724476206,0.182945979,0.043386994,0.966255725,7.13E-05,0.008271145,0.300501962,0.872597124,0.383831251,0.040862107,0.000240625,0.007855552,0.001811723,0.106775179,0.118939243,0.308539574,0.024980599,0.000885881,0.013952316,0,0,0.048233145,0.047070504,1,0.670396033,0.059484894,0.952933231,0.005262119,0.894155771,0.34838799,0.144709877,0.024544113,2.19E-06,0.601353563,0.973727937
125,4.133333333,4.15,0.931844611,0.733381263,0.188332309,0.045606203,0.967892442,7.96E-05,0.008707086,0.309279124,0.878171232,0.393201467,0.043088028,0.000275988,0.008325232,0.002023437,0.110287951,0.122994819,0.316243126,0.02612377,0.000941932,0.014602876,0,0,0.050050992,0.048774088,1,0.679052297,0.062134074,0.954852369,0.005583103,0.897920216,0.356709085,0.149825378,0.025606167,2.42E-06,0.611031788,0.975047202
126,4.166666667,4.183333333,0.934298564,0.742100961,0.193839601,0.047933235,0.969452282,8.89E-05,0.009165791,0.318196035,0.883534013,0.402650951,0.04542946,0.000316547,0.008822744,0.002259834,0.113901551,0.127168722,0.324048879,0.027317789,0.001001526,0.0152833,0,0,0.051933613,0.050536059,1,0.687587166,0.064893095,0.956696811,0.005923551,0.901565515,0.365117563,0.155088921,0.026712918,2.67E-06,0.620623281,0.976301833
127,4.2,4.216666667,0.936670166,0.75063245,0.199468361,0.050372735,0.970938618,9.92E-05,0.009648426,0.327248229,0.888690652,0.412173272,0.047891759,0.000363063,0.009349707,0.00252378,0.1176179,0.131463036,0.331953762,0.028564781,0.001064887,0.015994915,0,0,0.05388303,0.052358177,1,0.695996679,0.067765777,0.958469179,0.006284627,0.905094397,0.373609134,0.16050247,0.027866137,2.94E-06,0.63012143,0.977494836
128,4.233333333,4.25,0.938961753,0.758973376,0.205218963,0.052929488,0.972354697,0.000110706,0.010156214,0.336430873,0.893646458,0.421761788,0.050480458,0.000416412,0.009907829,0.002818467,0.121438886,0.135879788,0.339954498,0.029866948,0.001132252,0.016739099,0,0,0.055901308,0.05424224,1,0.704277183,0.070756004,0.960172024,0.006667566,0.908509607,0.382179312,0.166067842,0.029067655,3.25E-06,0.639519902,0.978629096
129,4.266666667,4.283333333,0.941175628,0.767121866,0.211091637,0.055608415,0.973703643,0.00012357,0.010690439,0.345738764,0.898406842,0.431409659,0.053201266,0.000477597,0.010498915,0.003147455,0.125366367,0.140420939,0.348047601,0.031226568,0.001203873,0.017517292,0,0,0.057990549,0.056190079,1,0.712425333,0.073867722,0.961807832,0.007073672,0.911813894,0.390823422,0.171786704,0.030319363,3.59E-06,0.64881266,0.979707377
130,4.3,4.316666667,0.943314052,0.775076516,0.217086463,0.058414567,0.974988461,0.000137928,0.011252445,0.35516634,0.902977284,0.441109868,0.056060062,0.000547767,0.011124868,0.003514709,0.129402158,0.145088374,0.356229389,0.032645998,0.001280019,0.018330988,0,0,0.060152898,0.05820356,1,0.720438093,0.077104933,0.963379016,0.007504326,0.915010006,0.399536609,0.177660549,0.031623217,3.96E-06,0.657993973,0.980732323
131,4.333333333,4.35,0.94537925,0.78283637,0.22320337,0.061353126,0.976212037,0.000153955,0.011843642,0.364707687,0.907363314,0.450855239,0.059062895,0.00062824,0.011787696,0.003924646,0.133548033,0.149883898,0.364495981,0.034127677,0.001360974,0.019181743,0,0,0.062390537,0.060284583,1,0.728312733,0.080471686,0.964887924,0.007960988,0.918100687,0.408313847,0.183690691,0.032981235,4.38E-06,0.667058428,0.981706468
132,4.366666667,4.383333333,0.947373406,0.790400906,0.229442123,0.064429394,0.977377144,0.000171843,0.012465509,0.374356549,0.911570486,0.46063846,0.062215971,0.000720527,0.012489517,0.004382186,0.13780571,0.154809223,0.372843304,0.035674123,0.001447042,0.020071175,0,0,0.064705683,0.062435079,1,0.736046829,0.083972071,0.966336832,0.008445203,0.921088667,0.417149952,0.189878249,0.034395499,4.83E-06,0.676000936,0.982632233
133,4.4,4.416666667,0.949298661,0.797770014,0.235802322,0.067648792,0.978486443,0.000191809,0.013119594,0.384106343,0.915604357,0.470452103,0.065525652,0.000826359,0.013232564,0.004892804,0.142176854,0.159865963,0.381267103,0.03728794,0.001538545,0.021000966,0,0,0.06710059,0.06465701,1,0.743638257,0.08761021,0.96772795,0.008958604,0.923976662,0.426039589,0.196224131,0.035868159,5.34E-06,0.684816745,0.983511936
134,4.433333333,4.45,0.951157116,0.804943974,0.242283391,0.071016844,0.979542487,0.000214095,0.01380752,0.393950172,0.919470472,0.480288643,0.068998443,0.000947722,0.01401919,0.005462594,0.146663063,0.165055622,0.389762943,0.038971811,0.001635824,0.021972863,0,0,0.069577544,0.066952368,1,0.751085186,0.091390247,0.969063421,0.009502917,0.926767366,0.434977289,0.202729025,0.03740143,5.89E-06,0.693501439,0.984347791
135,4.466666667,4.483333333,0.952950825,0.811923441,0.248884579,0.074539177,0.980547723,0.000238969,0.014530986,0.403880844,0.923174343,0.490140489,0.072640981,0.001086889,0.014851875,0.006098331,0.151265867,0.170379584,0.398326222,0.040728507,0.001739244,0.022988682,0,0,0.072138862,0.069323173,1,0.758386078,0.09531634,0.970345321,0.010079965,0.929463447,0.443957458,0.209393381,0.038997592,6.50E-06,0.702050947,0.985141912
136,4.5,4.516666667,0.9546818,0.818709416,0.25560495,0.078221502,0.981504496,0.000266732,0.015291772,0.413890888,0.926721435,0.5,0.076460022,0.001246466,0.015733228,0.00680755,0.155986719,0.175839108,0.406952174,0.04256088,0.001849189,0.024050308,0,0,0.07478689,0.071771471,1,0.765539676,0.099392646,0.971575662,0.010691675,0.932067547,0.452974392,0.216217402,0.040658996,7.18E-06,0.71046154,0.985896321
137,4.533333333,4.55,0.956352009,0.825303228,0.26244338,0.082069607,0.982415054,0.00029772,0.016091739,0.423972577,0.930117152,0.509859511,0.080462425,0.001429438,0.016665998,0.007598618,0.160826985,0.181435314,0.415635885,0.044471871,0.001966071,0.025159698,0,0,0.077523998,0.074299333,1,0.772544996,0.103623313,0.972756391,0.011340082,0.934582274,0.462022293,0.22320103,0.042388059,7.93E-06,0.718729835,0.986612945
138,4.566666667,4.583333333,0.957963372,0.831706512,0.269398554,0.086089339,0.983281548,0.000332307,0.016932836,0.434117949,0.933366827,0.519711357,0.084655134,0.001639226,0.017653077,0.008480827,0.165787942,0.187169175,0.424372297,0.0464645,0.002090326,0.026318882,0,0,0.080352581,0.076908852,1,0.779401322,0.108012461,0.973889391,0.012027334,0.937010202,0.47109528,0.230343933,0.044187264,8.76E-06,0.726852792,0.987293627
139,4.6,4.616666667,0.959517766,0.837921184,0.276468957,0.09028659,0.984106036,0.00037091,0.0178171,0.44431883,0.936475707,0.529547897,0.08904516,0.001879745,0.018697507,0.009464485,0.170870768,0.193041509,0.433156227,0.048541878,0.002222415,0.027529964,0,0,0.083275053,0.079602141,1,0.786108194,0.112564173,0.974976484,0.012755698,0.939353867,0.480187406,0.237645491,0.046059166,9.67E-06,0.734827712,0.987940121
140,4.633333333,4.65,0.961017022,0.843949423,0.283652881,0.094667279,0.984890488,0.000413996,0.018746661,0.454566863,0.939448947,0.53936154,0.093639553,0.002155478,0.019802484,0.010561018,0.176076536,0.199052966,0.441982369,0.050707193,0.002362832,0.028795128,0,0,0.086293843,0.082381329,1,0.792665401,0.117282477,0.976019432,0.013527568,0.941615764,0.489292675,0.245104791,0.048006384,1.07E-05,0.742652231,0.988554103
141,4.666666667,4.683333333,0.962462925,0.849793644,0.29094841,0.099237333,0.985636789,0.000462085,0.019723746,0.46485353,0.942291601,0.549144761,0.098445382,0.002471557,0.020971366,0.011783082,0.181406202,0.205204019,0.450845314,0.05296372,0.002512099,0.030116632,0,0,0.089411393,0.085248561,1,0.799072967,0.122171329,0.977019935,0.014345466,0.943798348,0.498405054,0.25272061,0.050031606,1.18E-05,0.750324317,0.989137171
142,4.7,4.716666667,0.963857216,0.855456481,0.298353429,0.10400266,0.986346739,0.000515757,0.020750679,0.475170185,0.945008614,0.558890132,0.103469701,0.002833855,0.022207681,0.013144677,0.186860605,0.21149496,0.459739561,0.055314814,0.002670769,0.031496818,0,0,0.092630153,0.088205993,1,0.805331141,0.127234595,0.977979638,0.015212054,0.945904027,0.507518492,0.26049141,0.052137586,1.30E-05,0.757842261,0.989690846
143,4.733333333,4.75,0.965201589,0.860940761,0.305865616,0.108969135,0.987022059,0.000575659,0.021829891,0.485508077,0.947604818,0.568590341,0.108719522,0.003249087,0.02351513,0.014661278,0.192440454,0.21792588,0.468659527,0.057763909,0.002839433,0.032938107,0,0,0.095952577,0.091255788,1,0.811440392,0.132476036,0.978900127,0.016130133,0.947935166,0.516626937,0.268415325,0.054327143,1.44E-05,0.765204671,0.990216579
144,4.766666667,4.783333333,0.966497695,0.866249491,0.313482443,0.114142562,0.987664394,0.000642514,0.022963914,0.495858385,0.950084927,0.578238212,0.114201777,0.003724935,0.024897593,0.016349961,0.19814632,0.224496672,0.477599566,0.060314515,0.003018716,0.034443004,0,0,0.099381116,0.094400116,1,0.817401389,0.137899282,0.979782933,0.017102659,0.949894081,0.525724347,0.276490159,0.056603161,1.59E-05,0.772410462,0.990715754
145,4.8,4.816666667,0.967747139,0.87138583,0.321201178,0.119528654,0.988275315,0.000717127,0.024155393,0.506212244,0.952453531,0.587826728,0.119923282,0.004270175,0.026359137,0.018229548,0.203978634,0.231207012,0.486553979,0.062970219,0.003209283,0.036014096,0,0,0.102918216,0.097641144,1,0.823214994,0.143507816,0.980629534,0.018132739,0.951783043,0.534804712,0.284713373,0.058968587,1.75E-05,0.779458845,0.991189685
146,4.833333333,4.85,0.968951483,0.876353077,0.329018882,0.125133002,0.988856321,0.000800398,0.025407083,0.516560777,0.954715096,0.597349049,0.125890696,0.004894832,0.027904022,0.020320748,0.209937671,0.238056357,0.495517032,0.065734676,0.003411839,0.037654059,0,0,0.10656631,0.100981038,1,0.828882254,0.149304952,0.981441355,0.019223648,0.953604269,0.543862065,0.293082086,0.061426426,1.93E-05,0.78634932,0.991639629
147,4.866666667,4.883333333,0.970112245,0.881154647,0.336932415,0.130961036,0.989408844,0.00089333,0.026721859,0.526895126,0.956873959,0.606798533,0.132110476,0.005610351,0.029536704,0.022646306,0.216023553,0.245043935,0.504482968,0.068611609,0.003627133,0.03936565,0,0,0.110327812,0.104421955,1,0.834404382,0.155293808,0.982219769,0.020378826,0.955359932,0.552890502,0.301593067,0.063979744,2.14E-05,0.793081663,0.992066777
148,4.9,4.916666667,0.971230899,0.885794056,0.344938435,0.137017997,0.989934252,0.000997042,0.02810271,0.537206481,0.95893433,0.616168749,0.138588829,0.006429789,0.031261844,0.025231153,0.222236232,0.252168737,0.513446021,0.071604803,0.00385596,0.041151715,0,0,0.114205114,0.10796604,1,0.839782751,0.161477287,0.9829661,0.021601891,0.957052151,0.561884193,0.310242735,0.066631662,2.36E-05,0.799655912,0.992472268
149,4.933333333,4.95,0.97230888,0.890274909,0.353033405,0.143308899,0.990433847,0.00111278,0.029552749,0.547486109,0.960900288,0.625453499,0.145331668,0.007368025,0.033084308,0.02810255,0.228575489,0.25942951,0.522400434,0.0747181,0.004099163,0.043015188,0,0,0.118200574,0.111615421,1,0.845018882,0.167858054,0.983681625,0.022896644,0.958682995,0.5708374,0.319027158,0.069385352,2.60E-05,0.806072359,0.992857181
150,4.966666667,4.983333333,0.973347576,0.894600874,0.361213593,0.149838484,0.990908873,0.001241936,0.031075216,0.557725389,0.962775782,0.634646825,0.15234455,0.008442005,0.035009177,0.031290233,0.235040928,0.266824752,0.531340473,0.077955394,0.004357639,0.044959088,0,0,0.122316513,0.115372201,0.999972252,0.850114431,0.174438504,0.984367571,0.024267077,0.960254483,0.579744488,0.327942053,0.072244035,2.87E-05,0.812331534,0.993222548
151,5,5.016666667,0.974348339,0.898775678,0.369475078,0.156611189,0.991360516,0.001386063,0.032673474,0.567915831,0.964564631,0.643743031,0.159632627,0.009671006,0.037041746,0.03482654,0.241631963,0.274352705,0.540260439,0.081320623,0.004632337,0.046986522,0,0,0.126555206,0.119238456,0.999971121,0.85507118,0.181220744,0.985025122,0.025717375,0.961768584,0.588599943,0.336982787,0.075210977,3.17E-05,0.818434193,0.993569346
152,5.033333333,5.05,0.975312478,0.902803087,0.377813759,0.163631101,0.991789908,0.00154689,0.03435102,0.578049113,0.966270528,0.652736686,0.16720059,0.011076929,0.039187529,0.038746521,0.248347819,0.282011352,0.549154686,0.08481776,0.004924267,0.049100683,0,0,0.130918875,0.123216227,0.999969944,0.859891024,0.188206564,0.985655417,0.027251928,0.963227214,0.597398382,0.346144389,0.078289485,3.50E-05,0.824381306,0.993898508
153,5.066666667,5.083333333,0.976241262,0.906686893,0.386225356,0.17090191,0.992198127,0.001726345,0.03611148,0.588117103,0.967897034,0.66162264,0.175052602,0.012684619,0.041452264,0.043088028,0.255187524,0.28979841,0.558017631,0.088450809,0.005234496,0.051304849,0,0,0.135409678,0.127307516,0.999968719,0.864575964,0.195397413,0.986259553,0.028875334,0.96463224,0.606134567,0.355421546,0.081482898,3.87E-05,0.830174045,0.99421092
154,5.1,5.116666667,0.977135923,0.910430907,0.394705425,0.178426869,0.9925862,0.001926578,0.037958616,0.598111883,0.969447586,0.670396033,0.183192245,0.014522221,0.043841912,0.047891759,0.262149904,0.297711332,0.566843773,0.092223793,0.005564161,0.053602384,0,0,0.140029706,0.131514275,0.999967444,0.869128091,0.202794371,0.986838585,0.030592405,0.965985478,0.614803414,0.364808618,0.084794587,4.27E-05,0.835813766,0.994507423
155,5.133333333,5.15,0.977997654,0.914038941,0.403249357,0.186208744,0.992955107,0.002149987,0.039896324,0.608025776,0.970925497,0.679052297,0.191622452,0.016621552,0.046362655,0.053201266,0.269233575,0.305747299,0.575627703,0.096140745,0.005914465,0.055996734,0,0,0.144780968,0.135838406,0.999966117,0.873549582,0.210398125,0.987393529,0.032408174,0.967288695,0.62340001,0.374299647,0.088227943,4.72E-05,0.841302001,0.99478882
156,5.166666667,5.183333333,0.978827611,0.917514804,0.411852394,0.19424977,0.993305781,0.002399239,0.041928636,0.617851364,0.972333958,0.687587166,0.200345448,0.019018505,0.0490209,0.059062895,0.276436945,0.313903224,0.584364115,0.100205694,0.006286683,0.058491427,0,0,0.149665385,0.140281748,0.999964736,0.87784269,0.218208943,0.987925359,0.034327899,0.968543606,0.631919613,0.383888368,0.091786375,5.21E-05,0.846640442,0.995055872
157,5.2,5.216666667,0.979626913,0.920862288,0.420509637,0.202551605,0.993639112,0.00267731,0.044059724,0.627581513,0.973676038,0.695996679,0.209362689,0.02175347,0.051823276,0.065525652,0.283758205,0.322175749,0.593047826,0.104422658,0.006682169,0.061090068,0,0,0.154684781,0.144846071,0.999963299,0.88200973,0.226226652,0.988435016,0.036357069,0.969751881,0.640357672,0.39356822,0.095473298,5.75E-05,0.851830931,0.995309304
158,5.233333333,5.25,0.980396644,0.924085161,0.429216055,0.211115281,0.993955945,0.002987514,0.046293893,0.637209389,0.974954691,0.704277183,0.218674798,0.024871767,0.054776628,0.072640981,0.29119533,0.330561248,0.601673778,0.108795627,0.007102357,0.063796338,0,0,0.159840872,0.149533073,0.999961803,0.886053075,0.234450611,0.988923402,0.038501402,0.970915138,0.648709827,0.403332367,0.099292128,6.35E-05,0.856875445,0.995549802
159,5.266666667,5.283333333,0.981137853,0.927187162,0.437966496,0.21994116,0.994257089,0.003333538,0.048635588,0.646728471,0.976172755,0.712425333,0.228281505,0.028424074,0.057888012,0.080462425,0.298746075,0.339055828,0.610237057,0.113328552,0.007548766,0.066613988,0,0,0.165135255,0.154344366,0.999960247,0.889975145,0.242879693,0.989391386,0.040766858,0.972034949,0.656971919,0.413173712,0.103246272,7.01E-05,0.861776083,0.995778023
160,5.3,5.316666667,0.981851555,0.930171988,0.446755702,0.229028894,0.99454331,0.003719491,0.051089388,0.656132572,0.977332956,0.720438093,0.238181594,0.032466847,0.061164691,0.08904516,0.306407974,0.347655335,0.618732897,0.118025328,0.008023006,0.06954684,0,0,0.170569401,0.159281471,0.999958627,0.8937784,0.251512258,0.9898398,0.043159631,0.97311284,0.665139999,0.423084916,0.107339117,7.74E-05,0.866535057,0.995994586
161,5.333333333,5.35,0.982538733,0.933043292,0.455578316,0.238377376,0.994815341,0.004149942,0.053660007,0.665415847,0.978437912,0.728312733,0.248372846,0.037062691,0.064614122,0.098445382,0.314178338,0.356355356,0.627156696,0.122889779,0.008526784,0.072598774,0,0,0.17614464,0.16434581,0.99995694,0.897465334,0.260346141,0.990269446,0.045686158,0.97415029,0.673210329,0.433058418,0.111574023,8.55E-05,0.87115468,0.996200084
162,5.366666667,5.383333333,0.983200337,0.935804678,0.464428901,0.247984706,0.995073878,0.004629978,0.056352288,0.674572806,0.979490135,0.736046829,0.258851994,0.04228067,0.068243945,0.108719522,0.322054258,0.365151225,0.635504019,0.127925639,0.009061907,0.07577373,0,0,0.181862155,0.169538699,0.999955186,0.901038464,0.269378631,0.990681095,0.048353111,0.975148731,0.681179389,0.443086458,0.115954307,9.44E-05,0.875637352,0.996395076
163,5.4,5.416666667,0.983837285,0.938459692,0.473301947,0.257848151,0.995319583,0.005165253,0.059171203,0.683598318,0.980492034,0.743638257,0.269614675,0.048196509,0.072061972,0.119923282,0.330032603,0.374038036,0.643770611,0.133136538,0.009630286,0.079075697,0,0,0.187722969,0.174861335,0.999953359,0.904500328,0.278606457,0.991075487,0.051167401,0.976109554,0.689043878,0.453161102,0.120483235,0.00010421,0.879985552,0.996580097
164,5.433333333,5.45,0.984450466,0.94101182,0.482191889,0.267964118,0.995553087,0.005762054,0.062121845,0.692487624,0.981445918,0.751085186,0.280655395,0.054892639,0.076076164,0.132110476,0.338110024,0.383010643,0.651952399,0.13852598,0.010233946,0.082508707,0,0,0.193727934,0.180314791,0.999951458,0.907853474,0.288025774,0.991453331,0.054136173,0.977034103,0.69680072,0.463274262,0.12516401,0.000115061,0.884201827,0.996755653
165,5.466666667,5.483333333,0.985040737,0.943464486,0.491093119,0.278328118,0.995774992,0.006427363,0.065209427,0.701236335,0.982353998,0.758386078,0.291967502,0.06245804,0.080294616,0.145331668,0.346282958,0.392063677,0.660045502,0.144097325,0.010875031,0.086076828,0,0,0.19987772,0.185900008,0.99994948,0.911100458,0.297632158,0.99181531,0.057266799,0.977923681,0.704447063,0.473417724,0.129999754,0.000127043,0.888288783,0.996922224
166,5.5,5.516666667,0.985608929,0.945821043,0.5,0.28893475,0.995985868,0.007168939,0.068439269,0.709840437,0.983218395,0.765539676,0.303543158,0.070987803,0.084725533,0.159632627,0.354547626,0.401191553,0.668046238,0.149853764,0.011555807,0.089784154,0,0,0.206172808,0.191617784,0.999947421,0.914243834,0.307420596,0.992162079,0.060566872,0.978779551,0.71198028,0.483583177,0.134993499,0.000140272,0.892249072,0.997080269
167,5.533333333,5.55,0.986155843,0.948084778,0.508906881,0.299777682,0.996186259,0.007995387,0.071816796,0.718296293,0.984041137,0.772544996,0.315373333,0.080582333,0.089377201,0.175052602,0.362900045,0.410388484,0.675951121,0.155798304,0.012278669,0.093634795,0,0,0.212613474,0.197468766,0.999945278,0.917286155,0.317385485,0.992494267,0.064044198,0.979602932,0.71939797,0.493762234,0.14014817,0.000154878,0.896085389,0.99723022
168,5.566666667,5.583333333,0.986682253,0.950258903,0.517808111,0.310849636,0.996376683,0.008916254,0.075347524,0.726600638,0.984824166,0.779401322,0.327447798,0.09134613,0.094257957,0.191622452,0.371336028,0.419648495,0.683756874,0.161933741,0.013046153,0.097632868,0,0,0.219199783,0.20345344,0.999943048,0.920229963,0.327520631,0.992812479,0.067706778,0.980395004,0.726697955,0.503946465,0.145466569,0.000171005,0.899800458,0.997372491
169,5.6,5.616666667,0.987188907,0.952346555,0.526698053,0.322142388,0.996557632,0.009942118,0.079037053,0.734750579,0.985569338,0.786108194,0.339755132,0.103386028,0.099376157,0.209362689,0.379851194,0.428965435,0.691460426,0.168262637,0.013860936,0.101782482,0,0,0.225931579,0.209572128,0.999940727,0.923077785,0.337819254,0.993117293,0.071562801,0.98115691,0.733878281,0.514127422,0.150951362,0.000188811,0.903397027,0.997507472
170,5.633333333,5.65,0.987676526,0.954350797,0.535571099,0.333646772,0.996729573,0.011084694,0.082891051,0.74274359,0.98627843,0.792665401,0.352282747,0.116808846,0.104740137,0.228281505,0.388440972,0.438332993,0.699058915,0.174787298,0.014725846,0.106087728,0,0,0.23280847,0.21582497,0.999938312,0.925832134,0.348273999,0.993409267,0.075620618,0.981889753,0.740937213,0.524296669,0.156605059,0.00020847,0.906877861,0.997635535
171,5.666666667,5.683333333,0.988145809,0.956274613,0.544421684,0.345352685,0.996892953,0.012356939,0.086915241,0.750577504,0.986953141,0.799072967,0.365016911,0.131718361,0.110358169,0.248372846,0.397100615,0.447744719,0.706549691,0.181509751,0.015643869,0.110552667,0,0,0.239829826,0.222211927,0.999935797,0.928495497,0.358876942,0.993688933,0.079888726,0.9825946,0.747873232,0.534445807,0.162429997,0.000230176,0.910245733,0.997757034
172,5.7,5.716666667,0.988597427,0.958120911,0.553244298,0.357249111,0.997048196,0.013773172,0.091115387,0.758250508,0.987595092,0.805331141,0.377942794,0.148211571,0.116238414,0.269614675,0.405825202,0.457194033,0.713930313,0.188431716,0.016618158,0.115181309,0,0,0.246994767,0.228732762,0.999933181,0.93107034,0.369619611,0.993956804,0.084375742,0.983272481,0.754685033,0.544566505,0.168428328,0.000254142,0.91350342,0.997872302
173,5.733333333,5.75,0.989032031,0.959892519,0.562033504,0.369324145,0.997195703,0.015349198,0.095497276,0.76576113,0.988205834,0.811440392,0.39104452,0.16637427,0.122388875,0.291967502,0.414609654,0.466674251,0.721198553,0.195554586,0.017652036,0.119977604,0,0,0.254302153,0.23538704,0.999930458,0.933559098,0.380493007,0.994213372,0.089090374,0.983924394,0.761371518,0.554650524,0.174601992,0.000280602,0.916653694,0.997981659
174,5.766666667,5.783333333,0.989450247,0.961592187,0.570783945,0.381565027,0.997335859,0.017102436,0.100066696,0.773108236,0.988786848,0.817401389,0.404305234,0.186275983,0.128817335,0.315373333,0.423448742,0.476178598,0.728352392,0.202879397,0.018749009,0.124945419,0,0,0.261750581,0.24217412,0.999927624,0.935964179,0.391487623,0.994459107,0.094041386,0.984551299,0.767931795,0.564689748,0.180952707,0.000309816,0.919699317,0.998085405
175,5.8,5.816666667,0.989852679,0.963222587,0.579490363,0.393958189,0.997469028,0.019052061,0.104829417,0.780291014,0.989339549,0.823214994,0.417707175,0.207964442,0.135531306,0.339755132,0.432337098,0.485700231,0.735390019,0.210406809,0.019912771,0.130088526,0,0,0.269338372,0.249093143,0.999924674,0.938287953,0.402593478,0.994694463,0.099237565,0.985154125,0.774365168,0.574676205,0.187481946,0.00034207,0.922643041,0.998183829
176,5.833333333,5.85,0.990239912,0.96478631,0.588147606,0.406489303,0.997595557,0.021219138,0.109791167,0.78730896,0.989865286,0.828882254,0.431231767,0.23145984,0.142537955,0.365016911,0.441269232,0.495232255,0.742309826,0.218137082,0.021147212,0.135410577,0,0,0.277063572,0.25614303,0.999921604,0.940532758,0.413800143,0.994919873,0.104687679,0.985733769,0.780671132,0.584602092,0.19419092,0.000377681,0.925487594,0.998277202
177,5.866666667,5.883333333,0.990612508,0.966285874,0.596750643,0.419143339,0.997715774,0.023626773,0.114957605,0.794161874,0.990365348,0.834404382,0.444859712,0.256749219,0.149844044,0.39104452,0.450239538,0.504767745,0.749110411,0.226070047,0.022456426,0.140915088,0,0,0.284923944,0.263322476,0.99991841,0.942700894,0.425096785,0.995135753,0.110400426,0.986291097,0.78684937,0.594459803,0.201080557,0.000416998,0.928235683,0.998365782
178,5.9,5.916666667,0.990971009,0.967723716,0.605294575,0.431904636,0.997829994,0.02630025,0.120334296,0.800849839,0.990840965,0.839782751,0.4585711,0.283781448,0.157455855,0.417707175,0.459242313,0.514299769,0.755790569,0.234205091,0.023844717,0.146605419,0,0,0.292916962,0.270629943,0.999915084,0.944794622,0.436472197,0.995342503,0.11638439,0.986826943,0.792899743,0.604241948,0.208151489,0.000460407,0.930889989,0.998449815
179,5.933333333,5.95,0.99131594,0.969102197,0.613774644,0.444756969,0.997938515,0.029267176,0.125926681,0.807373209,0.991293309,0.845018882,0.472345517,0.31246329,0.165379114,0.444859712,0.468271772,0.523821402,0.762349288,0.24254113,0.025316613,0.152484746,0,0,0.301039811,0.278063655,0.999911624,0.94681616,0.447914847,0.995540503,0.122647982,0.987342112,0.798822284,0.613941372,0.215404028,0.000508331,0.93345316,0.998529533
180,5.966666667,5.983333333,0.991647804,0.970423605,0.622186241,0.457683632,0.998041619,0.032557608,0.131740042,0.813732599,0.991723499,0.850114431,0.486162168,0.342657115,0.173618918,0.472345517,0.477322057,0.533325749,0.768785747,0.251076595,0.026876864,0.158556047,0,0,0.309289384,0.285621596,0.999908022,0.948767686,0.459412921,0.995730123,0.12919938,0.987837383,0.80461719,0.623551179,0.222838151,0.000561241,0.93592781,0.998605157
181,6,6.016666667,0.991967089,0.97169015,0.630524922,0.470667525,0.998139575,0.036204178,0.137779472,0.819928866,0.992132603,0.85507118,0.5,0.374180718,0.182179648,0.5,0.486387257,0.542805967,0.77509931,0.259809409,0.028530458,0.164822069,0,0,0.317662283,0.293301507,0.999904274,0.950651335,0.47095437,0.995911713,0.136046465,0.988313504,0.810284818,0.633064746,0.230453484,0.000619655,0.938316517,0.998676897
182,6.033333333,6.05,0.992274263,0.972903973,0.638786407,0.483691235,0.998232641,0.040242188,0.144049836,0.825963095,0.992521637,0.859891024,0.513837832,0.406809634,0.191064892,0.527654483,0.495461422,0.552255281,0.78128952,0.268736971,0.030282624,0.171285312,0,0,0.326154815,0.301100881,0.999900373,0.952469198,0.482526959,0.996085611,0.143196747,0.988771199,0.815825672,0.642475739,0.238249282,0.000684145,0.94062182,0.998744953
183,6.066666667,6.083333333,0.992569779,0.974067141,0.646966595,0.496737136,0.998321059,0.044709682,0.150555736,0.831836587,0.992891572,0.864575964,0.527654483,0.44028209,0.200277363,0.555140288,0.504538578,0.561667007,0.787356093,0.277856145,0.032138836,0.177948001,0,0,0.334763,0.309016964,0.999896313,0.954223321,0.494118322,0.996252139,0.1506573,0.989211165,0.8212404,0.65177813,0.246224419,0.000755341,0.942846214,0.998809511
184,6.1,6.116666667,0.992854073,0.97518165,0.655061565,0.509787481,0.998405061,0.04964748,0.157301471,0.837550844,0.993243332,0.869128091,0.5414289,0.474306513,0.209818813,0.582292825,0.513612743,0.571034565,0.79329891,0.287163247,0.034104826,0.18481206,0,0,0.343482572,0.317046756,0.999892087,0.955915704,0.505716011,0.996411609,0.158434672,0.989634072,0.826529784,0.660966206,0.254377367,0.00083394,0.944992153,0.998870753
185,6.133333333,6.15,0.993127564,0.976249429,0.663067585,0.5228245,0.998484867,0.055099162,0.164290996,0.843107551,0.993577797,0.873549582,0.555140288,0.508571206,0.219689956,0.60895548,0.522677943,0.580351505,0.799118016,0.296654035,0.036186583,0.191879087,0,0,0.35230898,0.325187005,0.99988769,0.957548303,0.517307553,0.996564317,0.166534812,0.990040569,0.831694734,0.670034582,0.262706188,0.00092071,0.947062042,0.998928848
186,6.166666667,6.183333333,0.993390658,0.977272339,0.670981118,0.535830493,0.998560684,0.061110986,0.171527877,0.848508565,0.993895808,0.87784269,0.568768233,0.542755559,0.229890389,0.634983089,0.531728228,0.589611516,0.804813608,0.306323701,0.03839036,0.199150331,0,0,0.3612374,0.333434218,0.999883113,0.959123026,0.528880497,0.996710547,0.174962983,0.990431279,0.836736278,0.678978207,0.271208519,0.001016499,0.949058242,0.998983957
187,6.2,6.216666667,0.993643745,0.978252175,0.678798822,0.54878793,0.998632714,0.067731737,0.179015251,0.853755901,0.994198164,0.88200973,0.582292825,0.576541951,0.240418513,0.660244868,0.540757687,0.598808447,0.810386031,0.316166874,0.040722677,0.206626666,0,0,0.370262739,0.341784653,0.99987835,0.960641737,0.540422477,0.996850573,0.183723671,0.990806804,0.841655556,0.687792371,0.279881567,0.001122243,0.950983065,0.999036233
188,6.233333333,6.25,0.9938872,0.979190668,0.686517557,0.561679544,0.998701143,0.07501247,0.186755783,0.858851715,0.994485626,0.886053075,0.595694766,0.609627426,0.251271471,0.684626667,0.549760462,0.607936323,0.81583577,0.326177615,0.043190324,0.214308564,0,0,0.379379644,0.350234334,0.999873392,0.962106252,0.551921256,0.996984657,0.192820502,0.991167723,0.846453811,0.696472715,0.288722092,0.001238974,0.952838773,0.999085822
189,6.266666667,6.283333333,0.994121385,0.980089486,0.694134384,0.574488418,0.998766152,0.083006153,0.194751615,0.863798295,0.994758921,0.889975145,0.60895548,0.641734222,0.262445078,0.708032498,0.558730768,0.616989357,0.821163442,0.336349419,0.045800362,0.222196071,0,0,0.388582514,0.358779045,0.999868233,0.963518342,0.563364782,0.997113049,0.202256146,0.991514594,0.851132384,0.705015226,0.29772641,0.001367829,0.954627578,0.999132862
190,6.3,6.316666667,0.99434665,0.980950236,0.701646571,0.587198079,0.99882791,0.091767169,0.203004329,0.868598043,0.995018738,0.8937784,0.622057206,0.672618438,0.273933768,0.730385325,0.567662902,0.625961964,0.826369791,0.346675231,0.048560123,0.230288787,0,0,0.397865511,0.367414344,0.999862863,0.964879732,0.574741236,0.997235989,0.212032232,0.991847954,0.855692704,0.713416243,0.306890382,0.001510066,0.956351643,0.999177484
191,6.333333333,6.35,0.99456333,0.981774467,0.70905159,0.599792574,0.998886581,0.10135068,0.211514897,0.873253466,0.995265738,0.897465334,0.634983089,0.702076285,0.285730548,0.751627154,0.576551258,0.634848775,0.831455681,0.357147447,0.051477205,0.23858584,0,0,0.40722257,0.376135565,0.999857275,0.966192101,0.586039083,0.997353707,0.222149262,0.992168322,0.860136282,0.721672458,0.316209415,0.001667069,0.958013078,0.999219811
192,6.366666667,6.383333333,0.994771749,0.98256367,0.716347119,0.612256548,0.998942319,0.111811812,0.220283641,0.877767164,0.995500544,0.901038464,0.647717253,0.729947718,0.297826962,0.771718495,0.585390346,0.643644644,0.836422087,0.367757934,0.054559473,0.247085865,0,0,0.416647418,0.384937829,0.999851459,0.967457084,0.597247111,0.997466425,0.23260652,0.992476194,0.864464704,0.729780911,0.325678462,0.001840365,0.959613943,0.999259961
193,6.4,6.416666667,0.994972218,0.98331928,0.723531043,0.624575315,0.998995268,0.123204677,0.229310187,0.882141814,0.995723756,0.904500328,0.660244868,0.75611747,0.310213069,0.790637311,0.594174798,0.652344665,0.841270088,0.378498049,0.057815047,0.255786988,0,0,0.426133589,0.393816051,0.999845406,0.96867627,0.60835448,0.997574353,0.243401999,0.992772052,0.868679623,0.737738986,0.335292026,0.00203164,0.961156245,0.999298047
194,6.433333333,6.45,0.995165038,0.984042676,0.730601446,0.63673492,0.99904557,0.135581193,0.23859343,0.886380165,0.995935939,0.907853474,0.672552202,0.780513757,0.322877428,0.808377548,0.602899385,0.660944172,0.846000862,0.389358659,0.061252295,0.264686802,0,0,0.435674435,0.402764951,0.999839106,0.969851204,0.619350757,0.997677694,0.254532324,0.993056357,0.872782755,0.745544411,0.345044161,0.00224275,0.962641941,0.999334174
195,6.466666667,6.483333333,0.995350497,0.984735188,0.73755662,0.648722192,0.999093356,0.148989727,0.248131492,0.89048502,0.996137634,0.911100458,0.684626667,0.803105106,0.335807107,0.824947398,0.611559028,0.669438752,0.850615676,0.40033017,0.064879825,0.273782356,0,0,0.445263153,0.411779067,0.999832549,0.970983387,0.630225952,0.997776642,0.265992682,0.993329555,0.87677587,0.753195246,0.354928486,0.002475741,0.964072937,0.999368443
196,6.5,6.516666667,0.995528875,0.985398093,0.74439505,0.660524795,0.999138751,0.163473544,0.257921688,0.894459233,0.996329357,0.914243834,0.696456842,0.823895812,0.348987699,0.840367373,0.620148806,0.677824251,0.855115884,0.411402552,0.068706463,0.283070143,0,0,0.454892794,0.420852762,0.999825726,0.972074277,0.640970554,0.997871384,0.27777677,0.993592073,0.880660787,0.760689881,0.364938191,0.002732871,0.965451085,0.999400949
197,6.533333333,6.55,0.995700439,0.986032618,0.751115421,0.672131264,0.999181875,0.179069109,0.267960496,0.898305695,0.996511596,0.917286155,0.708032498,0.842920555,0.362403357,0.854668332,0.628663972,0.686096776,0.859502916,0.422565379,0.072741242,0.292546084,0,0,0.46455629,0.429980246,0.999818624,0.97312529,0.651575554,0.997962096,0.289876747,0.993844323,0.884439366,0.768027022,0.375066056,0.003016626,0.96677819,0.999431783
198,6.566666667,6.583333333,0.995865447,0.986639943,0.757716609,0.683531037,0.999222841,0.195804253,0.278243529,0.902027326,0.996684817,0.920229963,0.719344605,0.860238677,0.376036845,0.867889524,0.637099955,0.694252701,0.86377827,0.43380786,0.076993374,0.302205524,0,0,0.474246473,0.43915558,0.999811234,0.974137799,0.662032473,0.998048951,0.302283194,0.994086703,0.888113505,0.775205686,0.385304461,0.003329745,0.968056005,0.99946103
199,6.6,6.616666667,0.996024148,0.987221203,0.764197678,0.694714477,0.999261758,0.213696278,0.288765513,0.905627068,0.996849464,0.923077785,0.730385325,0.875928504,0.389869607,0.880076718,0.645452374,0.702288668,0.867943514,0.445118879,0.081472227,0.312043226,0,0,0.483956092,0.448372697,0.999803542,0.975113138,0.67233338,0.99813211,0.314985099,0.994319593,0.891685135,0.78222519,0.395645408,0.003675245,0.969286232,0.999488774
200,6.633333333,6.65,0.99617678,0.987777488,0.770557877,0.705672889,0.999298727,0.232750045,0.299520271,0.909107875,0.997005959,0.925832134,0.741148006,0.890082026,0.403881846,0.891280478,0.653717042,0.71020159,0.872000271,0.456487043,0.086187295,0.322053371,0,0,0.493677839,0.457625418,0.999795536,0.976052597,0.68247091,0.998211731,0.32796985,0.994543362,0.895156211,0.789085137,0.406080545,0.004056449,0.970470526,0.999515089
201,6.666666667,6.683333333,0.996323575,0.988309843,0.77679663,0.716398521,0.999333846,0.252956163,0.310500713,0.912472706,0.997154702,0.928495497,0.751627154,0.902800143,0.41805263,0.901554618,0.661889976,0.717988648,0.875950216,0.467900718,0.091148161,0.33222956,0,0,0.503404369,0.466907464,0.999787205,0.976957431,0.692438276,0.998287965,0.341223242,0.994758362,0.898528711,0.79578541,0.416601185,0.004477014,0.971610492,0.999540051
202,6.7,6.716666667,0.996464753,0.988819273,0.782913537,0.726884571,0.999367208,0.274289353,0.321698828,0.915724517,0.997296076,0.93107034,0.761818406,0.914188574,0.43236,0.91095484,0.669967397,0.725647295,0.879795072,0.479348084,0.096364459,0.342564818,0,0,0.513128324,0.476212476,0.999778534,0.977828853,0.702229276,0.998360953,0.354729507,0.994964934,0.901804628,0.802326152,0.427198339,0.004940967,0.972707688,0.999563728
203,6.733333333,6.75,0.996600528,0.989306744,0.788908363,0.737125171,0.9993989,0.296707112,0.333105691,0.91886626,0.997430443,0.933559098,0.771718495,0.924354481,0.446781098,0.919537575,0.677945742,0.733175248,0.883536604,0.490817178,0.101845827,0.353051606,0,0,0.522842351,0.485534031,0.99976951,0.97866804,0.711838298,0.998430835,0.368471358,0.995163404,0.904985968,0.80870776,0.437862738,0.005452735,0.973763625,0.999586187
204,6.766666667,6.783333333,0.996731106,0.989773182,0.794781037,0.747115382,0.999429005,0.320148799,0.344711473,0.921900869,0.99755815,0.935964179,0.781325202,0.933403786,0.461292314,0.927359019,0.685821662,0.74057049,0.88717661,0.502295947,0.107601857,0.363681835,0,0,0.532539128,0.494865662,0.999760118,0.979476129,0.72126032,0.998497742,0.382430051,0.995354088,0.908074745,0.814930869,0.44858487,0.00601719,0.974779766,0.99960749
205,6.8,6.816666667,0.996856684,0.990219475,0.800531639,0.756851164,0.999457604,0.344535231,0.356505452,0.924831262,0.997679524,0.938287953,0.790637311,0.941439127,0.475869428,0.934474348,0.693592026,0.747831263,0.890716921,0.513772297,0.11364204,0.374446882,0,0,0.542211388,0.504200871,0.999750344,0.980254225,0.730490909,0.998561801,0.396585467,0.995537287,0.911072977,0.820996339,0.459355008,0.006639687,0.975757533,0.999627697
206,6.833333333,6.85,0.996977453,0.990646475,0.806160399,0.766329359,0.99948477,0.369768905,0.368476048,0.927660329,0.997794879,0.940532758,0.799654552,0.948558374,0.490487774,0.940937105,0.701253925,0.754956065,0.894159394,0.525234142,0.119975702,0.385337612,0,0,0.551851933,0.513533152,0.999740171,0.981003393,0.739526214,0.998623131,0.410916211,0.995713294,0.913982682,0.826905244,0.470163248,0.007326107,0.976698298,0.999646864
207,6.866666667,6.883333333,0.997093595,0.991055002,0.811667691,0.775547653,0.999510577,0.395734898,0.380610848,0.930390935,0.997904511,0.942700894,0.808377548,0.954853638,0.505122407,0.946798734,0.70880467,0.761943643,0.897505904,0.536669461,0.126611937,0.396344403,0,0,0.561453662,0.522856007,0.999729584,0.981724668,0.748362955,0.99868185,0.425399725,0.995882388,0.916805875,0.832658852,0.480999545,0.008082914,0.977603393,0.999665045
208,6.9,6.916666667,0.997205286,0.991445841,0.817054021,0.78450455,0.999535092,0.422302471,0.392896651,0.93302591,0.998008704,0.944794622,0.816807755,0.960410661,0.519748266,0.952108241,0.716241795,0.768792988,0.900758348,0.54806634,0.133559533,0.40745718,0,0,0.571009592,0.532162963,0.999718566,0.982419047,0.756998413,0.998738067,0.440012425,0.996044838,0.919544564,0.838258621,0.491853745,0.008917198,0.978474108,0.99968229
209,6.933333333,6.95,0.997312697,0.991819743,0.822320023,0.793199326,0.999558379,0.449327374,0.405319516,0.935568049,0.998107726,0.94681616,0.824947398,0.965308527,0.534340356,0.956911972,0.723563055,0.775503328,0.90391863,0.55941303,0.140826894,0.418665441,0,0,0.58051287,0.541447593,0.999707099,0.983087498,0.765430414,0.99879189,0.45472984,0.996200904,0.922200748,0.843706176,0.502715632,0.00983674,0.979311687,0.999698647
210,6.966666667,6.983333333,0.997415991,0.99217743,0.827466455,0.801631993,0.999580501,0.476654765,0.417864818,0.938020106,0.998201832,0.948767686,0.83279941,0.969619612,0.548873908,0.961253479,0.730766425,0.78207412,0.906988667,0.570697986,0.148421954,0.429958298,0,0,0.589956803,0.55070353,0.999695166,0.983730954,0.773657313,0.99884342,0.469526775,0.996350834,0.924776413,0.849003304,0.513574955,0.010850066,0.980117339,0.999714163
211,7,7.016666667,0.997515324,0.992519596,0.832494186,0.809803255,0.999601515,0.504122651,0.430517311,0.940384792,0.998291266,0.950651335,0.840367373,0.973409719,0.563324551,0.96517346,0.737850096,0.78850504,0.909970379,0.581909922,0.156352089,0.441324519,0,0,0.599334867,0.559924488,0.999682745,0.984350319,0.781677974,0.998892754,0.484377481,0.996494868,0.927273531,0.854151937,0.524421478,0.011966519,0.980892228,0.99972888
212,7.033333333,7.05,0.997610848,0.992846903,0.837404196,0.817714461,0.999621476,0.531565675,0.443261197,0.942664774,0.99837626,0.952469198,0.84765545,0.976738335,0.577668477,0.968709767,0.744812476,0.794795981,0.912865688,0.593037846,0.164624019,0.452752563,0,0,0.608640728,0.569104275,0.99966982,0.984946465,0.78949175,0.998939987,0.499255829,0.996633236,0.929694058,0.859154137,0.53524501,0.01319632,0.981637484,0.999742839
213,7.066666667,7.083333333,0.997702707,0.993159987,0.842197562,0.825367564,0.999640438,0.558819074,0.456080202,0.94486267,0.998457032,0.954223321,0.854668332,0.979658976,0.591882585,0.97189745,0.751652181,0.800947034,0.915676514,0.60407111,0.173243714,0.464230634,0,0,0.61786826,0.578236813,0.999656367,0.985520237,0.797098461,0.998985206,0.514135495,0.996766159,0.932039927,0.864012088,0.546035447,0.014550646,0.982354195,0.99975608
214,7.1,7.116666667,0.997791043,0.993459458,0.846875458,0.832765071,0.999658451,0.585722617,0.46895766,0.946981051,0.998533792,0.955915704,0.861411171,0.982219589,0.605944635,0.974768847,0.758368037,0.806958491,0.918404771,0.61499944,0.182216289,0.475746724,0,0,0.627011554,0.587316151,0.999642367,0.986072448,0.804498369,0.999028499,0.528990145,0.996893851,0.934313053,0.868728085,0.556782809,0.016041706,0.983043416,0.999768639
215,7.133333333,7.15,0.997875989,0.9937459,0.851439144,0.839909996,0.999675561,0.612124299,0.481876592,0.949022435,0.998606739,0.957548303,0.867889524,0.984462973,0.619833373,0.977353694,0.764959072,0.812830825,0.921052366,0.625812979,0.191545904,0.487288665,0,0,0.636064937,0.59633648,0.999627796,0.986603886,0.811692156,0.999069946,0.543793624,0.997016516,0.936515326,0.873304515,0.567477278,0.017682819,0.983706163,0.999780551
216,7.166666667,7.183333333,0.997957676,0.994019873,0.85588996,0.846805818,0.999691814,0.637883643,0.494819799,0.950989287,0.998676062,0.959123026,0.874109304,0.986427217,0.63352865,0.979679252,0.771424511,0.818564686,0.923621198,0.636502312,0.201235658,0.498844177,0,0,0.645022979,0.605292151,0.999612633,0.98711531,0.818680896,0.999109626,0.558520135,0.997134351,0.938648613,0.877743853,0.578109229,0.019488498,0.984343419,0.999791851
217,7.2,7.216666667,0.998036227,0.994281913,0.860229321,0.853456429,0.999707254,0.662874444,0.507769954,0.952884021,0.998741939,0.960641737,0.880076718,0.988146125,0.647011528,0.981770452,0.777763768,0.824160892,0.926113149,0.647058499,0.211287481,0.510400924,0,0,0.65388051,0.614177681,0.999596851,0.987607455,0.825466033,0.999147615,0.573144421,0.997247545,0.940714752,0.882048649,0.588669268,0.021474532,0.984956133,0.999802568
218,7.233333333,7.25,0.998111762,0.994532534,0.86445871,0.859866098,0.99972192,0.686986867,0.520709689,0.954708993,0.998804543,0.962106252,0.885798223,0.989649628,0.660264368,0.983650039,0.783976447,0.829620416,0.928530088,0.6574731,0.221702039,0.521946564,0,0,0.662632622,0.622987773,0.999580427,0.988081029,0.832049351,0.999183985,0.587641931,0.997356279,0.942715556,0.886221515,0.599148262,0.023658075,0.985545221,0.999812734
219,7.266666667,7.283333333,0.998184397,0.994772228,0.868579672,0.866039418,0.999735852,0.710128845,0.533621697,0.956466507,0.998864035,0.963518342,0.891280478,0.990964176,0.6732709,0.985338722,0.790062329,0.834944378,0.930873867,0.667738191,0.232478628,0.533468802,0,0,0.671274684,0.631717322,0.999563334,0.988536716,0.838432954,0.999218804,0.601988985,0.997460729,0.944652808,0.890265121,0.60953737,0.02605773,0.986111567,0.999822377
220,7.3,7.316666667,0.998254243,0.995001467,0.872593807,0.871981275,0.999749085,0.732226762,0.546488813,0.95815881,0.998920569,0.964879732,0.896530299,0.9921131,0.68601628,0.986855323,0.796021366,0.840134037,0.933146318,0.677846386,0.243615086,0.544955444,0,0,0.679802344,0.640361426,0.999545545,0.988975175,0.844619234,0.999252138,0.616162917,0.997561062,0.946528262,0.894182179,0.619828068,0.028693631,0.986656023,0.999831523
221,7.333333333,7.35,0.998321407,0.995220702,0.876502767,0.877696798,0.999761656,0.753225487,0.559294117,0.959788093,0.998974293,0.966192101,0.901554618,0.993116951,0.698487132,0.988216918,0.80185368,0.845190777,0.935349254,0.687790848,0.255107701,0.556394444,0,0,0.688211533,0.6489154,0.999527032,0.989397044,0.85061085,0.999284051,0.630142209,0.99765744,0.948343641,0.897975438,0.630012179,0.031587521,0.987179413,0.999840198
222,7.366666667,7.383333333,0.998385991,0.995430366,0.880308245,0.883191328,0.999773598,0.773087803,0.572021012,0.96135649,0.999025345,0.967457084,0.906360447,0.993993804,0.710671566,0.989438982,0.807559546,0.850116102,0.937484462,0.6975653,0.266951135,0.567773961,0,0,0.696498474,0.657374777,0.999507765,0.989802936,0.856410703,0.999314603,0.643906611,0.997750018,0.950100636,0.901647677,0.640081892,0.034762829,0.98768253,0.999848427
223,7.4,7.416666667,0.998448094,0.995630872,0.884011979,0.888470381,0.999784941,0.791793351,0.584653314,0.962866082,0.999073859,0.96867627,0.91095484,0.994759542,0.722559191,0.990535515,0.813139395,0.854911626,0.939553708,0.707164028,0.279138361,0.579082401,0,0,0.70465968,0.66573532,0.999487714,0.990193444,0.862021909,0.999343852,0.657437237,0.997838946,0.951800908,0.905201692,0.650029785,0.038244725,0.988166141,0.999856232
224,7.433333333,7.45,0.998507811,0.995822617,0.887615735,0.893539611,0.999795716,0.809337199,0.597175329,0.964318891,0.99911996,0.969851204,0.915344866,0.995428104,0.734141109,0.991519173,0.818593798,0.859579061,0.941558732,0.716581886,0.291660603,0.590308464,0,0,0.712691956,0.673993027,0.999466846,0.99056914,0.867447777,0.999371854,0.670716651,0.997924366,0.953446084,0.908640294,0.659848839,0.042060177,0.988630982,0.999863635
225,7.466666667,7.483333333,0.998565233,0.996005981,0.891121313,0.898404781,0.999805951,0.825728137,0.609571931,0.965716885,0.999163769,0.970983387,0.919537575,0.996011715,0.745409889,0.992401382,0.823923464,0.864120212,0.943501249,0.725814295,0.304507302,0.60144119,0,0,0.7205924,0.682144134,0.999445128,0.990930574,0.87269179,0.999398661,0.683728932,0.998006416,0.955037757,0.911966298,0.669532459,0.046237974,0.989077766,0.999870657
226,7.5,7.516666667,0.998620449,0.996181327,0.894530536,0.903071735,0.999815674,0.840986826,0.621828626,0.967061975,0.999205398,0.972074277,0.923539978,0.996521087,0.756359543,0.997583666,0.829129232,0.868536964,0.945382944,0.734857235,0.317666088,0.612469999,0,0,0.7283584,0.690185122,0.999422527,0.991278278,0.877757576,0.999424325,0.696459716,0.998085229,0.95657749,0.91518252,0.67907448,0.050808737,0.989507178,0.999877318
227,7.533333333,7.55,0.998673542,0.996349003,0.897845246,0.907546365,0.999824909,0.855143885,0.633931616,0.968356021,0.999244956,0.97312529,0.927359019,0.996965602,0.766985477,0.997508056,0.834212058,0.872831278,0.947205475,0.743707244,0.331122784,0.623384726,0,0,0.735987632,0.698112715,0.999399005,0.991612765,0.882648892,0.999448895,0.708896231,0.998160932,0.95806681,0.918291768,0.688469179,0.055804897,0.98991988,0.999883635
228,7.566666667,7.583333333,0.998724595,0.996509343,0.901067302,0.911834595,0.999833682,0.868238007,0.645867856,0.969600826,0.999282547,0.974137799,0.931001557,0.99735347,0.77728444,0.997430085,0.839173015,0.877005181,0.948970473,0.7523614,0.344861414,0.634175656,0,0,0.743478057,0.705923888,0.999374526,0.991934529,0.887369605,0.999472416,0.721027304,0.998233647,0.959507211,0.921296838,0.697711284,0.061260635,0.990316508,0.999889627
229,7.6,7.616666667,0.998773685,0.996662664,0.904198576,0.915942348,0.999842015,0.88031416,0.657625095,0.970798139,0.999318267,0.975113138,0.934474348,0.997691874,0.787254466,0.997349682,0.844013281,0.881060757,0.950679537,0.760817316,0.358864243,0.644833555,0,0,0.750827915,0.713615862,0.99934905,0.992244045,0.891923669,0.999494934,0.73284336,0.998303492,0.960900154,0.924200511,0.706795975,0.067211783,0.990697677,0.999895311
230,7.633333333,7.65,0.998820888,0.996809273,0.907240945,0.919875532,0.999849931,0.891421929,0.669191922,0.971949659,0.99935221,0.976052597,0.937784029,0.997987095,0.796894798,0.99726677,0.848734133,0.885000142,0.952334236,0.769073118,0.373111834,0.655349696,0,0,0.758035721,0.721186106,0.999322538,0.992541772,0.89631511,0.999516491,0.7443364,0.99837058,0.962247065,0.927005544,0.715718885,0.073695668,0.991063977,0.999900702
231,7.666666667,7.683333333,0.998866276,0.996949461,0.910196294,0.923640019,0.99985745,0.901614026,0.680557794,0.97305703,0.999384464,0.976957431,0.940937105,0.998244622,0.806205824,0.997181271,0.853336937,0.888825514,0.953936111,0.777127433,0.387583127,0.665715881,0,0,0.765100257,0.728632336,0.999294946,0.992828153,0.900548012,0.999537129,0.755499968,0.998435019,0.963549337,0.929714668,0.724476104,0.080750901,0.991415978,0.999905815
232,7.7,7.716666667,0.998909919,0.997083508,0.913066506,0.927241629,0.999864593,0.91094498,0.691713059,0.974121849,0.999415113,0.977828853,0.943939938,0.998469252,0.815188994,0.997093106,0.857823146,0.892539089,0.955486668,0.784979369,0.402255542,0.67592446,0,0,0.772020565,0.735952511,0.999266232,0.993103615,0.904626494,0.999556886,0.766329107,0.998496914,0.964808331,0.932330584,0.733064171,0.088417094,0.991754229,0.999910665
233,7.733333333,7.75,0.998951884,0.99721168,0.915853464,0.930686113,0.999871378,0.919470026,0.702648975,0.97514566,0.999444237,0.97866804,0.946798734,0.998665175,0.82384674,0.997002191,0.86219429,0.896143114,0.956987385,0.792628494,0.417105098,0.685968344,0,0,0.778795941,0.743144832,0.999236349,0.993368566,0.908554704,0.9995758,0.7768203,0.998556364,0.966025374,0.934855962,0.741480069,0.096734499,0.992079258,0.999915266
234,7.766666667,7.783333333,0.998992235,0.997334235,0.918559045,0.933979141,0.999877822,0.927244168,0.713357717,0.976129959,0.999471911,0.979476129,0.949519542,0.998836051,0.832182396,0.996908442,0.866451967,0.899639858,0.958439708,0.800074812,0.432106558,0.695841019,0,0,0.785425923,0.750207737,0.99920525,0.993623404,0.912336799,0.999593907,0.786971405,0.998613466,0.967201757,0.937293434,0.749721222,0.105743563,0.992391573,0.999919629
235,7.8,7.816666667,0.999031034,0.997451418,0.92118512,0.93712629,0.999883944,0.934321423,0.723832376,0.977076193,0.999498208,0.980254225,0.952108241,0.998985075,0.840200114,0.99681177,0.870597842,0.90303161,0.959845051,0.807318745,0.447233588,0.705536549,0,0,0.791910285,0.757139899,0.999172885,0.99386851,0.915976935,0.999611242,0.796781583,0.998668312,0.968338743,0.939645591,0.757785481,0.115484385,0.992691664,0.999923768
236,7.833333333,7.85,0.99906834,0.997563461,0.923733547,0.940133033,0.999889759,0.940754232,0.734066957,0.977985764,0.999523196,0.981003393,0.95457054,0.999115036,0.847904786,0.996712086,0.874633633,0.906320671,0.961204797,0.814361108,0.462458937,0.71504958,0,0,0.798249027,0.763940215,0.999139204,0.994104249,0.919479259,0.999627836,0.806251216,0.998720992,0.96943756,0.941914986,0.765671114,0.125996082,0.992980003,0.999927694
237,7.866666667,7.883333333,0.999104211,0.99767059,0.926206174,0.943004733,0.999895283,0.946593002,0.744056365,0.978860025,0.99954694,0.981724668,0.956911972,0.999228368,0.855301956,0.996609295,0.878561114,0.90950935,0.962520296,0.821203082,0.477754623,0.724375342,0,0,0.804442362,0.770607807,0.999104152,0.994330977,0.922847892,0.999643723,0.815381824,0.99877159,0.970499404,0.944104125,0.773376796,0.137316044,0.993257043,0.999931417
238,7.9,7.916666667,0.999138703,0.99777302,0.928604832,0.945746633,0.99990053,0.951885781,0.753796389,0.979700287,0.999569503,0.982419047,0.959137893,0.999327196,0.862397747,0.996503302,0.8823821,0.912599959,0.963792868,0.827846194,0.493092141,0.733509643,0,0,0.810490711,0.777142009,0.999067675,0.994549034,0.926086925,0.999658932,0.824175978,0.998820189,0.971525439,0.946215469,0.780901594,0.149479093,0.993523221,0.999934949
239,7.933333333,7.95,0.999171867,0.997870955,0.930931336,0.948363849,0.999905515,0.956678037,0.763283675,0.980507816,0.999590942,0.983087498,0.961253479,0.999413374,0.869198785,0.996394007,0.886098449,0.915594807,0.965023802,0.83429229,0.508442673,0.742448858,0,0,0.816394689,0.783542367,0.999029713,0.994758747,0.929200408,0.999673492,0.832637212,0.998866867,0.972516799,0.948251434,0.788244949,0.16251655,0.993778958,0.999938299
240,7.966666667,7.983333333,0.999203756,0.997964592,0.933187482,0.950861369,0.999910249,0.961012526,0.772515704,0.981283835,0.999611314,0.983730954,0.963263728,0.999488519,0.875712125,0.996281309,0.889712049,0.918496199,0.966214355,0.840543511,0.523777302,0.751189929,0,0,0.822155094,0.789808626,0.998990208,0.994960433,0.932192342,0.99968743,0.840769931,0.998911701,0.973474586,0.950214384,0.795406666,0.17645521,0.994024657,0.999941477
241,8,8.016666667,0.999234417,0.998054119,0.935375047,0.953244046,0.999914746,0.964929235,0.781490755,0.982029525,0.999630672,0.984350319,0.96517346,0.999554043,0.881945179,0.996165103,0.893224821,0.921306429,0.967365753,0.846602268,0.53906723,0.75973034,0,0,0.827772899,0.795940725,0.998949096,0.995154396,0.935066676,0.999700774,0.848579323,0.998954763,0.974399874,0.952106635,0.802386891,0.191316256,0.994260709,0.99994449
242,8.033333333,8.05,0.999263899,0.998139715,0.937495784,0.955516594,0.999919018,0.968465381,0.79020787,0.982746028,0.999649066,0.984946465,0.966987317,0.999611176,0.887905658,0.99604528,0.896638705,0.924027777,0.968479192,0.85247122,0.554283995,0.768068113,0,0,0.83324924,0.80193879,0.998906311,0.995340928,0.937827294,0.999713548,0.856071272,0.998996122,0.975293703,0.953930452,0.809186099,0.207114134,0.994487487,0.999947349
243,8.066666667,8.083333333,0.999292246,0.998221553,0.939551425,0.95768359,0.999923076,0.971655454,0.79866682,0.983434445,0.999666544,0.985520237,0.968709767,0.999660992,0.893601502,0.995921728,0.899955664,0.926662508,0.969555837,0.85815325,0.569399681,0.776201782,0,0,0.838585403,0.807803121,0.998861787,0.995520313,0.940478016,0.999725777,0.863252271,0.999035847,0.976157089,0.95568805,0.815805071,0.22385541,0.994705353,0.999950061
244,8.1,8.116666667,0.999319503,0.998299797,0.941543675,0.959749468,0.999926931,0.974531303,0.80686806,0.984095839,0.999683152,0.986072448,0.970345103,0.999704427,0.899040833,0.995794332,0.903177673,0.929212866,0.970596825,0.86365144,0.584387119,0.784130377,0,0,0.84378282,0.813534191,0.998815452,0.99569282,0.943022592,0.999737484,0.870129344,0.999074001,0.976991014,0.957381589,0.82224488,0.241537671,0.994914651,0.999952632
245,8.133333333,8.15,0.99934571,0.998374604,0.943474215,0.961718522,0.999955284,0.977122237,0.814812687,0.984731237,0.999698933,0.986603886,0.97189745,0.999742299,0.904231895,0.995662974,0.906306718,0.931681072,0.97160326,0.868969054,0.599220077,0.791853407,0,0,0.848843049,0.819132631,0.998767234,0.995858712,0.945464694,0.999748691,0.876709962,0.999110646,0.977796435,0.959013179,0.82850687,0.260148496,0.995115717,0.999955072
246,8.166666667,8.183333333,0.999370909,0.998446125,0.9453447,0.963594903,0.999952715,0.979455152,0.822502398,0.985341627,0.999713929,0.98711531,0.973370766,0.999775319,0.909183007,0.995527532,0.90934479,0.934069324,0.972576219,0.874109509,0.613873437,0.79937083,0,0,0.853767774,0.824599223,0.998717055,0.99601824,0.947807918,0.99975942,0.883001971,0.999145842,0.978574281,0.960584878,0.834592638,0.279664563,0.995308871,0.999957385
247,8.2,8.216666667,0.999395137,0.998514503,0.947156755,0.965382624,0.999949998,0.981554663,0.829939445,0.985927965,0.999728177,0.987607455,0.974768847,0.999804109,0.913902524,0.99538788,0.912293883,0.936379789,0.973516751,0.879076364,0.628323352,0.806683035,0,0,0.858558784,0.829934895,0.998664836,0.996171647,0.95005578,0.999769691,0.889013523,0.999179647,0.979325454,0.962098689,0.840504016,0.300050941,0.995494421,0.99995958
248,8.233333333,8.25,0.999418433,0.998579877,0.94891198,0.967085554,0.999947124,0.983443248,0.837126589,0.986491171,0.999741716,0.988081029,0.976095329,0.999829211,0.918398793,0.995243887,0.915155991,0.938614607,0.974425874,0.883873291,0.642547388,0.813790818,0,0,0.863217975,0.835140706,0.998610495,0.996319165,0.952211709,0.999779524,0.894753008,0.999212115,0.980050828,0.963556566,0.846243053,0.321260626,0.995672663,0.999961662
249,8.266666667,8.283333333,0.999440833,0.998642377,0.950611944,0.968707429,0.999944086,0.985141392,0.844067058,0.987032132,0.999754581,0.988536716,0.977353694,0.999851097,0.922680119,0.995095422,0.917933103,0.940775888,0.97530458,0.888504063,0.656524644,0.820695353,0,0,0.86774733,0.840217843,0.998553946,0.996461019,0.954279053,0.999788937,0.900228994,0.999243299,0.980751252,0.964960407,0.851811994,0.343234373,0.995843884,0.999963636
250,8.3,8.316666667,0.99946237,0.998702131,0.952258187,0.970251842,0.999940873,0.986667727,0.850764498,0.987551704,0.999766806,0.988975175,0.978547273,0.999870178,0.926754734,0.994942345,0.920627197,0.942865705,0.976153833,0.892972535,0.67023585,0.827398172,0,0,0.872148915,0.84516761,0.998495098,0.996597425,0.956261071,0.999797948,0.905450174,0.99927325,0.981427549,0.966312062,0.857213266,0.365900855,0.996008357,0.999965509
251,8.333333333,8.35,0.999483078,0.998759257,0.95385222,0.971722258,0.999937476,0.988039174,0.857222937,0.98805071,0.999778421,0.989397044,0.979679252,0.999886814,0.930630768,0.994784516,0.923240246,0.944886099,0.976974571,0.897282626,0.683663444,0.833901135,0,0,0.87642487,0.849991417,0.99843386,0.99672859,0.958160935,0.999806574,0.910425307,0.999302015,0.98208052,0.967613326,0.862449459,0.389177204,0.996166346,0.999967285
252,8.366666667,8.383333333,0.999502989,0.998813873,0.955395523,0.973122007,0.999933884,0.989271079,0.863446737,0.988529946,0.999789458,0.989802936,0.980752675,0.999901319,0.934316225,0.994621789,0.925774205,0.946839077,0.977767704,0.901438303,0.69679163,0.84020641,0,0,0.880577399,0.854690776,0.998370134,0.996854716,0.959981728,0.999814833,0.915163182,0.999329644,0.982710938,0.968865946,0.867523309,0.412969916,0.996318105,0.99996897
253,8.4,8.416666667,0.999522133,0.998866087,0.956889547,0.974454289,0.999930085,0.99037734,0.869440556,0.988990175,0.999799946,0.990193444,0.981770452,0.999913965,0.937818963,0.994454012,0.928231018,0.948726605,0.978534117,0.90544357,0.70960641,0.846316443,0,0,0.884608761,0.859267293,0.998303819,0.996975993,0.961726448,0.999822739,0.919672566,0.999356179,0.983319554,0.970071617,0.872437681,0.437176143,0.996463878,0.999970568
254,8.433333333,8.45,0.99954054,0.998916004,0.958335711,0.975722181,0.999926067,0.991370529,0.875209307,0.989432136,0.999809911,0.99056914,0.982735357,0.999924991,0.941146676,0.994281032,0.930612606,0.950550615,0.97927467,0.909302451,0.722095596,0.852233934,0,0,0.888521264,0.863722654,0.99823481,0.997092607,0.963398002,0.999830307,0.923962176,0.999381664,0.983907096,0.971231985,0.877195555,0.461685328,0.996603899,0.999972083
255,8.466666667,8.483333333,0.999558239,0.998963727,0.959735404,0.976928634,0.999921819,0.992262008,0.880758126,0.989856537,0.999819379,0.990930574,0.983650039,0.999934604,0.944306877,0.994102688,0.932920875,0.952312998,0.979990196,0.913018977,0.734248808,0.857961816,0,0,0.892317257,0.868058624,0.998162999,0.997204738,0.964999209,0.999837552,0.928040637,0.999406141,0.984474269,0.972348645,0.881800011,0.486381135,0.996738394,0.999973521
256,8.5,8.516666667,0.999575256,0.999009351,0.961089984,0.978076481,0.999917327,0.993062037,0.886092327,0.990264062,0.999828377,0.991278278,0.984517024,0.999942985,0.947306888,0.993918817,0.935157707,0.954015609,0.980681507,0.91659718,0.746057449,0.863503228,0,1,0.895999121,0.872277036,0.998088273,0.997312555,0.966532803,0.999844488,0.931916461,0.99942965,0.985021758,0.973423148,0.886254213,0.511143619,0.996867579,0.999974885
257,8.533333333,8.55,0.999591618,0.999052968,0.962400779,0.979168438,0.999912577,0.993779869,0.891217379,0.990655369,0.999836926,0.991612765,0.985338722,0.999950292,0.950153828,0.993729249,0.93732496,0.95566026,0.981349389,0.920041075,0.757514661,0.868861494,0,1,0.899569264,0.876379785,0.998010512,0.997416225,0.968001429,0.999851128,0.935598014,0.999452229,0.985550224,0.974456993,0.890561396,0.535851531,0.996991663,0.999976178
258,8.566666667,8.583333333,0.999607349,0.999094666,0.963669085,0.980207108,0.999907554,0.994423848,0.896138867,0.991031091,0.999845049,0.991934529,0.986117426,0.999956662,0.952854607,0.99353381,0.939424468,0.957248726,0.981994604,0.923354654,0.768615272,0.874040101,0,1,0.903030115,0.880368819,0.997929596,0.997515905,0.969407647,0.999857484,0.939093502,0.999473914,0.986060308,0.975451635,0.894724854,0.560384691,0.997110846,0.999977405
259,8.6,8.616666667,0.999622475,0.99913453,0.964896169,0.981194985,0.999902242,0.99500149,0.900862468,0.991391837,0.999851067,0.992244045,0.986855323,0.999962216,0.955415918,0.993332321,0.941458038,0.958782739,0.982617894,0.926541879,0.779355731,0.879042677,0,1,0.906384116,0.884246134,0.997845395,0.997611749,0.970753935,0.999863569,0.942410946,0.999494742,0.986552632,0.976408484,0.898747927,0.5846263,0.997225321,0.999978569
260,8.633333333,8.65,0.999637019,0.99917264,0.966083267,0.982134454,0.999896625,0.995519564,0.905393919,0.991738195,0.999846369,0.992541772,0.987554493,0.999967058,0.957844234,0.993124596,0.943427451,0.960263994,0.983219976,0.929606671,0.789734024,0.883872969,0,1,0.909633718,0.888013769,0.997757778,0.997703903,0.972042685,0.999869394,0.945558172,0.999514745,0.987027796,0.977328904,0.902633989,0.608465133,0.997335271,0.999979672
261,8.666666667,8.683333333,0.999651002,0.999209074,0.967231584,0.983027801,0.999890686,0.995984157,0.909738996,0.992070727,0.999841522,0.992828153,0.988216918,0.99997128,0.960145807,0.992910447,0.945334458,0.961694142,0.983801547,0.932552902,0.799749589,0.888534828,0,1,0.912781373,0.891673795,0.997666606,0.99779251,0.973276208,0.999874971,0.948542794,0.999533956,0.987486384,0.978214215,0.906386439,0.631797491,0.997440876,0.999980719
262,8.7,8.716666667,0.999664447,0.999243904,0.968342296,0.98387721,0.999884405,0.99640075,0.913903489,0.992389979,0.999836522,0.993103615,0.988844483,0.999974961,0.962326664,0.992689676,0.947180781,0.963074797,0.984363282,0.935384394,0.809403221,0.893032188,0,1,0.915829534,0.895228314,0.997571735,0.997877704,0.974456737,0.999880309,0.951372207,0.999552408,0.987928957,0.979065695,0.910008689,0.654528873,0.997542306,0.999981712
263,8.733333333,8.75,0.999677374,0.999277201,0.969416551,0.984684771,0.999877763,0.996774266,0.91789318,0.992696471,0.999831365,0.993368566,0.989438982,0.99997817,0.964392608,0.992462083,0.94896811,0.96440753,0.984905836,0.938104907,0.818696975,0.89736905,0,1,0.918780646,0.898679452,0.997473018,0.997959617,0.975586423,0.99988542,0.954053578,0.999570129,0.988356063,0.979884579,0.913504156,0.676575299,0.997639726,0.999982654
264,8.766666667,8.783333333,0.999689803,0.999309033,0.970455464,0.985452481,0.99987074,0.997109133,0.921713828,0.992990706,0.999826045,0.993623404,0.990002119,0.999980968,0.96634922,0.99222746,0.950698107,0.965693875,0.985429843,0.940718137,0.827634058,0.901549464,0,1,0.921637141,0.902029351,0.997370298,0.998038375,0.976667344,0.999890312,0.956593843,0.999587149,0.988768229,0.980672064,0.916876253,0.697864258,0.997733292,0.999983547
265,8.8,8.816666667,0.999701754,0.999339464,0.971460125,0.986182248,0.999863314,0.997409327,0.925371145,0.993273168,0.999820557,0.99386851,0.990535515,0.999983407,0.968201863,0.991985592,0.9523724,0.966935324,0.985935919,0.943227712,0.836218731,0.905577516,0,1,0.92440144,0.905280169,0.997263414,0.998114099,0.9777015,0.999894996,0.958999698,0.999603495,0.989165964,0.981429305,0.920128382,0.718335283,0.997823158,0.999984395
266,8.833333333,8.85,0.999713244,0.999368556,0.972431593,0.986875894,0.99985546,0.997678421,0.928870788,0.993544322,0.999814896,0.994104249,0.991040712,0.999985533,0.969955679,0.991736261,0.953992585,0.968133331,0.986424659,0.94563719,0.8444562,0.909457314,0,1,0.927075941,0.908434069,0.997152197,0.998186904,0.978690821,0.999899479,0.961277603,0.999619194,0.989549765,0.982157417,0.923263923,0.737940149,0.997909468,0.999985198
267,8.866666667,8.883333333,0.999724292,0.999396367,0.973370899,0.987535159,0.999847156,0.997919622,0.932218339,0.993804613,0.999809056,0.994330977,0.991519173,0.999987388,0.9716156,0.99147924,0.955560228,0.96928931,0.98689664,0.947950049,0.852352513,0.913192974,0,1,0.929663025,0.91149322,0.997036475,0.998256904,0.979637162,0.999903771,0.963433777,0.999634272,0.989920107,0.982857481,0.926286232,0.756642735,0.997992363,0.999985961
268,8.9,8.916666667,0.999734914,0.999422954,0.974279049,0.988161705,0.999838375,0.998135811,0.935419299,0.994054473,0.999803032,0.994549034,0.991972289,0.999989004,0.973186347,0.991214296,0.957076858,0.970404638,0.987352423,0.950169694,0.859914462,0.916788608,0,1,0.932165043,0.91445979,0.996916064,0.998324206,0.980542312,0.99990788,0.965474201,0.999648753,0.990277454,0.983530538,0.929198634,0.774418585,0.998071977,0.999986684
269,8.933333333,8.95,0.999745127,0.999448371,0.975157017,0.988757116,0.999829089,0.998329571,0.93847907,0.994294313,0.999796819,0.994758747,0.992401382,0.999990413,0.974672438,0.990941189,0.958543974,0.971480651,0.987792547,0.952299445,0.867149481,0.920248314,0,1,0.934584323,0.917335945,0.996790777,0.998388914,0.981407991,0.999911813,0.96740462,0.999662661,0.990622252,0.984177594,0.932004415,0.791254226,0.99814844,0.999987369
270,8.966666667,8.983333333,0.999754947,0.999472669,0.976005755,0.989322904,0.99981927,0.998503223,0.941402954,0.994524532,0.999790409,0.994960433,0.992807705,0.999991642,0.976078189,0.990659672,0.959963042,0.972518651,0.988217539,0.954342545,0.874065556,0.923576166,0,1,0.936923159,0.920123841,0.996660417,0.998451127,0.982235853,0.999915579,0.969230545,0.999676019,0.990954935,0.984799622,0.934706819,0.807146287,0.998221876,0.99998802
271,9,9.016666667,0.999764388,0.999495897,0.976826185,0.989860511,0.999808886,0.998658846,0.944196138,0.99474551,0.999783797,0.995154396,0.99319245,0.999992713,0.977407726,0.990369491,0.961335494,0.973519902,0.988627905,0.956302151,0.880671132,0.926776203,0,1,0.939183816,0.922825624,0.996524781,0.998510941,0.983027489,0.999919184,0.970957255,0.999688847,0.991275919,0.985397559,0.937309043,0.822100488,0.998292405,0.999988637
272,9.033333333,9.05,0.999773466,0.999518102,0.977619206,0.990371312,0.999797907,0.998798308,0.946863693,0.994957616,0.999776976,0.995340928,0.993556747,0.999993647,0.978664985,0.990070386,0.962662728,0.97448563,0.989024137,0.958181337,0.886975032,0.929852425,0,1,0.941368521,0.925443424,0.996383655,0.998568448,0.98378443,0.999922634,0.972589808,0.999701168,0.991585609,0.985972309,0.939814236,0.836130535,0.99836014,0.999989222
273,9.066666667,9.083333333,0.999782194,0.99953933,0.978385689,0.990856618,0.999786296,0.998923284,0.949410564,0.995161201,0.999769941,0.995520313,0.993901669,0.999994461,0.979853719,0.989762087,0.963946112,0.975417027,0.989406712,0.959983091,0.892986377,0.932808781,0,1,0.943479468,0.927979358,0.99623682,0.998623738,0.984508144,0.999925938,0.974133035,0.999713001,0.991884395,0.986524747,0.942225489,0.84925699,0.998425193,0.999989777
274,9.1,9.116666667,0.999790586,0.999559623,0.979126483,0.991317679,0.999774019,0.999035275,0.951841571,0.995356605,0.999762683,0.99569282,0.994228233,0.999995171,0.980977507,0.989444318,0.965186977,0.976315251,0.989776089,0.961710319,0.898714512,0.935649164,0,1,0.945518812,0.930435519,0.996084046,0.998676895,0.985200045,0.9999291,0.975591558,0.999724366,0.992172656,0.987055715,0.944545838,0.861506137,0.998487669,0.999990304
275,9.133333333,9.15,0.999798655,0.999579022,0.979842411,0.991755683,0.999761037,0.999135628,0.954161399,0.995544153,0.999755197,0.995858712,0.994537406,0.99999579,0.982039758,0.989116794,0.966386624,0.977181422,0.990132715,0.963365841,0.90416894,0.938377407,0,1,0.947488668,0.93281398,0.995925096,0.998728002,0.985861488,0.999932128,0.976969785,0.999735281,0.992450756,0.987566024,0.946778262,0.872908891,0.99854767,0.999990803
276,9.166666667,9.183333333,0.999806412,0.999597568,0.980534272,0.992171766,0.999747309,0.99922555,0.956374601,0.995724159,0.999747475,0.99601824,0.994830104,0.99999633,0.983043716,0.988779224,0.967546322,0.97801663,0.990477021,0.964952392,0.909359261,0.940997277,0,1,0.949391114,0.935116792,0.995759721,0.998777136,0.986493774,0.999935026,0.978271924,0.999745763,0.992719047,0.988056459,0.948925674,0.883499767,0.998605294,0.999991277
277,9.2,9.216666667,0.999813871,0.999615296,0.981202842,0.992567006,0.999732792,0.999306123,0.958485593,0.995896923,0.999739509,0.996171647,0.995107196,0.9999968,0.983992469,0.988431304,0.968667307,0.97882193,0.990809425,0.966472624,0.914295114,0.943512469,0,1,0.951228183,0.937345975,0.995587665,0.998824376,0.987098154,0.9999378,0.979501984,0.999755831,0.992977872,0.988527774,0.950990926,0.89331594,0.998660635,0.999991726
278,9.233333333,9.25,0.999821043,0.999632244,0.981848874,0.992942434,0.999717442,0.999378319,0.960498655,0.996062734,0.999731291,0.996319165,0.995369506,0.99999721,0.984888952,0.988072728,0.969750782,0.979598346,0.991130329,0.967929106,0.918986131,0.945926603,0,1,0.953001869,0.939503525,0.995408659,0.998869792,0.987675827,0.999940456,0.980663785,0.9997655,0.993227558,0.988980697,0.952976806,0.902396386,0.998713783,0.999992152
279,9.266666667,9.283333333,0.999827938,0.999648446,0.982473099,0.993299027,0.99970121,0.999443008,0.96241793,0.99622187,0.999722815,0.996461019,0.995617814,0.999997568,0.985735957,0.987703175,0.97079792,0.980346869,0.991440126,0.969324324,0.923441886,0.948243223,0,1,0.954714122,0.941591408,0.995222426,0.998913456,0.988227944,0.999942999,0.981760962,0.999774786,0.993468425,0.989415931,0.954886034,0.910781137,0.998764824,0.999992556
280,9.3,9.316666667,0.999834568,0.999663933,0.983076228,0.993637718,0.999684046,0.999500968,0.964247424,0.996374597,0.999714071,0.996597425,0.995852863,0.999997879,0.986536134,0.987322319,0.971809863,0.981068459,0.991739192,0.970660684,0.927671863,0.950465791,0,1,0.95636685,0.943611558,0.995028677,0.998955434,0.988755607,0.999945433,0.982796976,0.999783705,0.993700779,0.98983415,0.956721264,0.918510633,0.998813842,0.99999294
281,9.333333333,9.35,0.999840942,0.999678739,0.983658946,0.993959395,0.999665897,0.9995529,0.965991004,0.996521172,0.999705052,0.99672859,0.996075354,0.999998151,0.987292002,0.986929823,0.972787723,0.981764049,0.992027894,0.971940512,0.931685416,0.952597688,0,1,0.957961917,0.945565877,0.994827111,0.998995793,0.989259876,0.999947763,0.983775114,0.99979227,0.993924918,0.990236007,0.958485083,0.925625166,0.998860917,0.999993303
282,9.366666667,9.383333333,0.999847071,0.999692893,0.984221923,0.994264901,0.999646705,0.99959943,0.967652407,0.996661841,0.999695748,0.996854716,0.996285953,0.999998388,0.988005951,0.986525342,0.973732579,0.982434538,0.992306584,0.973166055,0.935491741,0.954642208,0,1,0.959501143,0.947456234,0.994617417,0.999034593,0.989741765,0.999949993,0.984698503,0.999800497,0.994141129,0.99062213,0.96018001,0.932164429,0.998906126,0.999993648
283,9.4,9.416666667,0.999852964,0.999706423,0.984765805,0.994555041,0.999626411,0.999641119,0.969235231,0.99679684,0.999686151,0.996975993,0.996485291,0.999998595,0.98868025,0.98610852,0.974645483,0.9830808,0.992575604,0.974339484,0.939099848,0.956602564,0,1,0.960986305,0.949284466,0.99439927,0.999071896,0.990202247,0.999952129,0.985570111,0.999808397,0.994349689,0.990993121,0.961808496,0.938167148,0.998949543,0.999993975
284,9.433333333,9.45,0.999858629,0.999719358,0.985291218,0.994830579,0.999604952,0.999678471,0.970742947,0.996926396,0.999676251,0.997092607,0.996673966,0.999998775,0.989317049,0.98567899,0.975527457,0.98370368,0.992835286,0.975462893,0.942518546,0.958481878,0,1,0.962419138,0.951052371,0.994172334,0.999107759,0.990642253,0.999954173,0.986392756,0.999815985,0.994550865,0.991349564,0.963372923,0.943670789,0.998991238,0.999994285
285,9.466666667,9.483333333,0.999864076,0.999731723,0.985798773,0.995092243,0.999582261,0.999711936,0.972178894,0.997050728,0.999666039,0.997204738,0.996852545,0.999998932,0.989918391,0.985236379,0.976379494,0.984303994,0.993085948,0.976538304,0.945756416,0.960283188,0,1,0.963801329,0.952761715,0.993936259,0.999142237,0.991062678,0.99995613,0.987169113,0.999823273,0.994744916,0.99169202,0.964875607,0.94871134,0.999031279,0.99999458
286,9.5,9.516666667,0.999869314,0.999743543,0.986289056,0.995340724,0.999558268,0.999741919,0.973546285,0.997170045,0.999655505,0.997312555,0.997021564,0.999999069,0.990486209,0.984780299,0.977202561,0.984882534,0.993327899,0.977567666,0.948821804,0.962009443,0,1,0.965134527,0.954414227,0.993690681,0.999175384,0.991464377,0.999958003,0.987901718,0.999830271,0.994932092,0.992021027,0.966318797,0.953323154,0.999069733,0.999994859
287,9.533333333,9.55,0.999874349,0.999754842,0.986762641,0.99557668,0.999532896,0.999768783,0.974848208,0.997284548,0.999644639,0.997416225,0.997181533,0.999999188,0.991022335,0.984310354,0.977997593,0.985440065,0.993561438,0.978552858,0.951722805,0.963663508,0,1,0.966420334,0.956011599,0.993435224,0.999207251,0.991848169,0.999959796,0.988592978,0.999836993,0.995112634,0.992337106,0.967704673,0.95753884,0.999106662,0.999995124
288,9.566666667,9.583333333,0.999879191,0.999765644,0.987220079,0.995800737,0.999506068,0.99979285,0.97608763,0.997394429,0.99963343,0.997515905,0.997332933,0.999999292,0.991528509,0.983826136,0.978765502,0.985977327,0.993786854,0.979495689,0.954467256,0.965248158,0,1,0.96766031,0.957555487,0.993169494,0.999237888,0.99221484,0.999961513,0.98924517,0.999843449,0.995286775,0.992640757,0.969035353,0.9613892,0.999142126,0.999995375
289,9.6,9.616666667,0.999883846,0.9999066,0.987661908,0.99601349,0.999477701,0.999814413,0.977267401,0.997499876,0.999621868,0.997611749,0.99747622,0.999999383,0.992006373,0.983327228,0.979507172,0.986495036,0.994004426,0.980397902,0.95706273,0.966766084,0,1,0.968855974,0.959047509,0.992893084,0.999267341,0.992565142,0.999963157,0.989860457,0.999849649,0.995454739,0.992932461,0.970312886,0.964903209,0.999176183,0.999995613
290,9.633333333,9.65,0.999888322,0.999903892,0.988088645,0.996215505,0.999447704,0.999833731,0.978390254,0.997601066,0.999609941,0.997703903,0.997611828,0.999999462,0.992457487,0.982813199,0.980223461,0.986993884,0.994214423,0.981261177,0.959516531,0.968219891,0,1,0.970008801,0.960489247,0.992605573,0.999295657,0.992899794,0.99996473,0.990440882,0.999855603,0.995616744,0.993212681,0.971539258,0.968108013,0.999208889,0.999995839
291,9.666666667,9.683333333,0.999892625,0.999901105,0.988500796,0.99640732,0.999415986,0.999851039,0.97945881,0.997698169,0.999597638,0.99779251,0.997740166,0.999999531,0.992883326,0.982283608,0.980915201,0.987474538,0.994417106,0.982087128,0.961835692,0.969612101,0,1,0.971120228,0.961882246,0.992306521,0.999322879,0.993219487,0.999966236,0.990988385,0.999861322,0.995772999,0.993481864,0.972716394,0.971028963,0.999240298,0.999996053
292,9.7,9.716666667,0.999896763,0.999898238,0.988898845,0.996589447,0.999382448,0.999866546,0.980475583,0.997791351,0.999584947,0.997877704,0.997861622,0.999999591,0.993285285,0.981738001,0.9815832,0.987937647,0.994612728,0.982877309,0.964026978,0.970945152,0,1,0.972191648,0.963228013,0.991995471,0.99934905,0.993524878,0.999967678,0.991504798,0.999866814,0.995923707,0.993740439,0.973846154,0.973689657,0.999270461,0.999982443
293,9.733333333,9.75,0.999900741,0.999895287,0.989283265,0.99676237,0.999346985,0.999880438,0.981442981,0.997880768,0.999571857,0.997959617,0.997976563,0.999999643,0.993664685,0.981175914,0.982228241,0.988383835,0.99480153,0.983633214,0.966096881,0.972221401,0,1,0.973224415,0.96452802,0.991671951,0.99937421,0.993816601,0.999969058,0.991991857,0.999872089,0.996069063,0.993988817,0.974930339,0.976112004,0.999299427,0.999981901
294,9.766666667,9.783333333,0.999904566,0.999892251,0.989654513,0.996926553,0.999309487,0.999892885,0.982363307,0.997966573,0.999558353,0.998038375,0.998085338,0.999999689,0.994022778,0.980596868,0.982851085,0.988813705,0.994983749,0.984356279,0.968051628,0.973443122,1,1,0.974219843,0.965783699,0.99133547,0.999398398,0.994095258,0.999970379,0.992451203,0.999877154,0.996209255,0.994227398,0.975970689,0.978316297,0.999327243,0.999981343
295,9.8,9.816666667,0.999908243,0.999889127,0.990013029,0.997082435,0.999269837,0.999904036,0.98323877,0.99804891,0.999544424,0.998114099,0.998188277,0.999999729,0.994360744,0.980000373,0.983452468,0.98922784,0.995159612,0.985047886,0.969897183,0.974612515,1,1,0.975179208,0.96699645,0.990985517,0.999421652,0.99436143,0.999971644,0.992884391,0.99988202,0.996344466,0.994456562,0.976968886,0.980321287,0.999353956,0.999980768
296,9.833333333,9.85,0.999911779,0.999885913,0.990359243,0.997230432,0.999227912,0.999914026,0.984071481,0.99812792,0.999530056,0.998186904,0.99828569,0.999999764,0.994679704,0.979385926,0.984033104,0.989626805,0.995329339,0.985709361,0.971639249,0.975731699,1,1,0.976103748,0.968167633,0.990621564,0.999444007,0.994615667,0.999972855,0.993292888,0.999886692,0.996474871,0.994676677,0.977926554,0.982144268,0.999379609,0.999980174
297,9.866666667,9.883333333,0.999915178,0.999882605,0.990693567,0.997370942,0.999183582,0.999922976,0.984863459,0.998203736,0.999515235,0.998256904,0.998377874,0.999999794,0.994980714,0.97875301,0.984593685,0.990011142,0.995493141,0.986341978,0.973283277,0.976802719,1,1,0.976994663,0.969298574,0.990243061,0.999465499,0.994858501,0.999974014,0.993678084,0.99989118,0.99660064,0.994888098,0.978845264,0.983801165,0.999404244,0.999979563
298,9.9,9.916666667,0.999918447,0.999879201,0.991016402,0.997504341,0.999136709,0.999930995,0.985616634,0.998276487,0.999499946,0.998324206,0.998465109,0.99999982,0.995264775,0.978101097,0.985134882,0.990381378,0.995651223,0.986946962,0.974834473,0.977827546,1,1,0.977853115,0.970390564,0.989849438,0.999486161,0.995090437,0.999975124,0.994041289,0.99989549,0.996721936,0.995091162,0.979726529,0.985306612,0.999427901,0.999978932
299,9.933333333,9.95,0.999921589,0.999875699,0.991328137,0.997630988,0.999087147,0.999938179,0.986332853,0.998346296,0.999484176,0.998388914,0.998547659,0.999999843,0.995532832,0.977429642,0.985657345,0.990738019,0.995803784,0.987525486,0.976297798,0.978808081,1,1,0.978680233,0.971444859,0.989440105,0.999506024,0.99531196,0.999976186,0.994383746,0.999899629,0.996838918,0.995286199,0.980571811,0.986674044,0.99945062,0.999978283
300,9.966666667,9.983333333,0.999924611,0.999872095,0.991629146,0.997751222,0.999034743,0.999944615,0.987013878,0.998413282,0.999467908,0.998451127,0.998625776,0.999999863,0.995785778,0.976738089,0.986161703,0.991081556,0.995951015,0.98807868,0.977677981,0.97974615,1,1,0.979477109,0.972462678,0.989014449,0.999525119,0.995523532,0.999977203,0.994706627,0.999903604,0.996951739,0.995473522,0.98138252,0.987915778,0.999472436,0.999977613
301,10,10.01666667,0.999927516,0.999868386,0.991919791,0.997865367,0.998979333,0.999950381,0.987661392,0.998477559,0.999451128,0.998510941,0.998510941,0.999999881,0.996024459,0.976025867,0.986648565,0.991412461,0.9960931,0.988607624,0.978979527,0.980643518,1,1,0.980244802,0.97344521,0.988571832,0.999543477,0.995725597,0.999978176,0.995011037,0.999907422,0.997060544,0.995653433,0.982160014,0.98904309,0.999493387,0.999976922
302,10.03333333,10.05,0.999930309,0.999864571,0.992200425,0.99797373,0.998920746,0.999955546,0.988277003,0.998539236,0.999433819,0.998451127,0.998451127,0.999999896,0.996249673,0.97529239,0.987118522,0.99173119,0.996230218,0.989113359,0.98020672,0.981501877,1,1,0.980984334,0.974393609,0.988111597,0.999561126,0.995918578,0.999979108,0.995298025,0.999911088,0.997165477,0.995826223,0.982905605,0.990066295,0.999513506,0.99997621
303,10.06666667,10.08333333,0.999932995,0.999860644,0.992471385,0.998076602,0.9988588,0.999960174,0.988862246,0.998598418,0.999415964,0.998388914,0.998388914,0.99999991,0.996462174,0.974537058,0.987572146,0.992038185,0.996362541,0.989596878,0.981363631,0.982322858,1,1,0.9816967,0.975308995,0.98763306,0.999578092,0.996102881,0.99998,0.995568577,0.99991461,0.997266674,0.995992172,0.983620555,0.990994819,0.999532827,0.999975477
304,10.1,10.11666667,0.999935577,0.999856604,0.992733002,0.998174261,0.998793302,0.99996432,0.989418584,0.998655205,0.999397547,0.998324206,0.998324206,0.999999921,0.996662674,0.973759256,0.988009989,0.992333871,0.996490236,0.990059139,0.982454132,0.98310803,1,1,0.982382858,0.976192456,0.98713551,0.999594403,0.996278892,0.999980854,0.995823627,0.999917992,0.997364268,0.996151548,0.98430608,0.991837267,0.99955138,0.99997472
305,10.13333333,10.15,0.999938059,0.999852446,0.992985591,0.998266971,0.998724051,0.999968035,0.989947416,0.998709695,0.999378549,0.998256904,0.998256904,0.999999931,0.996851847,0.972958355,0.988432587,0.992618657,0.996613464,0.990501056,0.983481896,0.983858899,1,1,0.983043738,0.977045051,0.986618215,0.999610083,0.996446982,0.999981672,0.996064056,0.99992124,0.997458386,0.99630461,0.984963353,0.992601491,0.999569197,0.999973941
306,10.16666667,10.18333333,0.999957058,0.999848168,0.993229461,0.99835498,0.99865083,0.999971363,0.990450073,0.998761979,0.999358953,0.998186904,0.998186904,0.99999994,0.99703033,0.972133708,0.988840459,0.992892939,0.996732379,0.990923508,0.984450412,0.984576915,1,1,0.983680237,0.977867805,0.986080411,0.999625158,0.996607505,0.999982455,0.996290695,0.999924359,0.997549152,0.996451606,0.985593501,0.99329465,0.999586307,0.999973137
307,10.2,10.21666667,0.999955744,0.999843766,0.993464908,0.998438527,0.998573414,0.999974344,0.990927827,0.998812147,0.999338739,0.998114099,0.998114099,0.999999948,0.997198721,0.971284655,0.989234105,0.993157099,0.996847132,0.991327336,0.985362985,0.98526347,1,1,0.984293226,0.978661714,0.985521311,0.99963965,0.996760799,0.999983204,0.996504329,0.999927355,0.997636684,0.996592775,0.986197612,0.993923265,0.999602737,0.999972308
308,10.23333333,10.25,0.999954389,0.999839237,0.993692219,0.998517837,0.998491562,0.999977015,0.991381887,0.998860285,0.999317888,0.998038375,0.998038375,0.999999954,0.99735759,0.970410521,0.989614012,0.993411506,0.996957867,0.991713348,0.98622275,0.9859199,1,1,0.984883544,0.979427744,0.984940097,0.999653582,0.996907188,0.999983921,0.996705701,0.999930232,0.997721096,0.996728346,0.98677673,0.994493275,0.999618516,0.999971454
309,10.26666667,10.28333333,0.999952994,0.999834576,0.993911672,0.998593124,0.998405021,0.999979408,0.99181341,0.998906474,0.99929638,0.997959617,0.997959617,0.99999996,0.997507471,0.969510612,0.989980648,0.993656516,0.997064724,0.992082316,0.987032678,0.986547488,1,1,0.985452003,0.980166831,0.984335922,0.999666975,0.997046981,0.999984608,0.996895508,0.999932996,0.997802501,0.99685854,0.987331862,0.995010085,0.999633667,0.999970574
310,10.3,10.31666667,0.999951555,0.99982978,0.994123535,0.998664593,0.998313523,0.999981552,0.992223496,0.998950793,0.999274195,0.997877704,0.997877704,0.999999965,0.997648871,0.96858422,0.990334469,0.993892469,0.997167838,0.992434981,0.987795582,0.987147468,1,1,0.985999389,0.980879883,0.98370791,0.999679851,0.997180473,0.999985265,0.997074411,0.999935649,0.997881004,0.996983568,0.987863975,0.995478613,0.999648217,0.999969666
311,10.33333333,10.35,0.999950073,0.999824845,0.994328068,0.998732435,0.998216787,0.999983473,0.992613192,0.998993317,0.99925131,0.99779251,0.99779251,0.99999997,0.997782267,0.96763062,0.990675912,0.994119699,0.997267341,0.992772052,0.988514124,0.987721022,1,1,0.986526461,0.981567782,0.983055152,0.999692229,0.997307947,0.999985894,0.997243033,0.999938198,0.997956708,0.997103635,0.988374001,0.995903329,0.99966219,0.99996873
312,10.36666667,10.38333333,0.999948545,0.999819767,0.994525522,0.998796835,0.998114511,0.999985193,0.992983497,0.99903412,0.999227704,0.997703903,0.997703903,0.999999974,0.99790811,0.966649071,0.991005403,0.994338522,0.997363356,0.993094209,0.989190825,0.988269285,1,1,0.987033951,0.98223138,0.98237671,0.999704129,0.997429673,0.999986496,0.997401961,0.999940646,0.998029712,0.997218936,0.988862834,0.996288299,0.999675607,0.999967766
313,10.4,10.41666667,0.99994697,0.999814542,0.994716138,0.998857967,0.998006382,0.999986735,0.993335364,0.999073271,0.999203355,0.997611749,0.997611749,0.999999977,0.998026827,0.965638815,0.991323352,0.994549247,0.997456007,0.993402102,0.989828067,0.988793346,1,1,0.987522569,0.982871503,0.981671611,0.999715568,0.997545908,0.999987073,0.99755175,0.999942997,0.998100114,0.99732966,0.989331335,0.996637214,0.999688492,0.999966772
314,10.43333333,10.45,0.999945348,0.999809165,0.99490015,0.998915996,0.997892065,0.999988116,0.993669698,0.999110836,0.999178239,0.997515905,0.997515905,0.99999998,0.998138819,0.964599077,0.991630157,0.99475217,0.997545409,0.993696355,0.990428106,0.989294248,1,1,0.987992996,0.983488954,0.980938848,0.999726566,0.997656899,0.999987625,0.997692924,0.999945254,0.998168004,0.997435986,0.989780331,0.996953431,0.999700866,0.999965747
315,10.46666667,10.48333333,0.999943675,0.999803632,0.995077787,0.998971079,0.997771207,0.999989353,0.993987361,0.999146879,0.999152331,0.997416225,0.997416225,0.999999983,0.998244465,0.963529066,0.991926202,0.994947577,0.997631678,0.993977565,0.99099307,0.989772993,1,1,0.988445896,0.984084507,0.980177381,0.999737138,0.997762881,0.999988154,0.997825974,0.999947423,0.998233473,0.997538089,0.990210619,0.997239994,0.999712747,0.99996469
316,10.5,10.51666667,0.999941952,0.999797939,0.995249265,0.999023367,0.997643436,0.999990462,0.994289175,0.999181463,0.999125608,0.997312555,0.997312555,0.999999985,0.998344125,0.962427973,0.992211858,0.995135743,0.997714921,0.994246302,0.991524973,0.99023054,1,1,0.988881904,0.984658914,0.979386134,0.999747302,0.99786408,0.999988659,0.997951367,0.999949505,0.998296606,0.997636136,0.990622961,0.997499671,0.999724157,0.999963601
317,10.53333333,10.55,0.999940176,0.999792082,0.995414797,0.999072999,0.997508359,0.999991455,0.994575922,0.999214646,0.999098042,0.997204738,0.997204738,0.999999987,0.998438136,0.961294973,0.992487484,0.995316935,0.997795245,0.994503114,0.992025718,0.990667811,1,1,0.989301637,0.985212901,0.978563994,0.999757073,0.997960711,0.999989144,0.998069542,0.999951505,0.998357487,0.997730287,0.991018092,0.997734972,0.999735114,0.999962479
318,10.56666667,10.58333333,0.999938345,0.999786054,0.995574587,0.999120112,0.997365559,0.999992344,0.994848345,0.999246485,0.999069609,0.997092607,0.997092607,0.999999988,0.998526818,0.960129222,0.992753427,0.995491407,0.997872752,0.994748524,0.9924971,0.991085685,1,1,0.989705689,0.985747173,0.977709811,0.999766466,0.998052978,0.999989607,0.998180912,0.999953426,0.998416195,0.997820696,0.991396718,0.997948174,0.999745636,0.999961321
319,10.6,10.61666667,0.999936458,0.999779851,0.995728833,0.999164832,0.997214598,0.999993141,0.995107154,0.999277034,0.99904028,0.996975993,0.996975993,0.99999999,0.998610471,0.95892986,0.993010021,0.995659408,0.997947539,0.994983033,0.992940816,0.991485009,1,1,0.990094634,0.98626241,0.976822397,0.999775496,0.998141079,0.999990051,0.998285868,0.999955271,0.998472807,0.997907512,0.991759516,0.998141345,0.99975574,0.999960128
320,10.63333333,10.65,0.999934514,0.999773469,0.995877724,0.999207281,0.997055013,0.999993855,0.995353021,0.999306345,0.999010027,0.996854716,0.996854716,0.999999991,0.998689381,0.957696009,0.993257592,0.995821175,0.998019702,0.99520712,0.993358467,0.991866592,1,1,0.990469025,0.986759271,0.975900524,0.999784177,0.9982252,0.999990476,0.998384779,0.999957042,0.9985274,0.997990876,0.992107136,0.998316361,0.999765443,0.999958898
321,10.66666667,10.68333333,0.99993251,0.999766902,0.996021446,0.999247574,0.996886313,0.999994495,0.995586588,0.999334468,0.998978822,0.99672859,0.99672859,0.999999992,0.998763814,0.956426774,0.993496451,0.995976938,0.998089333,0.995421244,0.993751563,0.992231209,1,1,0.990829396,0.987238395,0.974942924,0.999792522,0.998305521,0.999990883,0.99847799,0.999958744,0.998580043,0.998070925,0.992440205,0.998474922,0.99977476,0.999957631
322,10.7,10.71666667,0.999930445,0.999760145,0.996160177,0.99928582,0.996707981,0.999995068,0.995808464,0.999361453,0.998946634,0.996597425,0.996597425,0.999999993,0.998834026,0.955121244,0.993726902,0.996126917,0.998156521,0.995625844,0.99412153,0.992579603,1,1,0.991176263,0.987700397,0.97394829,0.999800545,0.998382213,0.999991272,0.998565831,0.999960378,0.998630807,0.998147791,0.99275932,0.998618571,0.999783708,0.999956324
323,10.73333333,10.75,0.999928317,0.999753191,0.996294088,0.999322124,0.99651947,0.999995582,0.996019231,0.999387343,0.998913433,0.996461019,0.996461019,0.999999994,0.998900254,0.953778488,0.993949237,0.996271326,0.998221349,0.99582134,0.994469713,0.992912484,1,1,0.991510123,0.988145875,0.972915271,0.999983357,0.998455439,0.999991645,0.998648608,0.999966581,0.998679759,0.998221599,0.993065059,0.998748706,0.9997923,0.999954977
324,10.76666667,10.78333333,0.999926123,0.999746036,0.996423345,0.999356583,0.996320205,0.999996042,0.99621944,0.999412185,0.998879186,0.996319165,0.996319165,0.999999995,0.998962724,0.952397559,0.994163738,0.99641037,0.998283902,0.996008133,0.994797382,0.993230534,1,1,0.991831454,0.988575404,0.971842474,0.999982152,0.998525355,0.999992001,0.998726614,0.999965547,0.998726963,0.998292472,0.993357975,0.998866596,0.999800551,0.999953588
325,10.8,10.81666667,0.999923863,0.999738674,0.99654811,0.999389292,0.996109577,0.999996454,0.996409616,0.99943602,0.998843861,0.996171647,0.996171647,0.999999996,0.999021649,0.950977494,0.994370677,0.996544247,0.998344259,0.996186609,0.995105732,0.993534405,1,1,0.99214072,0.988989543,0.970728463,0.999980861,0.998592112,0.999992343,0.998800123,0.999964482,0.998772481,0.998360524,0.993638598,0.998973391,0.999808474,0.999952157
326,10.83333333,10.85,0.999921533,0.999731099,0.996668537,0.999420339,0.995886942,0.999996823,0.996590258,0.999458889,0.998807424,0.99601824,0.99601824,0.999999996,0.99907723,0.949517312,0.99457032,0.996673148,0.998402496,0.996357134,0.995395891,0.99382472,1,1,0.992438366,0.989388831,0.969571758,0.999979476,0.99865585,0.99999267,0.998869393,0.999963384,0.998816374,0.998425869,0.993907437,0.999070132,0.999816082,0.999950681
327,10.86666667,10.88333333,0.999919132,0.999723303,0.996784777,0.999449809,0.995651622,0.999997154,0.996761842,0.999480831,0.998769841,0.995858712,0.995858712,0.999999997,0.999129656,0.948016014,0.994762919,0.996797256,0.998458688,0.99652006,0.995668922,0.994102077,1,1,0.992724823,0.989773788,0.968370834,0.999977991,0.998716706,0.999992983,0.998934668,0.999962251,0.998858699,0.998488613,0.994164982,0.999157765,0.999823388,0.99994916
328,10.9,10.91666667,0.999916657,0.999715282,0.996896973,0.999477781,0.9954029,0.99999745,0.996924817,0.999501884,0.998731074,0.99569282,0.99569282,0.999999997,0.999179105,0.946472586,0.994948721,0.996916749,0.998512906,0.996675724,0.995925829,0.994367047,1,1,0.993000504,0.990144919,0.967124119,0.999976398,0.998774811,0.999993283,0.998996178,0.999961084,0.998899512,0.99854886,0.994411701,0.996414259,0.999830404,0.999947592
329,10.93333333,10.95,0.999914107,0.999707029,0.997005266,0.999504331,0.995140022,0.999997716,0.997079614,0.999522083,0.998691087,0.995520313,0.995520313,0.999999997,0.999225748,0.944885997,0.995127964,0.997031796,0.998447168,0.997896066,0.996167555,0.994620178,1,1,0.993265809,0.99050271,0.965829997,0.999974691,0.998830287,0.999993569,0.999054141,0.999959881,0.998938867,0.998606709,0.994648044,0.996260638,0.999837142,0.999945975
330,10.96666667,10.98333333,0.999911479,0.999698536,0.997109791,0.999529533,0.994862189,0.999997953,0.997226641,0.999541464,0.998649842,0.995340928,0.995340928,0.999999998,0.999269742,0.943255199,0.995300876,0.997142564,0.998388982,0.997756683,0.996394992,0.994861992,1,1,0.993521125,0.990847631,0.964486804,0.999972859,0.998883255,0.999993844,0.999108759,0.99995864,0.998976816,0.998662254,0.994874444,0.996100462,0.999843611,0.999944309
331,11,11.01666667,0.99990877,0.999689797,0.997210677,0.999553454,0.99456856,0.999998166,0.997366285,0.999560059,0.998607299,0.995154396,0.995154396,0.999999998,0.999311238,0.941579131,0.99546768,0.996623939,0.99832862,0.997608088,0.996608977,0.995092991,1,1,0.993766821,0.991180137,0.963092829,0.999970895,0.998933826,0.999994107,0.999160226,0.999957361,0.999013409,0.998715588,0.995091313,0.995933452,0.999849824,0.999942591
332,11.03333333,11.05,0.999905979,0.999680805,0.997308052,0.999576159,0.994258246,0.999998357,0.997498915,0.9995779,0.998563418,0.994960433,0.994960433,0.999999998,0.999350378,0.939856714,0.995628588,0.996434184,0.998266,0.997449676,0.996810301,0.995313653,1,1,0.994003255,0.991500667,0.961646313,0.999968789,0.99898211,0.999994359,0.999208724,0.999956042,0.999048695,0.998766799,0.99529905,0.99575932,0.99985579,0.999940821
333,11.06666667,11.08333333,0.999903102,0.999671553,0.997402036,0.999597709,0.993930312,0.999998528,0.997624882,0.999595018,0.998518156,0.994758747,0.994758747,0.999999999,0.999387295,0.938086853,0.995783808,0.996233804,0.998201038,0.997280801,0.996999708,0.995524437,1,1,0.994230774,0.991809645,0.960145449,0.999966531,0.99902821,0.999994599,0.999254422,0.999954683,0.99908272,0.99881597,0.995498034,0.995577765,0.999861519,0.999938995
334,11.1,11.11666667,0.999900137,0.999662032,0.997492747,0.999618165,0.993583768,0.999998682,0.997744519,0.999611443,0.99847147,0.994549034,0.994549034,0.999999999,0.999422115,0.936268442,0.995933539,0.996022208,0.998133647,0.997100776,0.9971779,0.995725781,1,1,0.994449709,0.992107479,0.958588382,0.999964109,0.999072223,0.99999483,0.999297484,0.999953282,0.999115529,0.998863182,0.995688633,0.995388473,0.99986702,0.999937114
335,11.13333333,11.15,0.999897081,0.999652235,0.997580299,0.999637581,0.993217574,0.999998819,0.997858143,0.999627201,0.998423315,0.994330977,0.994330977,0.999999999,0.999454957,0.934400359,0.996077974,0.995798774,0.998063736,0.996908869,0.997345538,0.995918105,1,1,0.99466038,0.992394566,0.956973209,0.999961512,0.999114245,0.999995051,0.99933806,0.999951837,0.999147166,0.998908514,0.995871196,0.995191117,0.999872303,0.999935174
336,11.16666667,11.18333333,0.999893932,0.999642155,0.9976648,0.99965601,0.992830632,0.999998942,0.997966055,0.99964232,0.998373646,0.994104249,0.994104249,0.999999999,0.999485934,0.932481467,0.996217298,0.995562846,0.997991212,0.996704302,0.997503242,0.996101808,1,1,0.994863095,0.992671288,0.955297977,0.999958727,0.999154365,0.999995262,0.999376293,0.999950348,0.999177672,0.998952041,0.996046059,0.994985358,0.999877376,0.999933175
337,11.2,11.21666667,0.999890687,0.999631782,0.997746357,0.999673502,0.992421782,0.999999052,0.99806854,0.999656827,0.998322415,0.99386851,0.99386851,0.999999999,0.999515152,0.930510619,0.996351691,0.995313732,0.997915977,0.996486244,0.997651599,0.996277275,1,1,0.995058154,0.992938013,0.953560686,0.999955741,0.999192669,0.999995465,0.99941232,0.999948812,0.999207088,0.998993833,0.996213544,0.994770842,0.999882248,0.999931114
338,11.23333333,11.25,0.999887342,0.999621109,0.997825072,0.999690105,0.991989804,0.999999151,0.998165871,0.999670745,0.998269572,0.993623404,0.993623404,0.999999999,0.999542709,0.928486655,0.996481325,0.995050701,0.99783793,0.996253813,0.99779116,0.996444871,1,1,0.99524584,0.993195097,0.951759287,0.999952538,0.99922924,0.999995658,0.999446267,0.99994723,0.999235452,0.99903396,0.996373961,0.994547199,0.999886926,0.999928989
339,11.26666667,11.28333333,0.999883895,0.999610126,0.997901043,0.999705864,0.991533413,0.999999239,0.998258305,0.999684099,0.998215069,0.993368566,0.993368566,0.999999999,0.999568701,0.926408402,0.99660637,0.994772984,0.997756967,0.996006069,0.997922444,0.996604949,1,1,0.995426432,0.993442884,0.949891682,0.999949104,0.999264155,0.999995844,0.999478254,0.999945598,0.999262802,0.999072489,0.996527605,0.994314046,0.999891418,0.999926799
340,11.3,11.31666667,0.999880342,0.999598826,0.997974366,0.999720821,0.991051253,0.999999318,0.998346089,0.999696912,0.998158851,0.993103615,0.993103615,0.999999999,0.999593216,0.924274679,0.996726985,0.99447977,0.99767298,0.99574201,0.998045941,0.996757842,1,1,0.995600193,0.993681705,0.947955728,0.999945421,0.99929749,0.999996021,0.999508394,0.999943915,0.999289175,0.999109482,0.996674761,0.994070983,0.999895732,0.999924541
341,11.33333333,11.35,0.999876681,0.999587198,0.998045133,0.999735019,0.990541897,0.999999389,0.998429456,0.999709205,0.998100867,0.992828153,0.992828153,1,0.999616338,0.922084294,0.996843327,0.994170204,0.997585855,0.995460573,0.99816211,0.996903871,1,1,0.995767382,0.993911882,0.945949234,0.999941472,0.999329315,0.999996191,0.999536794,0.999942181,0.999314604,0.999145001,0.9968157,0.993817594,0.999899874,0.999922214
342,11.36666667,11.38333333,0.999872908,0.999575233,0.998113432,0.999748494,0.990003841,0.999999453,0.998508626,0.999720999,0.99804106,0.992541772,0.992541772,1,0.999638146,0.919836046,0.996955546,0.993843386,0.997495476,0.995160624,0.998271385,0.997043342,1,1,0.995928243,0.994133723,0.943869963,0.999937237,0.9993597,0.999996354,0.999563554,0.999940393,0.999339125,0.999179104,0.996950684,0.993553446,0.999903852,0.999919815
343,11.4,11.41666667,0.999869019,0.999562921,0.998179349,0.999761285,0.989435502,0.99999951,0.998583811,0.999732316,0.997979373,0.992244045,0.992244045,1,0.999658715,0.917528727,0.997063787,0.993498366,0.997401722,0.994840959,0.998374174,0.997176548,1,1,0.996083014,0.994347526,0.941715633,0.999932696,0.999388709,0.999996509,0.999588768,0.99993855,0.999362769,0.999211848,0.997079962,0.993278089,0.999907672,0.999917342
344,11.43333333,11.45,0.999865011,0.999550253,0.998242967,0.999773425,0.988835215,0.999999561,0.998655211,0.999743173,0.997915748,0.991934529,0.991934529,1,0.999678116,0.915161123,0.997168191,0.993134145,0.997304469,0.994500295,0.998470859,0.997303769,1,1,0.996231925,0.99455358,0.939483919,0.999927826,0.999416405,0.999996658,0.999612527,0.99993665,0.999385568,0.999243288,0.997203775,0.992991053,0.99991134,0.999914792
345,11.46666667,11.48333333,0.999860881,0.999537218,0.998304366,0.999784947,0.988201225,0.999999607,0.998723016,0.99975359,0.997850124,0.991612765,0.991612765,1,0.999696413,0.912732014,0.997268893,0.992749669,0.997203586,0.994137268,0.998561803,0.997425273,1,1,0.996375196,0.994752162,0.937172453,0.999922604,0.999442846,0.999992529,0.999634913,0.999934691,0.999407551,0.999273474,0.997322353,0.99269185,0.999914862,0.999912164
346,11.5,11.51666667,0.999856624,0.999523805,0.998363623,0.999795884,0.987531687,0.999999648,0.998787406,0.999763585,0.997782438,0.991278278,0.991278278,1,0.999713671,0.910240177,0.997366023,0.992343829,0.997098937,0.993750429,0.998647346,0.997541314,1,1,0.996513038,0.99494354,0.934778828,0.999917004,0.99946809,0.999992269,0.999656007,0.999932671,0.999428748,0.999302456,0.997435915,0.992379973,0.999918245,0.999909455
347,11.53333333,11.55,0.999852237,0.999510004,0.998420812,0.999806265,0.986824663,0.999999684,0.998848554,0.999773175,0.997712626,0.990930574,0.990930574,1,0.999729948,0.907684384,0.997459708,0.991915457,0.996990385,0.993338237,0.998727807,0.997652138,1,1,0.996645656,0.995127973,0.932300598,0.999910999,0.999492191,0.999991999,0.999675882,0.999930589,0.999449187,0.999330283,0.997544672,0.992054893,0.999921493,0.999906663
348,11.56666667,11.58333333,0.999847716,0.999495802,0.998476006,0.999816118,0.986078112,0.999999717,0.998906621,0.999782375,0.997640622,0.99056914,0.99056914,1,0.9997453,0.905063408,0.997550068,0.991463323,0.996877783,0.992899052,0.998803488,0.997757978,1,1,0.996773246,0.995305711,0.92973528,0.999904559,0.999515201,0.999991721,0.999694609,0.999928443,0.999468896,0.999357001,0.997648827,0.991716061,0.999924612,0.999903784
349,11.6,11.61666667,0.999843057,0.99948119,0.998529273,0.99982547,0.985289889,0.999999747,0.998961763,0.999791203,0.997566356,0.990193444,0.990193444,1,0.99975978,0.902376023,0.997637222,0.990986134,0.996760982,0.992431135,0.998874672,0.997859057,1,1,0.996895998,0.995476994,0.927080357,0.999897653,0.999537168,0.999991432,0.999712254,0.99992623,0.999487899,0.999382654,0.997748574,0.991362904,0.999927607,0.999900816
350,11.63333333,11.65,0.999838255,0.999466154,0.998580681,0.999834346,0.984457743,0.999999773,0.999014126,0.999799672,0.997489759,0.989802936,0.989802936,1,0.999773437,0.899621002,0.997721283,0.990482526,0.996639827,0.991932634,0.998941625,0.997955588,1,1,0.997014095,0.995642055,0.924333284,0.999890248,0.99955814,0.999991134,0.99972888,0.999923949,0.999506223,0.999407284,0.997844099,0.990994828,0.999930483,0.999897757
351,11.66666667,11.68333333,0.999833306,0.999450682,0.998630295,0.999842771,0.983579307,0.999999797,0.999063851,0.999807798,0.997410757,0.989397044,0.989397044,1,0.999786317,0.896797125,0.99780236,0.989951066,0.996514155,0.991401586,0.999004599,0.998047775,1,1,0.997127711,0.995801117,0.921491485,0.999882307,0.999578163,0.999990825,0.999744546,0.999921598,0.999523892,0.999430931,0.997935579,0.990611215,0.999933245,0.999894604
352,11.7,11.71666667,0.999828206,0.999434763,0.998678177,0.999850768,0.982652098,0.999999818,0.999111071,0.999815594,0.997329275,0.988975175,0.988975175,1,0.999798465,0.893903175,0.997880558,0.989390247,0.996383801,0.990835904,0.999063829,0.998135814,1,1,0.997237016,0.995954398,0.918552362,0.999873792,0.999597278,0.999990505,0.999759307,0.999919173,0.999540928,0.999453636,0.998023184,0.990211422,0.999935897,0.999891354
353,11.73333333,11.75,0.99982295,0.999418382,0.998724387,0.999858358,0.981673508,0.999999837,0.99915591,0.999823075,0.997245236,0.988536716,0.988536716,1,0.999809923,0.890937943,0.997955979,0.988798484,0.99624859,0.990233372,0.999119538,0.998219889,1,1,0.997342173,0.996102105,0.915513295,0.999864661,0.999615528,0.999990175,0.999773215,0.999916674,0.999557356,0.999475435,0.99810708,0.98979478,0.999938444,0.999888003
354,11.76666667,11.78333333,0.999817533,0.999401527,0.998768983,0.999865562,0.980640804,0.999999854,0.99919849,0.999830251,0.997158561,0.988081029,0.988081029,1,0.999820729,0.887900231,0.998028722,0.98817411,0.996108343,0.98959164,0.999171935,0.998300178,1,1,0.997443338,0.996244439,0.912371649,0.999854869,0.999632951,0.999989832,0.999786319,0.999914097,0.999573195,0.999496365,0.998187421,0.989360595,0.99994089,0.999884549
355,11.8,11.81666667,0.99981195,0.999384184,0.998812023,0.999872399,0.979551118,0.999999869,0.999238923,0.999837137,0.997069166,0.987607455,0.987607455,1,0.999830921,0.88478885,0.998098881,0.987515372,0.995962874,0.988908215,0.999221215,0.998376852,1,1,0.997540661,0.996381595,0.909124776,0.999844368,0.999649585,0.999989478,0.999798667,0.999911441,0.999588468,0.999516461,0.998264358,0.988908144,0.999943238,0.999880988
356,11.83333333,11.85,0.999806196,0.999366339,0.998853559,0.999878889,0.978401448,0.999999883,0.999277319,0.999843744,0.996976967,0.98711531,0.98711531,1,0.999840534,0.881602627,0.998166547,0.98682043,0.995811991,0.988180452,0.999267566,0.998450073,1,1,0.997634289,0.996513759,0.905770023,0.999833108,0.999665465,0.999989111,0.999810301,0.999908703,0.999603195,0.999535755,0.998338035,0.988436677,0.999945493,0.999877317
357,11.86666667,11.88333333,0.999800267,0.999347976,0.998893644,0.999885049,0.977188647,0.999999895,0.999313778,0.999850082,0.996881877,0.986603886,0.986603886,1,0.999849601,0.878340404,0.998231809,0.98608735,0.995655493,0.987405545,0.999311159,0.998519996,1,1,0.99772436,0.996641112,0.902304734,0.999821034,0.999680625,0.999988732,0.999821263,0.999905879,0.999617395,0.999554279,0.99840859,0.987945414,0.999947659,0.999873534
358,11.9,11.91666667,0.999794156,0.999329082,0.99893233,0.999890896,0.975909421,0.999999906,0.999348399,0.999856164,0.996783805,0.986072448,0.986072448,1,0.999858152,0.87500104,0.998294753,0.985314101,0.995493173,0.986580525,0.99935216,0.998586769,1,1,0.99781101,0.996763828,0.898726258,0.999808086,0.999695099,0.999988339,0.999831591,0.999902969,0.999676662,0.999572064,0.998476153,0.987433546,0.999949738,0.999869633
359,11.93333333,11.95,0.999787858,0.999309641,0.998969664,0.999896445,0.974560326,0.999999916,0.999381275,0.999861999,0.99668266,0.985520237,0.985520237,1,0.999866216,0.871583417,0.998355459,0.984498552,0.995324818,0.985702243,0.999390721,0.998650534,1,1,0.997894367,0.996882075,0.895031955,0.999794202,0.999708917,0.999987933,0.999841323,0.999899969,0.999665313,0.999589141,0.998540853,0.986900231,0.999951735,0.999865613
360,11.96666667,11.98333333,0.999781368,0.999289637,0.999005694,0.999901712,0.973137759,0.999999924,0.999412493,0.999867597,0.996578344,0.984946465,0.984946465,1,0.999873823,0.868086439,0.998414008,0.983638464,0.995150204,0.984767367,0.999426989,0.998711425,1,1,0.997974556,0.996996014,0.891219201,0.999779313,0.999722109,0.999987513,0.999850493,0.999896876,0.999653565,0.999605536,0.998602809,0.986344595,0.999953653,0.999861468
361,12,12.01666667,0.999774679,0.999269054,0.999040465,0.999906711,0.971637959,0.999999932,0.999442137,0.999872968,0.996470759,0.984350319,0.984350319,1,0.999880997,0.864509037,0.998470475,0.982731493,0.994969101,0.983772369,0.999461099,0.998769571,1,1,0.998051697,0.997105801,0.887285398,0.999763348,0.999734704,0.999987078,0.999859133,0.999893687,0.999641405,0.999621277,0.998662138,0.985765731,0.999955494,0.999857196
362,12.03333333,12.05,0.999767785,0.999247875,0.999074022,0.999911456,0.970056997,0.999999939,0.999470285,0.999956665,0.996359805,0.983730954,0.983730954,1,0.999887763,0.86085017,0.998524935,0.981775176,0.994781271,0.982713518,0.99949318,0.998825098,1,1,0.998125906,0.997211588,0.883227976,0.999746227,0.999746727,0.999986628,0.999867273,0.9998904,0.999628819,0.99963639,0.998718952,0.985162698,0.999957263,0.999852792
363,12.06666667,12.08333333,0.999760681,0.999226082,0.999106406,0.99991596,0.968390776,0.999999946,0.999497014,0.999954234,0.996245375,0.983087498,0.983087498,1,0.999894144,0.857108828,0.998577458,0.980766936,0.994586467,0.98158687,0.999523351,0.998878121,1,1,0.998197294,0.997313518,0.879044409,0.999727869,0.999758206,0.999986162,0.999874943,0.999887011,0.999615791,0.9996509,0.998773355,0.984534518,0.999958961,0.999848252
364,12.1,12.11666667,0.999753359,0.999203659,0.999137658,0.999920234,0.966635025,0.999999951,0.999522396,0.999951666,0.996127362,0.982419047,0.982419047,1,0.999900163,0.853284036,0.998628114,0.979704071,0.994384431,0.980388259,0.999551728,0.998928754,1,1,0.998265966,0.997411731,0.874732216,0.999708183,0.999769165,0.99998568,0.99988217,0.999883517,0.999602306,0.999664831,0.998825451,0.983880178,0.999960591,0.999843572
365,12.13333333,12.15,0.999745813,0.999180586,0.999167818,0.999924291,0.964785296,0.999999956,0.999546496,0.999948955,0.996005654,0.981724668,0.981724668,1,0.99990584,0.849374857,0.998676969,0.978583752,0.9941749,0.979113284,0.999578415,0.998977104,1,1,0.998332028,0.997506363,0.870288974,0.999687073,0.999779627,0.999985181,0.99988898,0.999879915,0.999588348,0.999678207,0.998875337,0.983198625,0.999962157,0.999838748
366,12.16666667,12.18333333,0.999738037,0.999156846,0.999196925,0.999928142,0.962836962,0.999999961,0.999569382,0.999946091,0.995880138,0.981003393,0.981003393,1,0.999911193,0.845380394,0.998724086,0.977403019,0.993957599,0.977757302,0.999603515,0.999023273,1,1,0.998395576,0.997597544,0.865712324,0.999664437,0.999789615,0.999984665,0.999895395,0.999876202,0.9995739,0.999691049,0.998923106,0.982488768,0.99996366,0.999833775
367,12.2,12.21666667,0.999730023,0.999132418,0.999225014,0.999931797,0.960785213,0.999999965,0.999591113,0.999943067,0.995750694,0.980254225,0.980254225,1,0.999916243,0.841299793,0.998769527,0.976158774,0.993732242,0.976315418,0.99962712,0.999067361,1,1,0.998456707,0.997685398,0.860999987,0.999640163,0.999799151,0.99998413,0.999901441,0.999872374,0.999558945,0.999703378,0.998968848,0.981749477,0.999965104,0.999828648
368,12.23333333,12.25,0.999721763,0.999107283,0.999252121,0.999935266,0.958625056,0.999999969,0.999469239,0.999939873,0.9956172,0.979476129,0.979476129,1,0.999921005,0.837132247,0.998813351,0.974847782,0.993498535,0.974782474,0.999649321,0.999109461,1,1,0.998515513,0.997770047,0.856149764,0.999614135,0.999808254,0.999983577,0.999907136,0.999868428,0.999543466,0.999715216,0.99901265,0.980979579,0.999966491,0.999823364
369,12.26666667,12.28333333,0.999713251,0.999081421,0.999278281,0.999938559,0.956351313,0.999999972,0.999447146,0.9999365,0.995479533,0.97866804,0.97866804,1,0.999925497,0.832877,0.998855617,0.973466659,0.993256173,0.973153042,0.999670201,0.999149662,1,1,0.998572081,0.997851607,0.851159555,0.999586225,0.999816945,0.999983005,0.999912503,0.999864359,0.999527443,0.999726582,0.999054592,0.980177858,0.999967822,0.999817917
370,12.3,12.31666667,0.999704479,0.99905481,0.999303526,0.999941684,0.953958617,0.999999975,0.999424133,0.999932938,0.995337561,0.977828853,0.977828853,1,0.999929733,0.828533349,0.998896378,0.972011876,0.99300484,0.971421411,0.999689837,0.999188049,1,1,0.998626496,0.997930189,0.846027368,0.999556297,0.999825242,0.999982413,0.99991756,0.999860165,0.999510859,0.999737494,0.999094755,0.979343056,0.9999691,0.999812301
371,12.33333333,12.35,0.999695438,0.999027429,0.999327889,0.99994465,0.951441421,0.999999977,0.999400164,0.999929175,0.995191152,0.976957431,0.976957431,1,0.999933728,0.824100645,0.99893569,0.970479748,0.992744209,0.96958158,0.999708305,0.999224705,1,1,0.99867884,0.998005904,0.840751326,0.999524205,0.999833163,0.9999818,0.999922324,0.999855842,0.999493693,0.99974797,0.999133212,0.978473869,0.999970328,0.999806513
372,12.36666667,12.38333333,0.999686121,0.998999256,0.9993514,0.999947466,0.948793991,0.99999998,0.999375197,0.999925202,0.995040168,0.976052597,0.976052597,1,0.999937496,0.819578302,0.998973602,0.968866435,0.99247394,0.967627252,0.999725674,0.999259707,1,1,0.998729192,0.998078853,0.835329684,0.999489793,0.999840725,0.999981166,0.999926813,0.999851384,0.999475924,0.999758029,0.999170038,0.977568946,0.999971507,0.999800546
373,12.4,12.41666667,0.999676519,0.998970267,0.99937409,0.999950138,0.946010412,0.999999982,0.999349192,0.999921006,0.994884468,0.975113138,0.975113138,1,0.99994105,0.814965796,0.999010166,0.967167935,0.992193683,0.965551824,0.999742008,0.999293131,1,1,0.998777628,0.99814914,0.829760836,0.999452894,0.999847944,0.99998051,0.999931043,0.999846789,0.999457533,0.999767686,0.9992053,0.976626891,0.999972639,0.999794395
374,12.43333333,12.45,0.999666623,0.99894044,0.999395986,0.999952674,0.943084594,0.999999984,0.999322105,0.999916575,0.994723906,0.974137799,0.974137799,1,0.999944402,0.81026267,0.999045428,0.965380084,0.991903076,0.963348378,0.99975737,0.999325046,1,1,0.998824219,0.998216859,0.82404333,0.999413327,0.999854836,0.999979831,0.999935028,0.999842052,0.999438496,0.999776958,0.999239065,0.975646257,0.999973726,0.999788055
375,12.46666667,12.48333333,0.999656425,0.99890975,0.999417117,0.999955081,0.940010274,0.999999985,0.999293892,0.999911895,0.994558333,0.97312529,0.97312529,1,0.999947563,0.805468537,0.999079435,0.963498551,0.991601741,0.961009683,0.999433591,0.999355521,1,1,0.998869037,0.998282105,0.818175878,0.999370901,0.999861416,0.999979129,0.999938783,0.999837168,0.999418792,0.99978586,0.999271396,0.974625549,0.99997477,0.999781519
376,12.5,12.51666667,0.999645914,0.998878171,0.999437508,0.999957366,0.936781025,0.999999987,0.999264505,0.999906952,0.994387592,0.972074277,0.972074277,0.999988847,0.999950545,0.800583081,0.999112232,0.961518836,0.99128929,0.958528183,0.999408696,0.999384621,1,1,0.998912148,0.998344967,0.81215737,0.999325409,0.999867698,0.999978402,0.999942321,0.999832134,0.999398397,0.999794406,0.999302355,0.97356322,0.999975772,0.999774781
377,12.53333333,12.55,0.999635083,0.998845679,0.999457187,0.999959535,0.933390262,0.999999988,0.999233897,0.999901732,0.994211526,0.970983387,0.970983387,0.999988307,0.999953357,0.795606067,0.999143861,0.959436268,0.990965321,0.955895998,0.999382709,0.999412408,1,1,0.998953617,0.998405533,0.805986886,0.99927663,0.999873695,0.999977649,0.999945654,0.999826943,0.999377286,0.999802612,0.999331999,0.972457673,0.999976735,0.999767836
378,12.56666667,12.58333333,0.99962392,0.998812247,0.999476178,0.999961593,0.929831258,0.99999999,0.999202015,0.99989622,0.994029969,0.969851204,0.969851204,0.99998774,0.999956009,0.790537337,0.999174364,0.957246005,0.990629416,0.953104924,0.999355579,0.999438941,1,1,0.998993508,0.998463886,0.799663705,0.999224326,0.99987942,0.99997687,0.999948795,0.999821592,0.999355436,0.999810017,0.999360384,0.971307256,0.999977659,0.999760676
379,12.6,12.61666667,0.999612416,0.998777848,0.999494504,0.999963546,0.92609715,0.999999991,0.999168808,0.999890398,0.993842753,0.96867627,0.96867627,0.999987145,0.999958511,0.785376817,0.999203782,0.954943031,0.990281146,0.950146431,0.999327259,0.999464276,1,1,0.999031879,0.998520106,0.793187322,0.999168244,0.999884886,0.999976065,0.999951754,0.999816076,0.999332819,0.99980284,0.999387564,0.970110264,0.999978547,0.999753296
380,12.63333333,12.65,0.99960056,0.998742454,0.99951219,0.999965401,0.922180958,0.999999992,0.99913422,0.99988425,0.993649704,0.967457084,0.967457084,0.999986522,0.99996087,0.780124519,0.999232152,0.952522159,0.989920063,0.947011671,0.999297694,0.999488468,1,1,0.999068788,0.998574272,0.786557457,0.99910811,0.999890103,0.999975231,0.99983555,0.99981039,0.999309409,0.999795392,0.99941359,0.968864937,0.999979399,0.999745689
381,12.66666667,12.68333333,0.999588341,0.998706036,0.999529257,0.999967161,0.918075601,0.999999992,0.999098194,0.999877757,0.993450642,0.966192101,0.966192101,0.999985869,0.999963095,0.774780546,0.999259512,0.949978029,0.989545706,0.943691482,0.999266832,0.999511568,1,1,0.999104292,0.998626458,0.779774065,0.999043634,0.999895085,0.999974368,0.999828492,0.999804527,0.999285178,0.999787662,0.99943851,0.967569459,0.999980218,0.999737847
382,12.7,12.71666667,0.999575749,0.998668565,0.999545728,0.999968831,0.913773915,0.999999993,0.999060671,0.999870899,0.993245382,0.964879732,0.964879732,0.999985184,0.999965193,0.769345091,0.999285897,0.947305112,0.989157598,0.940176394,0.999234614,0.999533625,1,1,0.999138443,0.998676736,0.772837352,0.9989745,0.999899841,0.999973475,0.999821131,0.999798483,0.999260097,0.99977964,0.99970144,0.966221958,0.999981004,0.999729763
383,12.73333333,12.75,0.999562772,0.99863001,0.999561622,0.999970416,0.909268679,0.999999994,0.999021587,0.999863657,0.993033734,0.963518342,0.963518342,0.999984466,0.999967172,0.763818446,0.999311343,0.944497713,0.988755247,0.936456651,0.999200981,0.999554687,1,1,0.999171293,0.998725176,0.765747784,0.998900375,0.999904381,0.999972551,0.999813455,0.999792253,0.999234137,0.999771316,0.999691873,0.964820503,0.999981759,0.99972143
384,12.76666667,12.78333333,0.999549398,0.998590341,0.99957696,0.999971921,0.904552636,0.999999995,0.998980879,0.999856009,0.992815503,0.962106252,0.962106252,0.999983713,0.999969039,0.758200997,0.999335883,0.941549974,0.98833814,0.93252222,0.999165872,0.999574798,1,1,0.999202892,0.998771845,0.758506095,0.998820898,0.999908715,0.999971595,0.999805449,0.99978583,0.999207268,0.999762677,0.999682,0.963363106,0.999982483,0.99971284
385,12.8,12.81666667,0.999535616,0.998549524,0.999591763,0.999973349,0.899618525,0.999999995,0.99893848,0.999847932,0.992590486,0.960641737,0.960641737,0.999982923,0.999970799,0.752493235,0.99935955,0.938455881,0.98790575,0.928362815,0.999129221,0.999594001,1,1,0.999233287,0.998816808,0.751113298,0.998735684,0.999912853,0.999970605,0.999797099,0.999779208,0.999179456,0.999753711,0.99967181,0.961847721,0.999983179,0.999703985
386,12.83333333,12.85,0.999521411,0.998507528,0.999606047,0.999974705,0.894459107,0.999999996,0.998894318,0.999839402,0.992358476,0.959123026,0.959123026,0.999982095,0.99997246,0.746695751,0.999382373,0.935209271,0.987457532,0.923967924,0.999090962,0.999612337,1,1,0.999262523,0.998860126,0.743570698,0.99864432,0.999916803,0.999969581,0.999788392,0.999772382,0.999150669,0.999744407,0.999661294,0.960272241,0.999983848,0.999694857
387,12.86666667,12.88333333,0.999506773,0.998464317,0.999619831,0.999975992,0.889067205,0.999999996,0.998848321,0.999830394,0.992119259,0.957548303,0.957548303,0.999981227,0.999974026,0.740809244,0.999404383,0.931803839,0.986992922,0.91932684,0.999051023,0.999629845,1,1,0.999290646,0.998901861,0.735879895,0.998546363,0.999920574,0.999968521,0.99977931,0.999765344,0.999120873,0.999734752,0.999650441,0.9586345,0.999984489,0.999685448
388,12.9,12.91666667,0.999491687,0.998419857,0.999633134,0.999977213,0.883435738,0.999999997,0.998800413,0.99982088,0.991872614,0.955915704,0.955915704,0.999980317,0.999975503,0.73483452,0.99942561,0.928233152,0.986511336,0.914428695,0.999009331,0.999646563,1,1,0.999317697,0.998942069,0.728042793,0.998441339,0.999924175,0.999967425,0.999769839,0.999758089,0.999090033,0.999724732,0.999639241,0.956932273,0.999985106,0.999675749
389,12.93333333,12.95,0.99947614,0.998374112,0.999645971,0.999978372,0.877557762,0.999999997,0.998750515,0.999810833,0.991618315,0.954223321,0.954223321,0.999979363,0.999976896,0.728772495,0.99944608,0.924490658,0.986012172,0.909262508,0.998965809,0.999662526,1,1,0.999343717,0.998980806,0.720061608,0.99832874,0.999927612,0.99996629,0.999759962,0.99975061,0.999058112,0.999714334,0.999627682,0.955163274,0.999981079,0.99966575
390,12.96666667,12.98333333,0.999460118,0.998327046,0.999658359,0.999979472,0.871426517,0.999999997,0.998698543,0.999800222,0.991356129,0.952469198,0.952469198,0.999978363,0.999978209,0.722624196,0.999465822,0.9205697,0.985494808,0.90381723,0.998920377,0.999677769,1,1,0.999368745,0.999018126,0.711938873,0.998208022,0.999930893,0.999965115,0.999749661,0.9997429,0.999025073,0.999703543,0.999615753,0.953325157,0.999980385,0.999655444
391,13,13.01666667,0.999443606,0.998278619,0.999670314,0.999980516,0.865035471,0.999999997,0.998644413,0.999789016,0.991085816,0.950651335,0.950651335,0.999977314,0.999979449,0.716390762,0.99948486,0.916463537,0.9849586,0.898081802,0.998872952,0.999692323,1,1,0.999392819,0.999054081,0.70367744,0.9980786,0.999934026,0.9999639,0.999738918,0.999734951,0.998990876,0.999692345,0.999603441,0.951415519,0.999979664,0.99964482
392,13.03333333,13.05,0.999426589,0.998228792,0.999681851,0.999947324,0.858378371,0.999999998,0.998588035,0.999777182,0.990807127,0.948767686,0.948767686,0.999976214,0.999980617,0.710073449,0.99950322,0.912165359,0.984402884,0.892045217,0.998823446,0.99970622,1,1,0.999415976,0.99908872,0.695280484,0.997939851,0.999937017,0.999962642,0.999727714,0.999726757,0.99895548,0.999680723,0.999590736,0.949431894,0.999978918,0.999633869
393,13.06666667,13.08333333,0.999409052,0.998177526,0.999692984,0.999945171,0.8514493,0.999999998,0.998529315,0.999764684,0.990519809,0.94681616,0.94681616,0.999975061,0.999981719,0.703673625,0.999520925,0.907668308,0.983826974,0.885696594,0.998771768,0.999719489,1,1,0.99943825,0.999122093,0.686751505,0.997791104,0.999939872,0.999961341,0.999716029,0.99971831,0.998918844,0.999668663,0.999577623,0.947371761,0.999978144,0.99962258
394,13.1,13.11666667,0.999390979,0.998124779,0.999703728,0.999942929,0.844242729,0.999999998,0.998468157,0.999751486,0.9902236,0.944794622,0.944794622,0.999973852,0.999982759,0.697192775,0.999538001,0.902965505,0.983230161,0.879025252,0.998717823,0.999732159,1,1,0.999459675,0.999154244,0.67809433,0.997631643,0.999942597,0.999959994,0.999703843,0.999709601,0.998880925,0.999656147,0.99956409,0.945232541,0.999977341,0.999610943
395,13.13333333,13.15,0.999372354,0.998070508,0.999714095,0.999940596,0.836753578,0.999999998,0.99840446,0.999737547,0.989918229,0.942700894,0.942700894,0.999972585,0.999983739,0.6906325,0.999554467,0.898050075,0.982611713,0.872020799,0.998661512,0.999744257,1,1,0.999480284,0.999185218,0.669313105,0.9974607,0.999945199,0.999958601,0.999691134,0.999700623,0.998841677,0.999643159,0.999550125,0.943011596,0.99997651,0.999598947
396,13.16666667,13.18333333,0.999353159,0.99801467,0.9997241,0.999938168,0.828977279,0.999999999,0.998338119,0.999722826,0.989603421,0.940532758,0.940532758,0.999971256,0.999984664,0.683994518,0.999570347,0.892915177,0.981970877,0.864673223,0.998602732,0.999755809,1,1,0.999500106,0.999215059,0.660412301,0.997277452,0.999947684,0.999957158,0.99967788,0.999691368,0.998801054,0.999629681,0.999535711,0.940706237,0.999975647,0.999586582
397,13.2,13.21666667,0.999333378,0.997957219,0.999733755,0.99993564,0.820909836,0.999999999,0.998269024,0.999707281,0.989278888,0.938287953,0.938287953,0.999969862,0.999985536,0.677280661,0.999585662,0.887554032,0.981306872,0.856972995,0.998541374,0.999766839,1,1,0.999519173,0.999243808,0.651396701,0.997081019,0.999950055,0.999955666,0.999664058,0.999681827,0.998759009,0.999615693,0.999520837,0.93831372,0.999974753,0.999573835
398,13.23333333,13.25,0.999312993,0.997898109,0.999743073,0.999933009,0.81254789,0.999999999,0.998197062,0.999690863,0.988944339,0.935964179,0.935964179,0.999968401,0.999986358,0.670492878,0.999600431,0.881959967,0.980618895,0.848911178,0.998477325,0.999777371,1,1,0.999537514,0.999271505,0.6422714,0.996870458,0.999952319,0.999954121,0.999649642,0.99967199,0.998715491,0.999601178,0.999505486,0.935831249,0.999973826,0.999560696
399,13.26666667,13.28333333,0.999291984,0.997837293,0.999752064,0.99993027,0.803888787,0.999999999,0.998122113,0.999673526,0.98859947,0.933559098,0.933559098,0.99996687,0.999987134,0.663633232,0.999614673,0.876126444,0.979906116,0.840479536,0.998410469,0.999787428,1,1,0.999555154,0.999298188,0.633041794,0.996644758,0.999954481,0.999952523,0.999634609,0.99966185,0.998670449,0.999586114,0.999489643,0.93325598,0.999972865,0.999547152
400,13.3,13.31666667,0.999270333,0.99777472,0.99976074,0.999927419,0.794930637,0.999999999,0.998044055,0.999655216,0.988243972,0.93107034,0.93107034,0.999965264,0.999987866,0.656703899,0.999628408,0.870047108,0.97916768,0.83167066,0.998340682,0.99979703,1,1,0.999572123,0.999323894,0.623713571,0.99640284,0.999956544,0.999950869,0.99961893,0.999651397,0.99862383,0.999570482,0.999473293,0.930585026,0.999971869,0.99953319
401,13.33333333,13.35,0.999248021,0.997710342,0.999769114,0.999924452,0.785672387,0.999999999,0.997962759,0.999635879,0.987877524,0.928495497,0.928495497,0.99996358,0.999988556,0.649707165,0.999641654,0.863715826,0.978402705,0.822478093,0.998267836,0.999806198,1,0.999915842,0.999588444,0.99934866,0.6142927,0.996143548,0.999958514,0.999949158,0.999602579,0.99964062,0.998575578,0.999554259,0.99945642,0.927815453,0.999970836,0.999518798
402,13.36666667,13.38333333,0.999225027,0.997644105,0.999777194,0.999921364,0.776113876,0.999999999,0.997878091,0.999615459,0.987499798,0.925832134,0.925832134,0.999961814,0.999989206,0.64264543,0.999654427,0.857126739,0.977610283,0.812896452,0.998191798,0.999814953,1,0.999912259,0.999604143,0.999372519,0.60478542,0.995865642,0.999960395,0.999947386,0.999585527,0.999629511,0.998525637,0.999537424,0.999439006,0.92494429,0.999969766,0.999503963
403,13.4,13.41666667,0.999201331,0.997575957,0.999784991,0.999918149,0.766255903,0.999999999,0.997789912,0.999593894,0.987110456,0.923077785,0.923077785,0.999959963,0.99998982,0.635521196,0.999666746,0.850274306,0.976789475,0.802921569,0.998112429,0.999823312,1,0.999908523,0.999619243,0.999395504,0.595198222,0.995567798,0.99996219,0.999945553,0.999567743,0.999618058,0.998473948,0.999519954,0.999421035,0.92196853,0.999968656,0.999488671
404,13.43333333,13.45,0.99917691,0.997505843,0.999792516,0.999914803,0.756100277,0.999999999,0.997698078,0.99957112,0.98670915,0.920229963,0.920229963,0.999958023,0.999990399,0.628337073,0.999678625,0.84315336,0.975939317,0.792550613,0.998029582,0.999831293,1,0.999904628,0.999633768,0.999417648,0.585537836,0.9952486,0.999963904,0.999943657,0.999549197,0.999606251,0.998420449,0.999501824,0.999402489,0.918885135,0.999967505,0.999472907
405,13.46666667,13.48333333,0.999151744,0.997433705,0.999799777,0.99991132,0.745649877,0.999999999,0.997602436,0.999547069,0.986295524,0.917286155,0.917286155,0.999955988,0.999990945,0.621095772,0.999690081,0.835759161,0.975058814,0.781782227,0.997943107,0.999838914,1,0.999900567,0.999647738,0.999438981,0.575811212,0.994906532,0.99996554,0.999941694,0.999529855,0.999594079,0.998365079,0.999483009,0.999383348,0.915691043,0.999966312,0.999456658
406,13.5,13.51666667,0.999125808,0.997359487,0.999806784,0.999907695,0.734908697,1,0.997502831,0.99952167,0.985869209,0.914243834,0.914243834,0.999953854,0.99999146,0.613800102,0.999701129,0.828087451,0.974146943,0.77061665,0.997852845,0.999846191,1,0.999896334,0.999661176,0.999459533,0.566025502,0.994539972,0.999967102,0.999939663,0.999509683,0.999581532,0.99830777,0.999463485,0.999363596,0.912383168,0.999965075,0.999439908
407,13.53333333,13.55,0.999099081,0.997283128,0.999813546,0.999903921,0.723881889,1,0.997399098,0.999494848,0.985429829,0.911100458,0.911100458,0.999951617,0.999991945,0.606452967,0.999711783,0.820134516,0.97320265,0.759055839,0.997758631,0.999853139,1,0.99989192,0.999674102,0.999479333,0.556188043,0.994147188,0.999968594,0.999937561,0.999488647,0.999568596,0.998248456,0.999443223,0.99934321,0.908958412,0.999963793,0.999422642
408,13.56666667,13.58333333,0.999071537,0.997204568,0.999820072,0.999899994,0.712575795,1,0.997291068,0.999466523,0.984976994,0.907853474,0.907853474,0.999949272,0.999992403,0.59905736,0.999722058,0.811897238,0.972224849,0.747103582,0.997660293,0.999859774,1,0.999887318,0.999686534,0.999498407,0.546306327,0.993726325,0.999970017,0.999935386,0.999466709,0.999555261,0.998187067,0.999422197,0.999322172,0.905413667,0.999962464,0.999404844
409,13.6,13.61666667,0.999043152,0.997123742,0.999826369,0.999895905,0.700997976,1,0.997178563,0.99943661,0.984510307,0.904500328,0.904500328,0.999946813,0.999992835,0.591616361,0.999731966,0.803373163,0.971212425,0.734765599,0.997557651,0.999866108,1,0.99988252,0.999698493,0.999516783,0.536387989,0.993275404,0.999971376,0.999933135,0.99944383,0.999541514,0.99812353,0.999400377,0.999300461,0.901745825,0.999961086,0.999386498
410,13.63333333,13.65,0.999013899,0.997040586,0.999832446,0.99989165,0.689157229,1,0.9970614,0.999405021,0.984029358,0.901038464,0.901038464,0.999944235,0.999993243,0.584133134,0.999741521,0.794560553,0.97016423,0.722049627,0.997450517,0.999872157,1,0.999877518,0.999709995,0.999534487,0.526440778,0.992792308,0.999972674,0.999930805,0.99941997,0.999527342,0.998057771,0.999377734,0.999278055,0.897951784,0.999959657,0.999367586
411,13.66666667,13.68333333,0.998983754,0.996955033,0.99983831,0.999887221,0.677063594,1,0.996939387,0.999371662,0.983533725,0.897465334,0.897465334,0.999941532,0.999993627,0.576610915,0.999750736,0.785458448,0.969079083,0.708965491,0.997338696,0.999877932,1,0.999872303,0.999721059,0.999551542,0.516472535,0.992274776,0.999973913,0.999928395,0.999395087,0.999512733,0.997989712,0.999354236,0.999254932,0.894028454,0.999958176,0.999348092
412,13.7,13.71666667,0.998952688,0.996867015,0.999843969,0.99988261,0.664728347,1,0.996812324,0.999336433,0.983022976,0.8937784,0.8937784,0.999938698,0.999993989,0.569053015,0.999759622,0.776066725,0.967955773,0.695525159,0.997221985,0.999883447,1,0.999866866,0.9997317,0.999567972,0.506491165,0.991720394,0.999975095,0.9999259,0.999369137,0.999497672,0.997919273,0.999329852,0.999231069,0.88997277,0.999956641,0.999327998
413,13.73333333,13.75,0.998920673,0.996776461,0.99984943,0.999877812,0.652163989,1,0.996680003,0.999299231,0.982496666,0.889975145,0.889975145,0.999935726,0.999994331,0.561462808,0.999768192,0.766386152,0.966793053,0.681742766,0.99710017,0.999888712,1,0.999861198,0.999741936,0.999583801,0.496504618,0.991126584,0.999976224,0.999923319,0.999342075,0.999482145,0.997846371,0.999304547,0.999206442,0.8857817,0.999955049,0.999307284
414,13.76666667,13.78333333,0.99888768,0.996683298,0.999854699,0.999872817,0.639384217,1,0.996542208,0.999259945,0.98195434,0.886053075,0.886053075,0.999932611,0.999994654,0.553843729,0.999776456,0.75641844,0.965589644,0.667634624,0.99697303,0.999893739,1,0.999855288,0.999751782,0.99959905,0.486520859,0.990490594,0.999977302,0.999920648,0.999313853,0.999466139,0.997770921,0.999278288,0.999181027,0.881452252,0.999953398,0.999285933
415,13.8,13.81666667,0.998853681,0.996587452,0.999859785,0.999867618,0.626403885,1,0.996398715,0.999218459,0.981395529,0.88200973,0.88200973,0.999929344,0.999994958,0.546199268,0.999784425,0.746166293,0.964344232,0.653219201,0.996840333,0.99989854,1,0.999849127,0.999761252,0.99961374,0.476547845,0.989809489,0.999978331,0.999917883,0.999284421,0.999449639,0.997692834,0.999251038,0.999154798,0.876981487,0.999951688,0.999263924
416,13.83333333,13.85,0.998818643,0.996488846,0.999864692,0.999862206,0.613238949,1,0.99624929,0.999174648,0.980819751,0.87784269,0.87784269,0.999925919,0.999995244,0.53853296,0.999792111,0.735633451,0.963055469,0.638517071,0.996701838,0.999903123,1,0.999842703,0.99977036,0.999627893,0.466593498,0.989080138,0.999959752,0.999915023,0.999253727,0.999432629,0.997612017,0.999222759,0.999127731,0.872366531,0.999949914,0.999241237
417,13.86666667,13.88333333,0.998782536,0.996387401,0.999869428,0.999856573,0.59990641,1,0.996093689,0.999128383,0.980226512,0.873549582,0.873549582,0.999922328,0.999995515,0.530848383,0.999799522,0.724824731,0.961721974,0.623550844,0.996557294,0.9999075,1,0.999836006,0.999779121,0.999641527,0.45666568,0.988299204,0.999958251,0.999912063,0.999221718,0.999415093,0.997528377,0.999193414,0.999099797,0.867604585,0.999948075,0.999217851
418,13.9,13.91666667,0.998745326,0.996283036,0.999873998,0.99985071,0.586424229,1,0.995931659,0.999079528,0.979615307,0.869128091,0.869128091,0.999918563,0.99999577,0.523149149,0.999806669,0.713746053,0.960342329,0.608345054,0.996406438,0.999911679,1,0.999829024,0.999787548,0.999654661,0.44677217,0.987463129,0.999956694,0.999908999,0.999188337,0.999397016,0.997441815,0.999162962,0.99907097,0.862692937,0.999946169,0.999193745
419,13.93333333,13.95,0.998706981,0.996175668,0.999878408,0.999844608,0.572811247,1,0.995762937,0.999027937,0.978985613,0.864575964,0.864575964,0.999914616,0.99999601,0.515438897,0.999813562,0.702404474,0.958915081,0.592926032,0.996248996,0.999915669,1,0.999821745,0.999795654,0.999667315,0.43692064,0.986568124,0.999955079,0.999905829,0.999153526,0.999378381,0.997352229,0.999131361,0.99904122,0.857628975,0.999944193,0.999168897
420,13.96666667,13.98333333,0.998667465,0.996065211,0.999882664,0.999838256,0.559087083,1,0.995587249,0.998973457,0.978336899,0.859891024,0.859891024,0.999910477,0.999996237,0.50772129,0.999820209,0.690808195,0.957438745,0.577321746,0.996084684,0.999919479,1,0.999814156,0.99980345,0.999679505,0.427118628,0.985610157,0.999953404,0.999902549,0.999117223,0.99935917,0.997259515,0.999098569,0.999010519,0.852410203,0.999942144,0.999143283
421,14,14.01666667,0.998626743,0.995951576,0.99988677,0.999831644,0.545272026,1,0.995404309,0.998915928,0.977668615,0.85507118,0.85507118,0.999906137,0.999996451,0.5,0.999826619,0.678966574,0.955911798,0.561561608,0.995913203,0.999923116,1,0.999806243,0.999810949,0.999691249,0.417373518,0.984584934,0.999951666,0.999899154,0.999079364,0.999339365,0.997163563,0.999064539,0.998978835,0.847034251,0.99994002,0.999116881
422,14.03333333,14.05,0.998584779,0.995834673,0.999890733,0.999824762,0.53138692,1,0.995213822,0.998855178,0.9769802,0.850114431,0.850114431,0.999901588,0.999996653,0.49227871,0.9998328,0.666890123,0.954332682,0.545676275,0.995734244,0.99992659,1,0.999797994,0.999818162,0.999702562,0.407692521,0.983487892,0.999949864,0.999895641,0.999039883,0.999318949,0.997064262,0.999029226,0.998946138,0.841498892,0.999937818,0.999089666
423,14.06666667,14.08333333,0.998541534,0.995714409,0.999894558,0.999817599,0.517453043,1,0.995015479,0.998791027,0.976271079,0.845018882,0.845018882,0.999896818,0.999996843,0.484561103,0.999838761,0.654590494,0.952699805,0.52969741,0.995547484,0.999929906,1,0.999789394,0.9998251,0.999713461,0.39808265,0.982314179,0.999947994,0.999892006,0.998998711,0.999297903,0.996961495,0.998992581,0.998912396,0.835802055,0.999935535,0.999061614
424,14.1,14.11666667,0.99849697,0.995590688,0.999898248,0.999810143,0.503491971,1,0.994808959,0.998723287,0.97554066,0.839782751,0.839782751,0.999891816,0.999997023,0.476850851,0.99984451,0.642080459,0.95101154,0.513657437,0.995352585,0.999933073,1,0.999780428,0.999831773,0.999723961,0.388550701,0.981058643,0.999946055,0.999888244,0.998955775,0.999276207,0.996855141,0.998954555,0.998877574,0.829941841,0.999933169,0.999032697
425,14.13333333,14.15,0.998451046,0.995463411,0.99990181,0.999802382,0.489525451,1,0.99459393,0.998651756,0.974788339,0.834404382,0.834404382,0.999886572,0.999997192,0.469151617,0.999850054,0.629373872,0.949266226,0.497589283,0.995149196,0.999936097,1,0.99977108,0.999838192,0.999734076,0.379103241,0.979715816,0.999944043,0.999884351,0.998911,0.99925384,0.996745078,0.998915094,0.998841638,0.82391654,0.999930715,0.999002891
426,14.16666667,14.18333333,0.998403721,0.995332478,0.999905246,0.999794305,0.475575265,1,0.994370043,0.998576223,0.974013493,0.828882254,0.828882254,0.999881074,0.999997352,0.46146704,0.9998554,0.616485628,0.947462167,0.481526107,0.994936952,0.999938984,1,0.999761334,0.999844366,0.99974382,0.369746585,0.978279898,0.999941957,0.999880322,0.998864308,0.999230783,0.996631175,0.998874146,0.998804554,0.817724643,0.999928171,0.998972166
427,14.2,14.21666667,0.998354952,0.995197784,0.999908563,0.999785897,0.461663092,1,0.994136939,0.998496465,0.973215489,0.823214994,0.823214994,0.99987531,0.999997502,0.453800732,0.999860555,0.603431601,0.945597632,0.465501027,0.99471547,0.99994174,1,0.999751174,0.999850304,0.999753208,0.360486783,0.976744744,0.999939792,0.999876153,0.998815616,0.999207014,0.9965133,0.998831655,0.998766283,0.811364861,0.999925535,0.998940497
428,14.23333333,14.25,0.998304697,0.995059222,0.999911763,0.999777145,0.447810375,1,0.993894243,0.998412246,0.972393673,0.817401389,0.817401389,0.999869266,0.999997644,0.446156271,0.999865527,0.590228586,0.943670861,0.449546846,0.994484354,0.999944372,1,0.999740581,0.999856016,0.999762252,0.35132961,0.975103848,0.999937547,0.999871839,0.998764838,0.999182512,0.996391316,0.998787561,0.998726789,0.804836139,0.999922801,0.998907852
429,14.26666667,14.28333333,0.998252908,0.994916683,0.999914852,0.999768036,0.434038191,1,0.993641564,0.998323318,0.971547379,0.811440392,0.811440392,0.99986293,0.999997778,0.438537192,0.999870321,0.576894212,0.941680058,0.433695788,0.994243188,0.999946885,1,0.999729537,0.999861509,0.999770964,0.342280551,0.97335033,0.999935218,0.999867375,0.998711887,0.999157252,0.99626508,0.998741806,0.998686033,0.798137674,0.999919967,0.998874203
430,14.3,14.31666667,0.998199541,0.994770053,0.999917832,0.999758555,0.420367121,1,0.993378499,0.998229417,0.970675924,0.805331141,0.805331141,0.999856286,0.999997905,0.430946985,0.999874945,0.563446862,0.939623397,0.41797924,0.993991541,0.999949285,1,0.999718023,0.999866793,0.999779357,0.333344792,0.971476918,0.999932802,0.999862755,0.998656668,0.999131213,0.996134446,0.998694326,0.998643973,0.791268928,0.999917029,0.998839518
431,14.33333333,14.35,0.998144546,0.994619217,0.999920708,0.999748686,0.406817133,1,0.993104626,0.998130268,0.969778608,0.799072967,0.799072967,0.99984932,0.999998024,0.423389085,0.999879404,0.549905572,0.937499021,0.402427506,0.993728963,0.999951576,1,0.999706019,0.999871876,0.999787442,0.32452721,0.969475939,0.999930297,0.999857974,0.998599086,0.999104371,0.995999261,0.998645056,0.998600569,0.784229645,0.999913983,0.998803766
432,14.36666667,14.38333333,0.998087875,0.994464055,0.999923483,0.999738414,0.393407471,1,0.992819506,0.998025578,0.968854715,0.792665401,0.792665401,0.999842017,0.999998136,0.415866866,0.999883703,0.536289932,0.935305045,0.387069589,0.993454986,0.999953764,1,0.999693505,0.999876765,0.999795232,0.315832369,0.967339305,0.999927697,0.999853027,0.998539039,0.999076699,0.995859367,0.99859393,0.998555778,0.777019866,0.999910825,0.998766913
433,14.4,14.41666667,0.998029476,0.994304443,0.999926161,0.999727722,0.380156547,1,0.992522686,0.997915037,0.967903512,0.786108194,0.786108194,0.999834359,0.999998242,0.408383639,0.99988785,0.52261997,0.933039554,0.371932981,0.993169121,0.999955853,1,0.999680458,0.999881467,0.999802736,0.307264515,0.965058501,0.999925001,0.999847907,0.998476422,0.999048174,0.995714603,0.998540878,0.998509556,0.769639943,0.999907551,0.998728927
434,14.43333333,14.45,0.997969297,0.994140257,0.999928746,0.999716594,0.367081851,1,0.992213693,0.997798322,0.966924251,0.779401322,0.779401322,0.999826331,0.999998342,0.40094264,0.999891849,0.508916039,0.930700608,0.357043493,0.99287086,0.999957847,1,0.999666855,0.99988599,0.999809965,0.29882757,0.962624575,0.999922204,0.999842609,0.998411126,0.999018768,0.995564801,0.998485827,0.998461856,0.762090553,0.999904158,0.998689773
435,14.46666667,14.48333333,0.997907285,0.993971367,0.99993124,0.99970501,0.354199872,1,0.991892035,0.997675089,0.965916165,0.772544996,0.772544996,0.999817914,0.999998436,0.393547033,0.999895705,0.495198695,0.928286242,0.342425092,0.992559674,0.999959752,1,0.999652674,0.99989034,0.999816929,0.290525132,0.96002813,0.999919304,0.999837127,0.998343036,0.998988454,0.995409786,0.998428703,0.998412632,0.754372714,0.999900639,0.998649413
436,14.5,14.51666667,0.997843382,0.99379764,0.999933647,0.999692954,0.341526022,1,0.991557202,0.997544974,0.96487847,0.765539676,0.765539676,0.999809089,0.999998525,0.386199898,0.999899423,0.481488575,0.925794467,0.328099788,0.992235011,0.99996157,1,0.999637889,0.999894524,0.999823638,0.282360473,0.957259321,0.999916294,0.999831453,0.998272033,0.998957205,0.995249379,0.998369426,0.998361836,0.746487792,0.999896992,0.998607813
437,14.53333333,14.55,0.997777533,0.993618938,0.999935969,0.999680404,0.329074581,1,0.991208664,0.997407597,0.963810366,0.758386078,0.758386078,0.999799836,0.999998609,0.378904228,0.999903009,0.467806274,0.923223272,0.314087529,0.991896296,0.999963306,1,0.999622475,0.999898549,0.999830101,0.274336543,0.954307848,0.999913173,0.999825582,0.998197994,0.998924992,0.995083394,0.998307918,0.998309416,0.738437517,0.99989321,0.998564932
438,14.56666667,14.58333333,0.997709678,0.993435121,0.99993821,0.999667342,0.316858653,1,0.99084587,0.997262554,0.962711035,0.751085186,0.751085186,0.999790134,0.999998688,0.371662927,0.999906468,0.454172217,0.920570631,0.30040614,0.991542932,0.999964964,1,0.999606406,0.99990242,0.999836327,0.266455969,0.951162957,0.999909935,0.999819507,0.998120787,0.998891784,0.994911639,0.998244093,0.998255323,0.730223992,0.99988929,0.998520733
439,14.6,14.61666667,0.997639756,0.993246046,0.999940373,0.999653747,0.30489013,1,0.990468249,0.997109419,0.96157964,0.743638257,0.743638257,0.999779963,0.999999888,0.364478804,0.999909802,0.440606543,0.917834497,0.287071281,0.991174297,0.999972667,1,0.999589652,0.999906143,0.999842326,0.258721062,0.947813448,0.999906577,0.99981322,0.998040279,0.998857552,0.994733916,0.998177865,0.998199501,0.721849698,0.999885226,0.998475175
440,14.63333333,14.65,0.997567704,0.993051562,0.99994246,0.999639596,0.29317967,1,0.990075207,0.996947743,0.960415329,0.736046829,0.736046829,0.999769299,0.99999988,0.35735457,0.999913018,0.427128985,0.915012812,0.274096436,0.990789743,0.999971319,1,0.999572186,0.999909724,0.999848104,0.25113382,0.944247677,0.999903093,0.999806714,0.997956329,0.998822264,0.99455002,0.998109145,0.998141897,0.713317509,0.999881012,0.998428216
441,14.66666667,14.68333333,0.997493459,0.992851519,0.999944474,0.999624866,0.281736691,1,0.989666126,0.996777054,0.95921723,0.728312733,0.728312733,0.999758118,0.999999871,0.350292835,0.99991612,0.413758756,0.912103506,0.261492925,0.990388595,0.999969906,1,0.999553976,0.999913169,0.999853671,0.243695932,0.940453572,0.99989948,0.999799981,0.997868791,0.998785887,0.994359738,0.998037837,0.998082453,0.704630689,0.999876644,0.998379813
442,14.7,14.71666667,0.997416953,0.99264576,0.999946418,0.999609535,0.270569371,1,0.989240368,0.996596853,0.957984455,0.720438093,0.720438093,0.999746395,0.999999861,0.343296101,0.999919111,0.400514446,0.909104501,0.249269941,0.989970153,0.999968423,1,0.999534992,0.999916482,0.999859033,0.236408791,0.936418654,0.999895731,0.999793014,0.997777512,0.998748388,0.994162852,0.997963846,0.998021112,0.695792904,0.999872116,0.998329922
443,14.73333333,14.75,0.997338118,0.992434123,0.999948293,0.999593578,0.25968466,1,0.988797266,0.996406612,0.956716098,0.712425333,0.712425333,0.999734105,0.999999851,0.336366768,0.999921995,0.38741392,0.906013715,0.237434607,0.989533686,0.999966866,1,0.999515201,0.999919669,0.9998642,0.229273496,0.932130058,0.999891843,0.999785805,0.997682332,0.998709732,0.993959134,0.99788707,0.997957812,0.686808218,0.999867422,0.998278497
444,14.76666667,14.78333333,0.997256883,0.992216443,0.999950103,0.999576969,0.249088299,1,0.988336132,0.996205777,0.955411234,0.704277183,0.704277183,0.999721218,0.999999839,0.329507122,0.999924776,0.374474231,0.902829064,0.225992054,0.989078434,0.999965233,1,0.999494567,0.999922734,0.999869177,0.222290866,0.927574566,0.99988781,0.999778344,0.997583085,0.998669884,0.993748352,0.997807406,0.997892492,0.677681097,0.999862555,0.998225492
445,14.8,14.81666667,0.997173177,0.991992551,0.999951849,0.999559681,0.238784858,1,0.98785625,0.995993762,0.954068921,0.695996679,0.695996679,0.999707708,0.999999827,0.322719339,0.999927458,0.361711537,0.899548468,0.214945509,0.988603609,0.99996352,1,0.999473056,0.999925683,0.999873971,0.215461445,0.92273865,0.999883627,0.999770624,0.9974796,0.998628807,0.993530262,0.997724745,0.997825087,0.668416406,0.999857509,0.998170857
446,14.83333333,14.85,0.997086923,0.991762272,0.999953535,0.999541688,0.228777766,1,0.987356876,0.995769951,0.9526882,0.687587166,0.687587166,0.999693543,0.999999814,0.316005482,0.999930045,0.349141033,0.896169853,0.204296402,0.988108388,0.999961722,1,0.999450629,0.999928518,0.99987859,0.208785515,0.917608516,0.999879288,0.999762635,0.997371695,0.998586464,0.993304616,0.997638976,0.997755531,0.659019404,0.999852279,0.998114544
447,14.86666667,14.88333333,0.996998046,0.991525428,0.999955161,0.999522959,0.219069362,1,0.986837241,0.995533693,0.951268093,0.679052297,0.679052297,0.999678692,0.9999998,0.3093675,0.999932539,0.336776892,0.892691156,0.19404448,0.987591918,0.999959835,1,0.999427249,0.999931246,0.999883039,0.202263106,0.912170166,0.999874787,0.999754367,0.997259183,0.998542814,0.993071155,0.997549981,0.997683756,0.649495741,0.999846856,0.9980565
448,14.9,14.91666667,0.996906466,0.991281833,0.999956731,0.999503465,0.209660944,1,0.986296546,0.995284301,0.949807606,0.670396033,0.670396033,0.999663121,0.999999785,0.302807225,0.999934944,0.324632213,0.889110332,0.18418793,0.987053311,0.999957856,1,0.999402874,0.99993387,0.999887326,0.195894008,0.906409464,0.999870118,0.999745812,0.997141869,0.998497819,0.992829612,0.99745764,0.997609691,0.639851445,0.999841235,0.997996673
449,14.93333333,14.95,0.9968121,0.9910313,0.999958245,0.999483175,0.200552821,1,0.98573396,0.995021053,0.948305728,0.66162264,0.66162264,0.999646796,0.999999769,0.296326375,0.999938135,0.312718987,0.885425354,0.174723507,0.986491644,0.999955779,1,0.999377463,0.999936393,0.999891455,0.189677781,0.900312213,0.999865275,0.999736958,0.997019548,0.998451437,0.992579712,0.997361827,0.997533263,0.630092916,0.999835407,0.997935008
450,14.96666667,14.98333333,0.996714866,0.990773635,0.999959707,0.999462057,0.19174438,1,0.985148626,0.994743188,0.946761428,0.652736686,0.652736686,0.99962968,0.999999751,0.289926551,0.999935802,0.30104807,0.881634223,0.165646663,0.985905958,0.9999536,1,0.999350971,0.99993882,0.999895433,0.183613768,0.893864251,0.999860251,0.999727797,0.996892009,0.998403624,0.99232117,0.997262414,0.997454398,0.620226911,0.999829365,0.997871449
451,15,15.01666667,0.996614676,0.990508638,0.999961117,0.999440076,0.183234141,1,0.984539653,0.994449901,0.945173662,0.643743031,0.643743031,0.999611735,0.999999733,0.283609238,0.999933381,0.289629167,0.877734971,0.156951682,0.985295257,0.999951313,1,0.999323352,0.999941155,0.999899266,0.177701108,0.887051548,0.99985504,0.999718316,0.99675903,0.998354338,0.992053691,0.997159266,0.997373018,0.610260529,0.999823101,0.997805938
452,15.03333333,15.05,0.996511441,0.990236105,0.999962478,0.999417197,0.175019824,1,0.983906117,0.994140349,0.943541367,0.634646825,0.634646825,0.999592921,0.999999713,0.277375804,0.999930868,0.278470826,0.873725665,0.148631805,0.984658505,0.999948913,1,0.999294559,0.9999434,0.999902958,0.171938745,0.879860321,0.999849635,0.999708506,0.99662038,0.998303533,0.991776973,0.997052242,0.997289044,0.600201193,0.999816608,0.997738416
453,15.06666667,15.08333333,0.996405069,0.989955826,0.999963792,0.999393385,0.167098414,1,0.983247061,0.993813638,0.941863464,0.625453499,0.625453499,0.999573196,0.999999691,0.271227505,0.999928261,0.267580445,0.869604418,0.140679363,0.983994629,0.999946395,0.999948768,0.999264541,0.99994556,0.999906514,0.166325445,0.872277166,0.999844028,0.999698353,0.99647582,0.998251162,0.9914907,0.996941199,0.997202393,0.590056632,0.999809876,0.99766882
454,15.1,15.11666667,0.996295466,0.989667585,0.999965059,0.999368599,0.159466226,1,0.982561495,0.993468832,0.940138858,0.616168749,0.616168749,0.999552515,0.999999667,0.26516548,0.999925555,0.256964285,0.86536939,0.133085899,0.983302512,0.999943754,0.999946998,0.999233247,0.999947637,0.999909941,0.160859802,0.864289193,0.999838213,0.999687848,0.996325099,0.998197177,0.991194551,0.996825986,0.99711298,0.579834858,0.999802897,0.997597088
455,15.13333333,15.15,0.996182535,0.989371161,0.999968375,0.999342802,0.15211897,1,0.981848392,0.99310494,0.938366441,0.606798533,0.606798533,0.999530832,0.999999642,0.259190756,0.999922748,0.246627489,0.861018799,0.125842284,0.982580995,0.999940982,0.999945167,0.999200623,0.999949635,0.999913241,0.155540258,0.85588418,0.99983218,0.999676976,0.996167957,0.998141529,0.990888189,0.996706448,0.997020718,0.569544144,0.999795662,0.997523154
456,15.16666667,15.18333333,0.996066174,0.989066327,0.999967173,0.999315952,0.145051813,1,0.98110669,0.992720922,0.936545086,0.597349049,0.597349049,0.9995081,0.999999615,0.253304249,0.999919835,0.236574116,0.856550924,0.118938835,0.981828877,0.999938073,0.999943272,0.999166612,0.999951557,0.999916421,0.150365105,0.847050737,0.999825923,0.999665726,0.996004123,0.998084167,0.990571269,0.996582423,0.996925517,0.559192999,0.999788162,0.99744695
457,15.2,15.21666667,0.99594628,0.988752849,0.999965925,0.999288005,0.138259444,1,0.980335287,0.992315682,0.934673655,0.587826728,0.587826728,0.999484266,0.999999586,0.247506765,0.999916811,0.226807177,0.851964112,0.112365415,0.981044911,0.999935021,0.999941313,0.999131154,0.999953406,0.999919484,0.145332508,0.837778478,0.999819432,0.999654084,0.995833313,0.998025037,0.990243435,0.996453745,0.996827283,0.548790136,0.999780386,0.997368409
458,15.23333333,15.25,0.995822748,0.98843049,0.999964629,0.999258917,0.131736133,1,0.979533045,0.991888066,0.932750995,0.578238212,0.578238212,0.999459279,0.999999555,0.241799003,0.999913674,0.217328677,0.84725679,0.106111535,0.980227802,0.999931818,0.999939285,0.99909419,0.999955184,0.999922435,0.140440505,0.828058209,0.9998127,0.999642037,0.995655233,0.997964087,0.989904318,0.996320239,0.996725921,0.538344452,0.999772325,0.997287458
459,15.26666667,15.28333333,0.995695468,0.988099002,0.999963284,0.999228642,0.125475788,1,0.978698786,0.991436859,0.930775938,0.568590341,0.568590341,0.999433081,0.999999521,0.236181554,0.999910418,0.20813966,0.842427467,0.100166447,0.979376211,0.999928458,0.999937188,0.999055655,0.999956894,0.999925278,0.135687028,0.817882115,0.999805716,0.999629571,0.995469578,0.997901259,0.989553539,0.996181727,0.996621331,0.52786499,0.999763968,0.997204024
460,15.3,15.31666667,0.995564326,0.987758134,0.999961888,0.999197131,0.119472009,1,0.977831292,0.990960783,0.928747306,0.558890132,0.558890132,0.999405615,0.999999485,0.230654909,0.99990704,0.199240265,0.837474744,0.094519223,0.978488746,0.999924932,0.999935018,0.999015482,0.999958539,0.999928017,0.131069908,0.807243959,0.999798472,0.999616671,0.995276026,0.997836497,0.989190705,0.996038021,0.996513413,0.517360913,0.999755304,0.997118031
461,15.33333333,15.35,0.995429208,0.987407627,0.999960439,0.999164334,0.113718146,1,0.976929301,0.990458495,0.926663909,0.549144761,0.549144761,0.999376819,0.999999446,0.225219454,0.999903534,0.190629777,0.832397321,0.089158835,0.977563968,0.999921233,0.999932773,0.998973601,0.999960121,0.999930655,0.126586888,0.79613928,0.999790958,0.999603321,0.995074247,0.99776974,0.988815412,0.995888929,0.996402059,0.506841471,0.999746323,0.997029401
462,15.36666667,15.38333333,0.995289993,0.987047217,0.999958935,0.999130198,0.108207338,1,0.975991512,0.989928579,0.924524545,0.53936154,0.53936154,0.999346629,0.999999405,0.219875481,0.999899897,0.182306687,0.827194005,0.084074219,0.976600383,0.999917351,0.99993045,0.998929941,0.999961642,0.999933196,0.122235632,0.784565592,0.999783164,0.999589507,0.994863893,0.997700929,0.98842724,0.995734251,0.996287163,0.496315968,0.999737012,0.996938053
463,15.4,15.41666667,0.995146559,0.98667663,0.999957374,0.99909467,0.10293257,1,0.975016578,0.989369548,0.922328002,0.529547897,0.529547897,0.999314978,0.99999936,0.214623183,0.999896121,0.174268747,0.82186372,0.079254341,0.975596448,0.999913278,0.999928047,0.998884426,0.999963106,0.999935645,0.118013735,0.772522578,0.99977508,0.999575212,0.994644605,0.997629999,0.98802576,0.995573779,0.996168611,0.485793729,0.999727359,0.996843906
464,15.43333333,15.45,0.994998779,0.986295587,0.999955753,0.999057691,0.097886707,1,0.974003108,0.988779839,0.92007306,0.519711357,0.519711357,0.999281794,0.999999311,0.209462663,0.999892204,0.166513034,0.816405511,0.074688249,0.974550562,0.999909004,0.999925561,0.998836977,0.999964514,0.999938003,0.113918733,0.760012274,0.999766694,0.999560419,0.994416006,0.997556887,0.987610527,0.995407298,0.996046289,0.475284068,0.999717352,0.996746873
465,15.46666667,15.48333333,0.994846522,0.985903803,0.99995407,0.999019203,0.093062537,1,0.972949667,0.988157809,0.917758491,0.509859511,0.509859511,0.999247004,0.999999259,0.204393933,0.999888139,0.159036005,0.810818557,0.07036512,0.973461071,0.99990452,0.99992299,0.998787512,0.999965868,0.999940276,0.109948112,0.747039244,0.999757995,0.999545112,0.994177707,0.997481525,0.987181081,0.995234586,0.995920078,0.464796255,0.999706978,0.996646867
466,15.5,15.51666667,0.994689655,0.985500983,0.999952324,0.998979145,0.088452806,1,0.971854771,0.98750173,0.915383059,0.5,0.5,0.99921053,0.999999203,0.199416919,0.99988392,0.15183356,0.805102173,0.066274301,0.972326264,0.999899814,0.999920329,0.998735946,0.999967171,0.999942465,0.106099315,0.733610736,0.999748973,0.999529272,0.9939293,0.997403844,0.986736949,0.99505541,0.995789855,0.454339481,0.999696223,0.996543798
467,15.53333333,15.55,0.994528039,0.985086826,0.999950511,0.998937453,0.084050251,1,0.970716893,0.986809788,0.912945525,0.490140489,0.490140489,0.999172291,0.999999143,0.194531463,0.999879543,0.144901097,0.799255825,0.062405345,0.97114437,0.999894877,0.999917577,0.99868219,0.999968423,0.999944573,0.102369751,0.719736809,0.999739614,0.99951288,0.993670362,0.997323774,0.986277644,0.994869532,0.995655493,0.443922831,0.999685074,0.996437571
468,15.56666667,15.58333333,0.994361533,0.984661023,0.99994863,0.99889406,0.079847629,1,0.969534453,0.986080079,0.910444643,0.480288643,0.480288643,0.999132201,0.999999079,0.18973733,0.999875,0.138233572,0.793279134,0.05874804,0.969913562,0.999889696,0.99991473,0.998626151,0.999969628,0.999946605,0.098756804,0.705430447,0.999729906,0.999495918,0.993400453,0.997241241,0.985802662,0.994676705,0.995516863,0.433555247,0.999673516,0.996328092
469,15.6,15.61666667,0.994189989,0.984223256,0.999946677,0.998848897,0.075837745,1,0.968305827,0.985310601,0.907879166,0.470452103,0.470452103,0.999090171,0.999999009,0.185034204,0.999870287,0.13182555,0.787171884,0.055292434,0.96863195,0.99988426,0.999911784,0.998567733,0.999970787,0.999948562,0.095257837,0.690707625,0.999719836,0.999478365,0.993119115,0.99715617,0.985311484,0.99447667,0.99537383,0.4232455,0.999661533,0.996215261
470,15.63333333,15.65,0.994013258,0.983773203,0.999944649,0.998801891,0.072013474,1,0.967029336,0.984499255,0.905247844,0.46063846,0.46063846,0.999046108,0.999998934,0.180421698,0.999865395,0.125671263,0.78093403,0.052028853,0.967297586,0.999878557,0.999908736,0.998506834,0.999971902,0.999950447,0.091870202,0.67558735,0.999709391,0.999460202,0.992825869,0.997068483,0.984803574,0.994269161,0.995226255,0.413002165,0.999649111,0.996098976
471,15.66666667,15.68333333,0.993831184,0.983310528,0.999942545,0.998752969,0.068367784,1,0.965703255,0.983643841,0.90254943,0.450855239,0.450855239,0.998999913,0.999998854,0.175899355,0.999860319,0.119764654,0.774565708,0.048947922,0.965908457,0.999872572,0.999905583,0.99844335,0.999972974,0.999952263,0.088591244,0.660091658,0.999698557,0.999441407,0.99252022,0.996978101,0.984278382,0.994053904,0.995073996,0.402833586,0.999636233,0.995979133
472,15.7,15.71666667,0.993643609,0.982834891,0.99994036,0.998702052,0.06489375,1,0.964325807,0.982742047,0.899782676,0.441109868,0.441109868,0.998951482,0.999998767,0.171466651,0.999855051,0.11409943,0.76806724,0.046040569,0.964462488,0.999866292,0.999902322,0.998377171,0.999974005,0.999954013,0.085418308,0.644245565,0.999687318,0.999421957,0.992201652,0.996884941,0.983735339,0.993830611,0.994916906,0.392747858,0.999622883,0.995855624
473,15.73333333,15.75,0.993450367,0.982345943,0.999938092,0.998649058,0.061584576,1,0.962895163,0.981791454,0.896946339,0.431409659,0.431409659,0.99890071,0.999998674,0.167123,0.999849585,0.108669105,0.761439138,0.043298043,0.962957542,0.999859703,0.999898947,0.998308184,0.999974997,0.999955698,0.082348745,0.628076975,0.999675662,0.999401831,0.991869626,0.996788918,0.983173859,0.993598987,0.994754832,0.382752796,0.999609043,0.995728337
474,15.76666667,15.78333333,0.99325129,0.981843324,0.999935739,0.998593904,0.058433605,1,0.961409442,0.980789524,0.894039182,0.421761788,0.421761788,0.998847481,0.999998574,0.162867753,0.999843913,0.10346704,0.75468212,0.04071191,0.961391416,0.999852789,0.999895456,0.998236269,0.999975952,0.999957322,0.079379914,0.611616542,0.99966357,0.999381004,0.991523586,0.996689945,0.982593339,0.993358724,0.994587619,0.372855917,0.999594695,0.995597158
475,15.8,15.81666667,0.993046205,0.981326667,0.999933295,0.998536501,0.055434329,1,0.95986671,0.979733601,0.891059974,0.412173272,0.412173272,0.998791678,0.999998466,0.158700207,0.999838027,0.098486486,0.747797107,0.038274064,0.959761841,0.999845535,0.999891845,0.998161302,0.999976869,0.999958886,0.076509192,0.594897484,0.999651028,0.999359453,0.991162948,0.996587932,0.981993158,0.993109506,0.994415105,0.36306442,0.999579821,0.995461969
476,15.83333333,15.85,0.992834932,0.980795596,0.999930759,0.998476758,0.052580403,1,0.958264981,0.978620903,0.888007495,0.402650951,0.402650951,0.998733177,0.99999835,0.154619606,0.999831919,0.093720616,0.740785231,0.035976722,0.958066487,0.999837923,0.999888108,0.998083155,0.999977752,0.999960393,0.073733972,0.577955347,0.999638019,0.999337152,0.990787109,0.996482787,0.981372674,0.992851004,0.994237124,0.353385166,0.999564401,0.995322648
477,15.86666667,15.88333333,0.992617289,0.980249726,0.999928126,0.998414581,0.049865649,1,0.956602217,0.97744852,0.884880536,0.393201467,0.393201467,0.998671847,0.999998226,0.150625143,0.999825581,0.089162562,0.733647844,0.033812427,0.956302954,0.999829936,0.999884243,0.998001694,0.999978601,0.999961845,0.071051673,0.560827734,0.999624525,0.999314075,0.99039544,0.996374412,0.98073123,0.992582876,0.994053505,0.343824662,0.999548416,0.995179071
478,15.9,15.91666667,0.992393085,0.979688661,0.999925394,0.998349869,0.047284064,1,0.954876327,0.976213409,0.881677902,0.383831251,0.383831251,0.998607552,0.999998092,0.146715964,0.999819004,0.084805444,0.72638652,0.03177404,0.954468779,0.999821556,0.999880244,0.997916778,0.999979417,0.999963243,0.06845974,0.543553988,0.999610528,0.999290195,0.989987289,0.996262711,0.980068145,0.992304769,0.993864071,0.334389051,0.999531844,0.995031109
479,15.93333333,15.95,0.992162125,0.979111996,0.999922557,0.998282521,0.044829824,1,0.953085166,0.974912389,0.878398415,0.374546501,0.374546501,0.99854015,0.999997948,0.142891172,0.999812179,0.080642394,0.719003058,0.029854741,0.952561435,0.999812762,0.999876107,0.997828261,0.999980203,0.999964591,0.065955645,0.526174841,0.999596009,0.999265484,0.989561976,0.996147582,0.979382721,0.992016319,0.993668642,0.325084097,0.999514665,0.994878629
480,15.96666667,15.98333333,0.991924211,0.978519319,0.999919613,0.998212429,0.042497286,1,0.951226537,0.973542138,0.875040914,0.365353175,0.365353175,0.998469489,0.999997793,0.13914983,0.999805097,0.076666586,0.711499487,0.028048018,0.950578327,0.999803536,0.999871827,0.997735992,0.999980958,0.999965888,0.063536897,0.508732042,0.999580949,0.999239914,0.989118796,0.996028921,0.97867424,0.991717146,0.993467029,0.315915176,0.999496855,0.994721495
481,16,16.01666667,0.991679135,0.977910204,0.999916556,0.998139482,0.040280995,1,0.949298192,0.972099187,0.871604261,0.356256969,0.356256969,0.998395414,0.999997626,0.135490963,0.999797747,0.072871255,0.703878068,0.026347663,0.948516799,0.999793855,0.999867399,0.997639812,0.999981685,0.999967139,0.061201038,0.491267958,0.999565329,0.999213455,0.988657014,0.995906619,0.977941962,0.99140686,0.993259039,0.306887273,0.999478392,0.994559565
482,16.03333333,16.05,0.991426686,0.977284218,0.999913384,0.998063564,0.038175678,1,0.94729783,0.970579919,0.86808734,0.347263314,0.347263314,0.99831776,0.999997447,0.131913561,0.999790121,0.069249719,0.696141296,0.024747764,0.94637413,0.999783697,0.999862819,0.997539556,0.999982384,0.999968343,0.058945649,0.473825159,0.999549126,0.999186075,0.98817587,0.995780567,0.977185125,0.991085054,0.993044474,0.298004972,0.999459253,0.994392697
483,16.06666667,16.08333333,0.991166647,0.976640916,0.999910091,0.997984554,0.036176249,1,0.945223102,0.968980563,0.864489063,0.33837736,0.33837736,0.998236354,0.999997254,0.128416583,0.999782207,0.065795392,0.688291901,0.023242696,0.944147536,0.999773038,0.99985808,0.997435052,0.999983056,0.999969503,0.05676835,0.456446012,0.99953232,0.999157742,0.98767457,0.99565065,0.976402946,0.99075131,0.992823128,0.28927246,0.999439411,0.994220739
484,16.1,16.11666667,0.990898792,0.975979844,0.999906672,0.997902328,0.034277807,1,0.943071605,0.967297191,0.860808372,0.329603967,0.329603967,0.998151016,0.999997047,0.12499896,0.999773994,0.062501804,0.680332849,0.021827112,0.941834174,0.999761855,0.999853177,0.997326122,0.999983703,0.999970621,0.054666803,0.439172266,0.999514887,0.999128425,0.987152294,0.995516751,0.975594621,0.990405192,0.992594792,0.280693521,0.999418841,0.99404354
485,16.13333333,16.15,0.990622892,0.975300537,0.999903124,0.997816754,0.032475634,1,0.940840893,0.965525716,0.857044239,0.320947703,0.320947703,0.998061558,0.999996824,0.121659596,0.999765472,0.059362609,0.672267338,0.020495934,0.939431141,0.99975012,0.999848105,0.997212578,0.999984325,0.999971698,0.052638712,0.422044653,0.999496805,0.999098087,0.986608187,0.995378749,0.974759323,0.990046252,0.992359246,0.272271539,0.999397517,0.993860942
486,16.16666667,16.18333333,0.99033871,0.974602518,0.999899441,0.997727697,0.030765193,1,0.938528468,0.963661886,0.853195674,0.312412834,0.312412834,0.997967779,0.999996584,0.118397373,0.999756629,0.056371602,0.664098802,0.019244344,0.936935478,0.999737808,0.999842858,0.997094227,0.999984923,0.999972735,0.050681829,0.405102516,0.999478049,0.999066695,0.986041363,0.995236519,0.9738962,0.989674024,0.992116268,0.264009505,0.999375412,0.993672781
487,16.2,16.21666667,0.990046002,0.973885301,0.999895617,0.997635015,0.029142124,1,0.936131791,0.961701287,0.849261723,0.304003321,0.304003321,0.997869474,0.999996326,0.11521115,0.999747452,0.053522723,0.655830901,0.018067773,0.934344171,0.999724889,0.99983743,0.996970866,0.999985498,0.999973735,0.048793947,0.388383458,0.999458595,0.999034211,0.985450901,0.995089933,0.97300438,0.989288026,0.991865627,0.255910017,0.999352495,0.993478891
488,16.23333333,16.25,0.989744518,0.973148388,0.999891649,0.997538563,0.027602245,1,0.933648277,0.959639336,0.845241474,0.295722817,0.295722817,0.997766424,0.999996048,0.112099769,0.99973793,0.050810067,0.647467524,0.016961892,0.931654156,0.999711333,0.999831814,0.996842284,0.999986051,0.999974697,0.046972908,0.371923025,0.999438416,0.999000598,0.984835846,0.99493886,0.972082965,0.988887762,0.991607084,0.247975291,0.999328739,0.9932791
489,16.26666667,16.28333333,0.989434,0.97239127,0.999887529,0.997438188,0.026141542,1,0.931075302,0.957471281,0.841134062,0.287574667,0.287574667,0.997658401,0.99999575,0.109062057,0.999728048,0.048227889,0.639012779,0.015922601,0.928862317,0.99969711,0.999826004,0.996708263,0.999986584,0.999975625,0.045216601,0.355754435,0.999417485,0.998965816,0.984195207,0.994783162,0.971131033,0.988472715,0.991340395,0.240207167,0.999304111,0.99307323
490,16.3,16.31666667,0.989114183,0.971613427,0.999883253,0.99733373,0.024756172,1,0.928410204,0.955192202,0.836938665,0.279561907,0.279561907,0.997545166,0.999995429,0.106096825,0.999717794,0.04577061,0.630470991,0.014946022,0.925965498,0.999682186,0.999819994,0.996568573,0.999987096,0.999976518,0.043522964,0.339908342,0.999395774,0.998929825,0.983527955,0.994622701,0.970147638,0.988042354,0.991065309,0.23260712,0.999278581,0.9928611
491,16.33333333,16.35,0.988784796,0.970814326,0.999878815,0.997225024,0.023442452,1,0.925650283,0.952797011,0.832654518,0.271687267,0.271687267,0.99742647,0.999995084,0.103202875,0.999707154,0.04343282,0.621846695,0.014028485,0.922960501,0.999666527,0.999813776,0.996422976,0.999987588,0.999977379,0.04188998,0.32441265,0.999373255,0.998892582,0.982833025,0.994457332,0.96913181,0.987596127,0.990781566,0.22517627,0.999252115,0.992642521
492,16.36666667,16.38333333,0.988445558,0.969993426,0.999874207,0.9971119,0.022196859,1,0.922792811,0.95028045,0.828280907,0.263953171,0.263953171,0.99730205,0.999994712,0.100378998,0.999696112,0.041209278,0.613144623,0.013166523,0.919844092,0.999650097,0.999807343,0.996271224,0.999988062,0.999978208,0.040315684,0.309292375,0.999349898,0.998854046,0.98210931,0.994286906,0.968082552,0.987133465,0.990488898,0.217915396,0.999224678,0.992417301
493,16.4,16.41666667,0.988096183,0.969150169,0.999869425,0.996994178,0.021016025,1,0.919835028,0.947637095,0.823817176,0.256361743,0.256361743,0.997171633,0.999994313,0.097623977,0.999684655,0.039094918,0.604369703,0.012356859,0.916613007,0.999632858,0.999800688,0.99611306,0.999988517,0.999979007,0.038798156,0.294569553,0.99932567,0.998814169,0.981355664,0.994111271,0.966998843,0.986653779,0.99018703,0.210824946,0.999196236,0.992185241
494,16.43333333,16.45,0.987736374,0.96828399,0.999864461,0.996871672,0.019896732,1,0.916774154,0.94486136,0.819262732,0.248914814,0.248914814,0.997034929,0.999993884,0.094936592,0.999672765,0.037084846,0.595527045,0.0115964,0.913263958,0.99961477,0.999793803,0.995948214,0.999988956,0.999979776,0.037335528,0.280263191,0.99930054,0.998772907,0.980570898,0.99393027,0.965879634,0.98615646,0.989875679,0.203905053,0.999166751,0.991946137
495,16.46666667,16.48333333,0.987365829,0.967394309,0.999859308,0.99674419,0.018835904,1,0.913607385,0.941947498,0.814617047,0.241613922,0.241613922,0.996891639,0.999993422,0.092315616,0.999660427,0.035174338,0.586621928,0.010882225,0.90979364,0.999595791,0.999786681,0.995776406,0.999989377,0.999980517,0.035925977,0.266389264,0.999274474,0.998730211,0.979753783,0.99374374,0.964723854,0.98564088,0.989554554,0.197155547,0.999136186,0.991699778
496,16.5,16.51666667,0.986984235,0.966480536,0.999853959,0.99661153,0.017830607,1,0.910331906,0.938889609,0.809879661,0.234460324,0.234460324,0.996741447,0.999992925,0.089759823,0.999647624,0.033358845,0.577659795,0.010211579,0.906198735,0.999575877,0.999779312,0.995597346,0.999989782,0.999981232,0.034567731,0.252960756,0.999247438,0.998686031,0.978903041,0.993551515,0.963530401,0.985106387,0.989223355,0.190575976,0.9991045,0.991445949
497,16.53333333,16.55,0.986591273,0.965542066,0.999848407,0.996473484,0.016878041,1,0.906944889,0.935681646,0.805050184,0.227455004,0.227455004,0.996584023,0.999992391,0.087267986,0.999634339,0.031633984,0.568646233,0.009581862,0.902475923,0.999554983,0.999771689,0.995410729,0.999990172,0.999981919,0.033259065,0.239987726,0.999219395,0.998640316,0.978017354,0.993353423,0.962298149,0.984552311,0.988881772,0.184165611,0.999071653,0.991184426
498,16.56666667,16.58333333,0.986186613,0.964578284,0.999842643,0.996329835,0.015975536,1,0.903443505,0.932317422,0.800128304,0.220598678,0.220598678,0.99641902,0.999991816,0.084838877,0.999620553,0.029995542,0.559586967,0.008990626,0.898621888,0.99953306,0.999763803,0.995216241,0.999990547,0.999982582,0.0319983,0.227477422,0.999190307,0.998593013,0.977095354,0.993149288,0.961025946,0.983977957,0.988529487,0.177923474,0.999037603,0.99091498
499,16.6,16.61666667,0.985769916,0.963588561,0.999836661,0.996180357,0.015120548,1,0.899824926,0.928790621,0.795113786,0.213891806,0.213891806,0.996246078,0.999991198,0.082471273,0.999606248,0.028439469,0.55048784,0.00843556,0.894633328,0.999510057,0.999755645,0.995013551,0.999990908,0.999983221,0.030783806,0.215434408,0.999160137,0.998544067,0.976135627,0.992938928,0.959712611,0.983382609,0.988166174,0.171848343,0.999002304,0.990637377
500,16.63333333,16.65,0.985340836,0.962572258,0.999830451,0.996024816,0.014310652,1,0.896086334,0.925094811,0.79000648,0.207334599,0.207334599,0.996064816,0.999990534,0.080163954,0.999591403,0.026961877,0.541354802,0.00791449,0.890506965,0.999485921,0.999747204,0.994802318,0.999991255,0.999983836,0.029613997,0.20386072,0.999128844,0.99849342,0.97513671,0.992722156,0.958356937,0.982765526,0.987791495,0.165938773,0.998965713,0.990351374
501,16.66666667,16.68333333,0.984899017,0.961528721,0.999824005,0.995862967,0.01354354,1,0.892224928,0.921223455,0.784806317,0.200927033,0.200927033,0.995874838,0.999989819,0.077915706,0.999575999,0.025559034,0.532193893,0.007425365,0.886239555,0.999460598,0.999738473,0.994582185,0.999991589,0.999984428,0.028487335,0.192756041,0.999096385,0.998441014,0.974097089,0.99249878,0.956957691,0.982125945,0.987405105,0.160193114,0.998927781,0.990056722
502,16.7,16.71666667,0.984444091,0.960457283,0.999817315,0.995694556,0.012817014,1,0.888237929,0.917169929,0.77951332,0.194668859,0.194668859,0.995675729,0.99998905,0.075725321,0.999560015,0.024227364,0.523011229,0.006966256,0.881827896,0.999434028,0.99972944,0.994352783,0.99999191,0.999984999,0.027402327,0.182117885,0.999062719,0.998386789,0.973015202,0.992268601,0.955513611,0.981463076,0.987006646,0.154609522,0.998888459,0.989753165
503,16.73333333,16.75,0.983975683,0.959357267,0.99981037,0.995519321,0.012128982,1,0.884122591,0.912927539,0.774127604,0.188559608,0.188559608,0.995467053,0.999988223,0.073591598,0.999543428,0.022963442,0.513812982,0.006535348,0.877268844,0.999406149,0.999720094,0.994113724,0.999992218,0.999985549,0.026357523,0.171941791,0.999027799,0.99833068,0.971889431,0.992031415,0.95402341,0.980776105,0.986595753,0.149185974,0.998847697,0.98944044
504,16.76666667,16.78333333,0.983493408,0.958227982,0.999803161,0.995336987,0.011477455,1,0.879876211,0.908489543,0.768649377,0.182598611,0.182598611,0.995248354,0.999987334,0.071513345,0.999526216,0.021763986,0.504605369,0.006130929,0.872559325,0.999376898,0.999710426,0.993864608,0.999998798,0.999986078,0.025351517,0.162221522,0.998991579,0.998272624,0.970718108,0.991787013,0.952485772,0.980064193,0.986172048,0.143920291,0.998805442,0.989118276
505,16.8,16.81666667,0.982996869,0.957068722,0.999795678,0.99514727,0.010860541,1,0.875496134,0.903849169,0.763078948,0.176785006,0.176785006,0.995019157,0.999986377,0.069489381,0.999508356,0.02062586,0.495394631,0.005751391,0.867696343,0.999346208,0.999700425,0.993605017,0.999998734,0.999986589,0.024382946,0.152949263,0.998954012,0.998212551,0.969499509,0.99153518,0.950899356,0.979326472,0.985735143,0.138810143,0.998761639,0.988786394
506,16.83333333,16.85,0.982485659,0.955878772,0.99978791,0.994949873,0.010276441,1,0.870979765,0.898999649,0.757416723,0.171117746,0.171117746,0.994778963,0.999985349,0.067518533,0.999489822,0.019546062,0.486187018,0.005395222,0.862677,0.999314007,0.999690078,0.993334516,0.999998666,0.99998708,0.02345049,0.14411582,0.998915047,0.998150394,0.968231856,0.991275692,0.949262795,0.97856205,0.98528464,0.13385307,0.998716233,0.988444508
507,16.86666667,16.88333333,0.981959361,0.954657402,0.999779847,0.994744488,0.009723446,1,0.866324579,0.893934238,0.751663215,0.165595618,0.165595618,0.99452725,0.999984242,0.065599641,0.999470591,0.018521723,0.476988771,0.005060996,0.857498506,0.99928022,0.999679373,0.993052654,0.999998594,0.999987554,0.022552869,0.135710807,0.998874631,0.998086079,0.966913316,0.991008322,0.947574693,0.977770003,0.984820129,0.129046494,0.998669163,0.988092324
508,16.9,16.91666667,0.981417548,0.95340387,0.999771478,0.994530797,0.009199933,1,0.861528134,0.888646252,0.745819042,0.160217249,0.160217249,0.99426347,0.999983052,0.063731558,0.999450635,0.017550106,0.467806107,0.004747377,0.852158196,0.999244772,0.9996683,0.992758959,0.999998518,0.99998801,0.021688843,0.127722834,0.998832712,0.998019533,0.965541998,0.990732834,0.94583363,0.976949383,0.984341188,0.124387731,0.99862037,0.987729539
509,16.93333333,16.95,0.980859779,0.952117421,0.999762791,0.994308466,0.008704358,1,0.856588075,0.883129096,0.73988493,0.154981118,0.154981118,0.993987054,0.999981773,0.061913147,0.999429927,0.016628595,0.458645198,0.004453105,0.846653544,0.999207578,0.999656843,0.992452942,0.999998439,0.999988449,0.020857212,0.120139679,0.998789234,0.997950677,0.964115952,0.990448988,0.94403816,0.976099211,0.983847383,0.119874008,0.998569791,0.987355843
510,16.96666667,16.98333333,0.980285605,0.950797288,0.999753774,0.994077152,0.008235256,1,0.851502155,0.877376306,0.733861716,0.149885569,0.149885569,0.993697404,0.999980396,0.060143286,0.999408439,0.015754693,0.44951216,0.004176997,0.840982183,0.999168555,0.999644992,0.992134096,0.999998355,0.999988873,0.020056816,0.112948452,0.998744138,0.997879432,0.962633174,0.990156533,0.942186813,0.975218476,0.98333827,0.11550247,0.99851736,0.986970917
511,17,17.01666667,0.979694563,0.949442692,0.999744414,0.993836494,0.007791237,1,0.846268239,0.871381585,0.727750349,0.14492882,0.14492882,0.993393893,0.999978916,0.058420869,0.999386141,0.014926022,0.440413033,0.003917942,0.835141913,0.999127611,0.999632731,0.99180189,0.999998267,0.999989281,0.01928653,0.106135749,0.998697364,0.997805716,0.961091598,0.989855216,0.940278094,0.974306142,0.98281339,0.111270198,0.99846301,0.986574431
512,17.03333333,17.05,0.97908618,0.94805284,0.999734698,0.993586122,0.00737098,1,0.840884322,0.865138846,0.721551894,0.140108976,0.140108976,0.993075868,0.999977324,0.056744801,0.999363004,0.014140312,0.431353767,0.003674893,0.829130728,0.999084654,0.999620046,0.991455775,0.999998174,0.999989673,0.018545267,0.099687787,0.998648851,0.997729444,0.9594891,0.989544772,0.938310485,0.973361137,0.982272274,0.107174215,0.998406671,0.98616605
513,17.06666667,17.08333333,0.978459969,0.946626927,0.999724613,0.993325647,0.006973232,1,0.835348537,0.858642258,0.71526753,0.135424036,0.135424036,0.992742645,0.999975611,0.055114003,0.999338995,0.013395399,0.422340205,0.00344687,0.822946827,0.999039582,0.999606924,0.991095178,0.999998076,0.999990052,0.017831975,0.093590536,0.998598534,0.997650526,0.957823498,0.989224932,0.936282442,0.972382361,0.981714438,0.1032115,0.99834827,0.985745425
514,17.1,17.11666667,0.977815433,0.945164139,0.999714145,0.993054668,0.006596805,1,0.829659172,0.851886292,0.708898554,0.130871909,0.130871909,0.992393508,0.99997377,0.053527414,0.999314082,0.012689223,0.413378072,0.00323295,0.816588632,0.998992294,0.999593349,0.990719506,0.999997973,0.999990417,0.01714564,0.087829834,0.998546345,0.997568872,0.956092548,0.988895417,0.934192404,0.97136868,0.981139385,0.099378995,0.998287733,0.985312202
515,17.13333333,17.15,0.977152061,0.943663646,0.999703278,0.992772767,0.00624057,1,0.82381468,0.844865773,0.702446379,0.126450418,0.126450418,0.99202771,0.999971789,0.051983986,0.99928823,0.012019821,0.404472955,0.003032266,0.810054807,0.99894268,0.999579305,0.990328139,0.999997864,0.999990768,0.016485277,0.082391484,0.998492217,0.997484387,0.954293949,0.988555941,0.932038786,0.970318929,0.980546607,0.095673619,0.99822498,0.984866014
516,17.16666667,17.18333333,0.976469329,0.942124608,0.999691999,0.99247951,0.005903458,1,0.817813694,0.837575933,0.69591254,0.12215731,0.12215731,0.991644469,0.999969659,0.050482688,0.999261405,0.011385326,0.395630297,0.002844003,0.803344277,0.998890626,0.999564777,0.989920436,0.999997749,0.999991106,0.015849938,0.07726135,0.998436075,0.997396975,0.952425339,0.988206212,0.929819983,0.969231908,0.979935578,0.092092271,0.998159932,0.984406487
517,17.2,17.21666667,0.975766703,0.940546175,0.999680292,0.992174449,0.005584454,1,0.811655041,0.830012461,0.689298687,0.11799027,0.11799027,0.991242967,0.999967368,0.049022506,0.99923357,0.010783958,0.386855377,0.002667398,0.796456242,0.998836012,0.999549747,0.989495729,0.999997628,0.999991432,0.015238705,0.072425434,0.998377847,0.997306533,0.950484298,0.987845926,0.927534372,0.968106385,0.979305763,0.088631845,0.998092505,0.983933234
518,17.23333333,17.25,0.975043633,0.938927484,0.999668139,0.991857114,0.005282597,1,0.805337754,0.822171564,0.682606592,0.113946925,0.113946925,0.990822351,0.999964904,0.047602441,0.999204686,0.010214026,0.378153305,0.002501732,0.789390198,0.998778713,0.999534198,0.989053325,0.999997501,0.999991746,0.014650693,0.067869942,0.998317454,0.997212957,0.948468348,0.987474773,0.925180314,0.966941094,0.978656608,0.085289232,0.998022611,0.98344586
519,17.26666667,17.28333333,0.974299555,0.937267662,0.999655525,0.991527021,0.004996973,1,0.798861088,0.814050021,0.675838143,0.110024855,0.110024855,0.990381728,0.999962253,0.046221512,0.999174715,0.009673921,0.369529009,0.002346331,0.782145952,0.998718597,0.999518112,0.988592503,0.999997367,0.999992049,0.014085046,0.063581346,0.998254817,0.99711614,0.946374953,0.987092435,0.922756153,0.965734734,0.977987547,0.082061329,0.997950162,0.982943958
520,17.3,17.31666667,0.973533896,0.935565825,0.999642431,0.991183665,0.00472672,1,0.79222453,0.805645244,0.668995347,0.1062216,0.1062216,0.989920165,0.999959403,0.044878756,0.999143615,0.009162111,0.360987221,0.002200562,0.774723639,0.998655526,0.999501472,0.988112515,0.999997225,0.99999234,0.013540938,0.059546428,0.998189852,0.997015969,0.94420152,0.986698582,0.920260218,0.964485969,0.977298,0.078945048,0.997875064,0.98242711
521,17.33333333,17.35,0.972746064,0.933821079,0.99962884,0.990826525,0.004471017,1,0.785427815,0.796955333,0.662080329,0.102534666,0.102534666,0.98943669,0.999956338,0.043573226,0.999111345,0.008677142,0.352532476,0.00206383,0.767123739,0.998589354,0.999484256,0.987612584,0.999997076,0.999992621,0.013017571,0.055752323,0.998122474,0.99691233,0.9419454,0.986292879,0.917690827,0.963193429,0.97658737,0.075937318,0.997797222,0.98189489
522,17.36666667,17.38333333,0.971935456,0.932032522,0.999614733,0.990455056,0.004229089,1,0.778470937,0.787979133,0.655095327,0.098961536,0.098961536,0.988930284,0.999953041,0.042303991,0.999077859,0.00821763,0.344169099,0.001935577,0.759347093,0.998519931,0.999466447,0.987091902,0.999996919,0.999992891,0.012514176,0.052186552,0.998052592,0.996805103,0.939603893,0.985874979,0.915046287,0.961855707,0.975855045,0.073035093,0.997716533,0.981346856
523,17.4,17.41666667,0.971101455,0.93019924,0.999600089,0.990068696,0.004000198,1,0.771354165,0.778716294,0.648042694,0.095499672,0.095499672,0.988399885,0.999949495,0.04107014,0.999043113,0.007782262,0.335901198,0.00181528,0.751394913,0.998447097,0.999448023,0.986549633,0.999996754,0.999993152,0.01203001,0.048837043,0.997980115,0.996694165,0.937174246,0.985444525,0.912324898,0.960471361,0.975100397,0.070235357,0.997632897,0.980782558
524,17.43333333,17.45,0.970243428,0.928320312,0.99958489,0.98966686,0.003783649,1,0.764078051,0.769167325,0.640924896,0.092146526,0.092146526,0.987844385,0.999945681,0.039870778,0.999007059,0.007369788,0.327732662,0.001702447,0.743268802,0.998370684,0.999428963,0.985984907,0.99999658,0.999993403,0.011564357,0.045692152,0.997904946,0.996579387,0.934653655,0.985001154,0.909524952,0.959038913,0.974322784,0.067535126,0.997546204,0.980201533
525,17.46666667,17.48333333,0.969360729,0.926394808,0.999569112,0.989248941,0.003578781,1,0.756643441,0.759333644,0.633744506,0.088899542,0.088899542,0.987262627,0.999941579,0.038705027,0.998969649,0.006979022,0.319667151,0.001596616,0.734970762,0.998290517,0.999409246,0.985396821,0.999996396,0.999993645,0.011116526,0.042740679,0.997826986,0.996460639,0.93203927,0.984544489,0.906644739,0.95755685,0.973521545,0.064931458,0.997456345,0.979603307
526,17.5,17.51666667,0.968452698,0.924421792,0.999552736,0.988814311,0.003384967,1,0.749051493,0.749217626,0.626504203,0.085756166,0.085756166,0.986653402,0.999937168,0.037572027,0.99893083,0.006608837,0.311708099,0.001497354,0.726503205,0.998206413,0.999388848,0.984784439,0.999996203,0.999997463,0.010685849,0.03997187,0.997746131,0.996337783,0.929328198,0.984074145,0.903682545,0.956023622,0.972696004,0.062421448,0.997363203,0.978987392
527,17.53333333,17.55,0.967518657,0.922400318,0.999535737,0.988362317,0.003201616,1,0.741303677,0.738822652,0.619206773,0.082713845,0.082713845,0.98601545,0.999932424,0.036470934,0.99889055,0.006258164,0.303858704,0.001404254,0.717868963,0.99811818,0.999367746,0.984146791,0.999995999,0.999997347,0.010271685,0.037375425,0.997662274,0.996210679,0.926517502,0.983589725,0.900636661,0.954437642,0.97184547,0.06000224,0.997266661,0.97835329
528,17.56666667,17.58333333,0.966557917,0.920329436,0.999518092,0.987892283,0.003028166,1,0.733401792,0.728153142,0.611855097,0.079770037,0.079770037,0.985347459,0.999927321,0.035400923,0.998848754,0.005925988,0.296121932,0.001316936,0.709071294,0.998025614,0.999345916,0.983482868,0.999995784,0.999997226,0.009873412,0.034941499,0.997575306,0.996079182,0.923604212,0.983090824,0.89750538,0.952797289,0.970969232,0.057671024,0.997166593,0.977700488
529,17.6,17.61666667,0.965569771,0.918208189,0.999499778,0.987403506,0.002864086,1,0.725347968,0.717214595,0.604452154,0.076922215,0.076922215,0.984648056,0.999921833,0.034361185,0.998805386,0.005611343,0.288500513,0.00123504,0.700113892,0.997928504,0.999323333,0.982791626,0.999995558,0.999997099,0.009490434,0.032660695,0.99748511,0.995943139,0.920585321,0.982577025,0.894287005,0.951100905,0.970066563,0.05542504,0.997062873,0.977028462
530,17.63333333,17.65,0.964553498,0.916035616,0.999480767,0.98689526,0.002708873,1,0.717144677,0.706013608,0.597001016,0.074167866,0.074167866,0.983915814,0.999915931,0.033350929,0.998760386,0.005313315,0.280996942,0.001158231,0.691000883,0.997826629,0.999299971,0.982071984,0.999995319,0.999996966,0.009122174,0.030524061,0.997391567,0.995802396,0.917457795,0.982047898,0.890979846,0.949346797,0.969136718,0.053261582,0.996955368,0.976336674
531,17.66666667,17.68333333,0.963508362,0.913810752,0.999461035,0.986366789,0.002562049,1,0.708794737,0.694557901,0.589504838,0.071504503,0.071504503,0.983149245,0.999909583,0.03236938,0.998713693,0.005031036,0.27361348,0.001086194,0.681736835,0.997719755,0.999275803,0.981322818,0.999995068,0.999996827,0.008768078,0.028523082,0.997294555,0.995656792,0.914218578,0.981503005,0.887582231,0.947533237,0.968178937,0.051177996,0.99684394,0.975624572
532,17.7,17.71666667,0.96243361,0.911532628,0.999440553,0.985817314,0.002423164,1,0.700301315,0.682856323,0.58196686,0.06892966,0.06892966,0.982346796,0.999902756,0.03141578,0.998665244,0.004763682,0.266352156,0.001018632,0.672326749,0.997607638,0.999250801,0.980542967,0.999994803,0.999996682,0.00842761,0.02664967,0.997193945,0.99550616,0.910864594,0.980941893,0.884092505,0.945658462,0.96719244,0.049171687,0.996728448,0.974891592
533,17.73333333,17.75,0.961328475,0.909200272,0.999419293,0.985246024,0.002291791,1,0.691667932,0.670918854,0.574390398,0.066440902,0.066440902,0.981506852,0.999895413,0.030489388,0.998614972,0.004510471,0.259214769,0.000955269,0.662776062,0.997490022,0.999224936,0.979731227,0.999994525,0.99999653,0.008100254,0.024896152,0.997089604,0.995350327,0.907392755,0.980364101,0.880509032,0.943720675,0.966176428,0.047240114,0.996608743,0.974137155
534,17.76666667,17.78333333,0.960192173,0.906812712,0.999397225,0.98465208,0.002167524,1,0.682898462,0.658756596,0.56677884,0.064035821,0.064035821,0.980627732,0.999887517,0.029589479,0.99856281,0.004270661,0.252202893,0.000895844,0.653090637,0.997366639,0.999198179,0.97888635,0.999994231,0.999996371,0.007785513,0.023255256,0.996981396,0.995189118,0.90379997,0.979769153,0.876830205,0.941718046,0.965130085,0.045380796,0.996484675,0.973360669
535,17.8,17.81666667,0.959023907,0.904368975,0.99937432,0.984034613,0.002049982,1,0.673997132,0.646381757,0.559135637,0.061712047,0.061712047,0.979707685,0.999879023,0.028715345,0.998508686,0.00404355,0.24531788,0.000840113,0.643276758,0.997237207,0.9991705,0.978007046,0.999993921,0.999996204,0.00748291,0.021720102,0.996869176,0.995022346,0.900083147,0.979156561,0.873054446,0.939648714,0.964052578,0.04359131,0.996356083,0.972561526
536,17.83333333,17.85,0.95782286,0.901868089,0.999350544,0.983392724,0.001938801,1,0.66496852,0.633807616,0.551464302,0.059467242,0.059467242,0.978744889,0.999869889,0.027866292,0.998452527,0.00382847,0.238560862,0.000787846,0.633341117,0.997101433,0.999141865,0.97709198,0.999993595,0.99999603,0.007191984,0.020284184,0.996752799,0.994849824,0.896239207,0.978525827,0.86918021,0.937510784,0.962943054,0.041869294,0.996222806,0.971739107
537,17.86666667,17.88333333,0.956588203,0.899309082,0.999325866,0.982725481,0.001833639,1,0.655817549,0.621048487,0.543768399,0.057299106,0.057299106,0.97773745,0.999860065,0.027041645,0.998394256,0.003624788,0.23193276,0.000738828,0.6232908,0.996959006,0.999112243,0.976139769,0.999993251,0.999995849,0.006912289,0.018941357,0.99663211,0.994671354,0.892265085,0.977876438,0.865205992,0.935302333,0.961800641,0.040212444,0.996084673,0.970892775
538,17.9,17.91666667,0.95531909,0.896690989,0.999300251,0.982031919,0.001734172,1,0.646549485,0.608119666,0.536051542,0.055205378,0.055205378,0.976683398,0.9998495,0.026240744,0.998333795,0.003431906,0.225434292,0.000692858,0.613133275,0.996809604,0.9990816,0.975148984,0.999992888,0.999995659,0.006643399,0.017685821,0.996506951,0.994486734,0.888157746,0.977207868,0.86113033,0.933021409,0.960624449,0.038618515,0.995941509,0.97002188
539,17.93333333,17.95,0.954014659,0.894012843,0.999273663,0.98131104,0.001640091,1,0.637169926,0.595037372,0.528317381,0.05318384,0.05318384,0.975580687,0.999838137,0.025462942,0.998271062,0.003249253,0.21906597,0.000649746,0.602876367,0.996652886,0.999049899,0.974118149,0.999992507,0.99999546,0.006384901,0.016512108,0.996377158,0.994295754,0.88391419,0.976519579,0.856951809,0.930666032,0.959413569,0.037085326,0.995793133,0.969125756
540,17.96666667,17.98333333,0.952674032,0.891273689,0.999246066,0.980561813,0.001551106,1,0.627684794,0.58181867,0.520569602,0.051232314,0.051232314,0.974427191,0.999825916,0.02470761,0.99820597,0.003076292,0.212828116,0.000609315,0.592528243,0.996488497,0.999017106,0.973045735,0.999992104,0.999995252,0.0061364,0.015415066,0.99624256,0.994098198,0.879531462,0.97581102,0.85266907,0.928234196,0.958167074,0.03561075,0.995639356,0.968203722
541,18,18.01666667,0.951296317,0.888472575,0.999217421,0.979783168,0.001466942,1,0.61810032,0.568481395,0.512811916,0.049348665,0.049348665,0.973220703,0.999812773,0.023974133,0.998138433,0.002912511,0.206720866,0.000571399,0.582097386,0.996316063,0.998983182,0.971930167,0.999991681,0.999995034,0.005897512,0.014389843,0.996102981,0.993893841,0.875006666,0.975081624,0.84828081,0.925723873,0.956884017,0.034192724,0.995479983,0.967255083
542,18.03333333,18.05,0.949880605,0.885608558,0.999187689,0.978974001,0.001387339,1,0.608423037,0.555044058,0.505048052,0.047530802,0.047530802,0.971958933,0.999798637,0.023261911,0.998068358,0.002757425,0.200744175,0.000535841,0.57159257,0.996135196,0.998948088,0.970769815,0.999991234,0.999994807,0.005667872,0.013431876,0.995958238,0.993682454,0.870336974,0.974330813,0.843785792,0.923133012,0.955563432,0.032829242,0.995314812,0.966279128
543,18.06666667,18.08333333,0.948425973,0.882680705,0.999156827,0.978133171,0.00131205,1,0.598659758,0.54152575,0.497281753,0.045776679,0.045776679,0.970639505,0.999783435,0.022570358,0.997995651,0.002610576,0.194897827,0.000502494,0.561022829,0.995945484,0.998911784,0.969562999,0.999990764,0.999994569,0.005447125,0.012536871,0.995808142,0.993463797,0.865519637,0.973557992,0.839182846,0.920459542,0.954204335,0.031518357,0.995143636,0.965275128
544,18.1,18.11666667,0.94693148,0.879688094,0.999124795,0.977259498,0.001240841,1,0.588817562,0.527946034,0.489516765,0.044084296,0.044084296,0.969259957,0.999767085,0.021898903,0.997920213,0.002471528,0.189181443,0.000471222,0.550397432,0.9957465,0.998874229,0.968307983,0.999990268,0.99999432,0.005234929,0.011700796,0.995652496,0.993237623,0.860551999,0.972762555,0.834470878,0.917701378,0.952805723,0.030258178,0.994966237,0.964242342
545,18.13333333,18.15,0.945396174,0.876629816,0.999091546,0.976351761,0.001173493,1,0.578903778,0.514324834,0.481756833,0.042451697,0.042451697,0.967817738,0.999749501,0.02124699,0.997841941,0.002339868,0.183594489,0.000441895,0.53972585,0.995537794,0.998835379,0.967002981,0.999989745,0.99999406,0.005030958,0.010919862,0.995491097,0.993003678,0.855431509,0.971943879,0.829648875,0.914856419,0.951366574,0.029046873,0.994782392,0.96318001
546,18.16666667,18.18333333,0.943819086,0.873504976,0.999057036,0.975408701,0.001109795,1,0.568925959,0.500682321,0.474005691,0.040876974,0.040876974,0.966310207,0.999730589,0.020614074,0.99776073,0.002215207,0.17813628,0.000414392,0.52901772,0.995318896,0.99879519,0.965646148,0.999989195,0.999993788,0.004834896,0.010190511,0.995323734,0.992761699,0.850155735,0.971101326,0.824715909,0.911922551,0.949885848,0.027882665,0.994591868,0.962087358
547,18.2,18.21666667,0.942199233,0.870312697,0.999021216,0.974429019,0.001049552,1,0.558891865,0.487038792,0.466267056,0.039358263,0.039358263,0.964734631,0.999710251,0.019999627,0.997676471,0.002097173,0.172805995,0.000388601,0.518282815,0.995089313,0.998753616,0.964235586,0.999988615,0.999993503,0.004646439,0.009509406,0.995150189,0.992511413,0.84472238,0.970234246,0.819671144,0.908897656,0.948362485,0.026763832,0.994394428,0.960963595
548,18.23333333,18.25,0.940535618,0.867052118,0.998984037,0.973411371,0.000992576,1,0.548809437,0.473414551,0.458544623,0.037893748,0.037893748,0.963088184,0.999688378,0.019403132,0.997589048,0.001985416,0.167602679,0.000364414,0.507531006,0.994848528,0.99871061,0.962769339,0.999988004,0.999993206,0.004465295,0.008873416,0.994970237,0.992252541,0.839129291,0.969341972,0.814513844,0.905779608,0.94679541,0.025688708,0.99418982,0.959807915
549,18.26666667,18.28333333,0.938827229,0.863722398,0.998945447,0.972354373,0.00093869,1,0.538686772,0.459829785,0.450842053,0.036481658,0.036481658,0.961367947,0.999664853,0.018824086,0.997498345,0.001879604,0.162525256,0.000341732,0.496772227,0.994596,0.998666121,0.961245397,0.99998736,0.999992895,0.004291182,0.008279606,0.994783642,0.991984792,0.833374479,0.96842382,0.809243373,0.902566284,0.945183526,0.024655678,0.99397779,0.958619494
550,18.3,18.31666667,0.937073043,0.860322718,0.998905393,0.971256596,0.000887726,1,0.528532103,0.446304449,0.443162971,0.035120268,0.035120268,0.959570906,0.999639554,0.018261999,0.997404238,0.00177942,0.157572533,0.000320461,0.486016435,0.994331164,0.998620099,0.959661689,0.999986681,0.999992569,0.00412383,0.007725224,0.994590162,0.991707868,0.827456132,0.967479094,0.803859208,0.899255559,0.943525721,0.023663181,0.993758071,0.957397492
551,18.33333333,18.35,0.935272022,0.856852283,0.998863819,0.970116568,0.000839528,1,0.518353764,0.432858147,0.435510957,0.033807899,0.033807899,0.957693951,0.999612346,0.017716392,0.997306601,0.001684567,0.15274321,0.000300514,0.47527358,0.994053427,0.998572492,0.958016089,0.999985966,0.999992229,0.003962979,0.007207692,0.994389547,0.991421458,0.821372629,0.966507081,0.79836094,0.895845321,0.941820866,0.022709707,0.993530388,0.956141055
552,18.36666667,18.38333333,0.933423116,0.853310324,0.998820668,0.968932769,0.000793944,1,0.508160171,0.419510023,0.42788954,0.032542916,0.032542916,0.955733876,0.999583085,0.017186801,0.997205301,0.001594763,0.148035888,0.000281809,0.464553561,0.993762168,0.998523245,0.956306414,0.999985213,0.999991873,0.003808378,0.006724596,0.994181535,0.991125244,0.815122558,0.96550705,0.79274828,0.892333466,0.940067813,0.021793793,0.993294455,0.95484931
553,18.4,18.41666667,0.931525265,0.849696098,0.99877588,0.967703637,0.000750833,1,0.497959788,0.406278649,0.42030219,0.03132373,0.03132373,0.953687381,0.999551616,0.016672772,0.997100202,0.001509738,0.143449076,0.000264267,0.453866195,0.993456737,0.998472302,0.954530422,0.999984419,0.999991501,0.003659786,0.006273675,0.993965859,0.990818896,0.808704733,0.964478259,0.787021068,0.888717908,0.9382654,0.020914029,0.993049979,0.95352137
554,18.43333333,18.45,0.929577394,0.846008893,0.998729393,0.966427561,0.000710062,1,0.487761102,0.393181932,0.412752316,0.030148796,0.030148796,0.951551069,0.999517773,0.016173864,0.996991163,0.001429241,0.138981201,0.000247817,0.443221177,0.993136454,0.998419603,0.952685813,0.999983583,0.999991111,0.003516971,0.005852812,0.993742238,0.990502076,0.802118205,0.963419945,0.781179276,0.884996584,0.936412448,0.02006905,0.992796654,0.952156331
555,18.46666667,18.48333333,0.927578422,0.842248028,0.998681144,0.965102884,0.000671503,1,0.477572597,0.38023702,0.405243254,0.029016613,0.029016613,0.94932145,0.999481377,0.015689646,0.996878037,0.001353029,0.13463061,0.00023239,0.43262805,0.992800607,0.99836509,0.950770232,0.999982702,0.999990704,0.00337971,0.005460028,0.993510383,0.990174431,0.79536228,0.962331331,0.775223013,0.881167456,0.934507761,0.01925754,0.992534165,0.950753272
556,18.5,18.51666667,0.925527254,0.838412856,0.998631065,0.9637279,0.000635036,1,0.46740272,0.367460217,0.397778269,0.027925723,0.027925723,0.946994939,0.999442235,0.015219701,0.996760671,0.001280876,0.130395582,0.000217924,0.422096166,0.992448452,0.9983087,0.948781265,0.999981773,0.999990278,0.003247789,0.005093468,0.993269997,0.989835599,0.788436536,0.961211625,0.769152532,0.877228522,0.932550131,0.018478224,0.992262186,0.949311257
557,18.53333333,18.55,0.923422787,0.834502766,0.998579086,0.962300857,0.000600549,1,0.457259858,0.354866917,0.390360541,0.02687471,0.02687471,0.944567862,0.999400141,0.014763621,0.996638908,0.001212566,0.126274335,0.000204358,0.411634657,0.992079209,0.998250369,0.946716444,0.999980795,0.999989833,0.003121001,0.0047514,0.993020769,0.989485207,0.781340838,0.960060017,0.762968236,0.873177815,0.930538336,0.017729876,0.991980378,0.947829336
558,18.56666667,18.58333333,0.921263911,0.830517187,0.998525138,0.960819952,0.000567933,1,0.447152307,0.342471532,0.382993168,0.025862201,0.025862201,0.942036451,0.999354872,0.01432101,0.996512584,0.001147895,0.122265029,0.000191637,0.401252405,0.991692062,0.998190029,0.944573245,0.999979764,0.999989367,0.002999148,0.004432202,0.992762379,0.989122868,0.774075348,0.958875682,0.756670677,0.869013416,0.928471138,0.01701131,0.991688393,0.946306539
559,18.6,18.61666667,0.919049507,0.826455585,0.998469143,0.959283335,0.000537088,1,0.437088248,0.330287449,0.375679157,0.024886862,0.024886862,0.939396857,0.99930619,0.01389148,0.996381529,0.00108667,0.118365777,0.000179707,0.390958013,0.991286158,0.998127612,0.942349091,0.999978678,0.99998888,0.002882038,0.004134358,0.992494494,0.988748186,0.766640546,0.957657776,0.75026057,0.864733456,0.926347288,0.016321382,0.99138587,0.944741886
560,18.63333333,18.65,0.91677845,0.822317473,0.998411027,0.957689108,0.000507918,1,0.427075721,0.318326983,0.368421419,0.023947403,0.023947403,0.936645142,0.999253836,0.013474658,0.996245568,0.001028706,0.114574646,0.000168519,0.380759775,0.990860606,0.998063047,0.940041351,0.999977533,0.999988371,0.002769489,0.003856452,0.992216772,0.988360748,0.759037241,0.956405441,0.743738788,0.860336125,0.924165528,0.01565899,0.991072434,0.943134377
561,18.66666667,18.68333333,0.91444961,0.818102405,0.998350708,0.95603532,0.000480331,1,0.417122596,0.306601348,0.361222769,0.023042569,0.023042569,0.933777292,0.999197535,0.013070177,0.996104518,0.000973832,0.110889668,0.000158028,0.370665659,0.990414473,0.99799626,0.937647347,0.999976327,0.999987839,0.002661323,0.00359716,0.991928858,0.987960133,0.751266579,0.955117803,0.737106371,0.855819677,0.921924587,0.01502307,0.9907477,0.941483001
562,18.7,18.71666667,0.912061851,0.813809986,0.998288103,0.954319975,0.000454241,1,0.407236553,0.295120637,0.354085918,0.022171147,0.022171147,0.930789217,0.99913699,0.012677681,0.995958191,0.000921881,0.107308844,0.000148191,0.360683275,0.989946782,0.997927174,0.935164348,0.999975056,0.999987282,0.002557371,0.003355242,0.991630383,0.987545902,0.743330065,0.953793969,0.73036453,0.85118244,0.919623183,0.014412597,0.990411269,0.939786731
563,18.73333333,18.75,0.909614036,0.809439869,0.998223126,0.952541025,0.000429568,1,0.397425058,0.283893812,0.347013472,0.02133196,0.02133196,0.927676758,0.999071881,0.012296825,0.99580639,0.0008727,0.103830147,0.000138965,0.350819866,0.989456516,0.997855712,0.93258958,0.999973717,0.999986699,0.002457469,0.003129542,0.991320966,0.987117605,0.735229563,0.952433033,0.723514648,0.846422822,0.917260031,0.013826583,0.990062727,0.938044526
564,18.76666667,18.78333333,0.907105025,0.804991758,0.998155687,0.950696376,0.000406235,1,0.387695342,0.272928706,0.340007928,0.020523871,0.020523871,0.924435693,0.999001864,0.011927272,0.995648913,0.000826141,0.100451532,0.000130314,0.341082282,0.988942608,0.997781792,0.929920225,0.999972307,0.99998609,0.00236146,0.002918981,0.991000215,0.986674779,0.726967312,0.95103407,0.716558283,0.841539316,0.914833834,0.013264076,0.989701647,0.936255332
565,18.8,18.81666667,0.904533676,0.800465413,0.998085693,0.948783883,0.000384168,1,0.378054381,0.262232027,0.333071675,0.019745775,0.019745775,0.921061743,0.998926572,0.011568696,0.995485549,0.000782063,0.097170936,0.000122201,0.331476972,0.988403944,0.99770533,0.927153424,0.99997082,0.999985453,0.002269194,0.002722548,0.990667721,0.986216942,0.718545935,0.94959614,0.70949717,0.836530513,0.912343292,0.012724157,0.989327589,0.93441808
566,18.83333333,18.85,0.901898848,0.795860649,0.998013049,0.946801356,0.0003633,1,0.368508876,0.251809383,0.326206984,0.018996607,0.018996607,0.917550582,0.998845606,0.011220776,0.99531608,0.000740335,0.093986285,0.000114593,0.32200997,0.987839362,0.997626238,0.924286281,0.999969254,0.999984786,0.002180525,0.0025393,0.990323063,0.985743603,0.709968438,0.948118288,0.702333223,0.831395107,0.9097871,0.012205945,0.988940096,0.93253169
567,18.86666667,18.88333333,0.899199405,0.791177342,0.997937653,0.944746556,0.000343565,1,0.359065243,0.241665301,0.319416015,0.018275332,0.018275332,0.913897845,0.998758541,0.010883206,0.995140281,0.000700833,0.090895499,0.000107459,0.312686881,0.987247646,0.997544426,0.921315869,0.999967603,0.99998409,0.002095314,0.002368357,0.989965805,0.98525425,0.701238226,0.946599542,0.695068539,0.826131903,0.907163951,0.011708587,0.988538697,0.930595071
568,18.9,18.91666667,0.896434211,0.786415425,0.997859402,0.9426172,0.000324902,1,0.349729589,0.231803262,0.31270081,0.017580953,0.017580953,0.910099137,0.998664918,0.010555682,0.994957917,0.000663436,0.087896494,0.000100769,0.303512885,0.986627529,0.997459802,0.918239229,0.999965864,0.999983361,0.002013426,0.002208896,0.989595497,0.984748361,0.692359096,0.945038914,0.687705393,0.820739827,0.904472537,0.011231265,0.988122904,0.928607119
569,18.93333333,18.95,0.893602137,0.781574899,0.99777819,0.940410958,0.000307252,0.999999999,0.340507709,0.222225743,0.306063293,0.016912502,0.016912502,0.906150045,0.998564245,0.010237913,0.994768746,0.000628034,0.084987188,9.45E-05,0.29449272,0.985977685,0.99737227,0.915053381,0.999964032,0.999982599,0.001934731,0.002060149,0.989211671,0.984225394,0.683335246,0.943435402,0.680246242,0.815217931,0.90171155,0.010773189,0.987692216,0.926566719
570,18.96666667,18.98333333,0.89070206,0.776655826,0.997693903,0.93812546,0.000290561,0.999999996,0.331405069,0.212934254,0.299505271,0.016269046,0.016269046,0.902046153,0.998455993,0.009929614,0.994572516,0.00059452,0.082165503,8.86E-05,0.285630691,0.985296732,0.997281729,0.911755325,0.999962101,0.999981802,0.001859107,0.0019214,0.988813846,0.983684792,0.67417127,0.941787989,0.672693724,0.809565408,0.898879685,0.010333601,0.987246111,0.924472748
571,19,19.01666667,0.887732867,0.771658337,0.997606426,0.935758291,0.000274776,0.999999988,0.322426798,0.203929392,0.29302843,0.015649681,0.015649681,0.897783047,0.998339592,0.009630509,0.994368967,0.000562793,0.079429369,8.31E-05,0.276930663,0.984583227,0.997188078,0.908342048,0.999960067,0.999980968,0.001786434,0.001791978,0.988401523,0.98312598,0.664872157,0.940095642,0.665050655,0.803781591,0.895975641,0.009911771,0.986784054,0.922324072
572,19.03333333,19.05,0.884693456,0.766582633,0.997515639,0.933306998,0.000259848,0.999999962,0.313577682,0.195210891,0.286634341,0.015053535,0.015053535,0.893356339,0.998214431,0.009340328,0.994157829,0.000532759,0.076776728,7.79E-05,0.268396068,0.983835666,0.997091209,0.90481053,0.999957924,0.999980096,0.001716596,0.00167126,0.987974186,0.982548369,0.655443288,0.938357316,0.657320027,0.79786597,0.892998125,0.009506994,0.986305489,0.920119551
573,19.06666667,19.08333333,0.881582734,0.761428986,0.997421418,0.93076909,0.000245732,0.99999988,0.304862159,0.186777674,0.280324451,0.014479763,0.014479763,0.888761677,0.998079854,0.009058811,0.993938822,0.000504326,0.074205533,7.31E-05,0.260029908,0.98305248,0.996991014,0.901157751,0.999955665,0.999979185,0.001649484,0.001558661,0.987531304,0.981951348,0.645890425,0.936571949,0.649505009,0.791818196,0.889945852,0.009118596,0.985809843,0.917858035
574,19.1,19.11666667,0.878399627,0.75619774,0.997323633,0.928142041,0.000232382,0.999999628,0.296284316,0.178627914,0.274100094,0.013927552,0.013927552,0.883994764,0.997935155,0.008785704,0.993711658,0.00047741,0.071713758,6.85E-05,0.251834763,0.982232033,0.996887378,0.897380699,0.999953285,0.999978231,0.001584992,0.001453637,0.987072324,0.981334292,0.636219706,0.934738469,0.64160894,0.78563809,0.886817546,0.008745925,0.985296526,0.91553837
575,19.13333333,19.15,0.875143074,0.750889314,0.99722215,0.925423293,0.000219757,0.999998843,0.287847884,0.170759087,0.267962484,0.013396114,0.013396114,0.879051372,0.997779576,0.00852076,0.993476035,0.00045193,0.069299392,6.43E-05,0.243812796,0.98137262,0.996780184,0.893476376,0.999950778,0.999977234,0.001523018,0.00135568,0.986596678,0.980696553,0.626437632,0.93285579,0.633635324,0.779325651,0.883611947,0.008388356,0.984764928,0.913159396
576,19.16666667,19.18333333,0.871812036,0.745504204,0.99711683,0.922610259,0.000207818,0.999996402,0.279556243,0.163168034,0.26191272,0.01288469,0.01288469,0.873927367,0.997612302,0.008263739,0.993231644,0.00042781,0.066960446,6.03E-05,0.235965769,0.980472464,0.996669311,0.889441807,0.999948136,0.999976192,0.001463463,0.001264316,0.986103778,0.980037469,0.61655105,0.930922812,0.625587831,0.772881063,0.880327809,0.008045287,0.984214417,0.91071995
577,19.2,19.21666667,0.868405493,0.740042983,0.997007529,0.919700323,0.000196527,0.999988814,0.271412421,0.155851016,0.255951784,0.012392545,0.012392545,0.868618728,0.99743246,0.008014408,0.992978163,0.000404976,0.064694955,5.65E-05,0.228295049,0.979529716,0.996554633,0.885274051,0.999945352,0.999975101,0.001406234,0.001179102,0.985593017,0.979356355,0.606567146,0.928938425,0.617470285,0.766304705,0.876963906,0.00771614,0.983644344,0.908218864
578,19.23333333,19.25,0.864922448,0.734506306,0.996894097,0.916690851,0.00018585,0.99996522,0.263419094,0.148803773,0.250080548,0.011918971,0.011918971,0.863121565,0.997239109,0.00777254,0.992715258,0.00038336,0.062500979,5.30E-05,0.220801624,0.978542451,0.99643602,0.880970207,0.999942418,0.999973961,0.001351239,0.001099625,0.985063767,0.978652508,0.596493417,0.926901509,0.609286662,0.759597155,0.873519032,0.007400358,0.983054039,0.905654971
579,19.26666667,19.28333333,0.861361932,0.728894906,0.99677638,0.913579188,0.000175752,0.999891865,0.2555786,0.142021579,0.244299771,0.011463284,0.011463284,0.857432146,0.997031241,0.007537917,0.992442585,0.000362898,0.060376603,4.97E-05,0.213486116,0.977508663,0.99631334,0.876527427,0.999939328,0.999972768,0.001298393,0.0010255,0.984515381,0.977925204,0.586337658,0.924810933,0.601041083,0.752759199,0.869992004,0.007097408,0.982442809,0.903027104
580,19.3,19.31666667,0.857723003,0.723209598,0.996654216,0.910362667,0.000166203,0.999663848,0.247892934,0.135499296,0.238610103,0.011024825,0.011024825,0.851546916,0.996807773,0.007310324,0.992159786,0.000343528,0.058319942,4.66E-05,0.206348796,0.97642627,0.996186453,0.871942925,0.999936071,0.999971521,0.001247611,0.000956366,0.983947188,0.977173699,0.576107937,0.922665556,0.592737806,0.745791837,0.866381666,0.006806774,0.98180994,0.900334096
581,19.33333333,19.35,0.854004748,0.717451281,0.996527438,0.907038611,0.000157173,0.998955527,0.240363762,0.12923143,0.233012087,0.010602956,0.010602956,0.84546253,0.996567542,0.007089553,0.991866491,0.000325191,0.056329139,4.37E-05,0.199389601,0.975293103,0.996055215,0.867213988,0.999932639,0.999970216,0.001198812,0.00089189,0.983358498,0.976397228,0.565812569,0.920464228,0.584381216,0.738696287,0.862686893,0.006527963,0.981154696,0.897574783
582,19.36666667,19.38333333,0.850206292,0.711620937,0.996395874,0.90360434,0.000148634,0.996759509,0.23299243,0.123212177,0.227506162,0.010197064,0.010197064,0.83917587,0.996309299,0.006875404,0.991562318,0.000307833,0.054402368,4.10E-05,0.192608149,0.97410691,0.99591948,0.862337991,0.999929024,0.999968852,0.00115192,0.000831756,0.982748598,0.975595004,0.555460097,0.918205795,0.57597582,0.731473994,0.858906592,0.006260501,0.980476318,0.894748008
583,19.4,19.41666667,0.846326792,0.705719632,0.996259344,0.900057177,0.000140558,0.989992592,0.225779967,0.117435474,0.222092667,0.009806556,0.009806556,0.832684077,0.996031704,0.006667679,0.991246869,0.000291401,0.052537833,3.84E-05,0.186003756,0.972865352,0.995779094,0.857312403,0.999925214,0.999967426,0.00110686,0.000775674,0.982116753,0.974766217,0.545059256,0.915889094,0.567526237,0.724126631,0.855039704,0.006003931,0.979774024,0.891852618
584,19.43333333,19.45,0.842365445,0.699748518,0.996117662,0.896394451,0.000132921,0.969526756,0.218727103,0.111895043,0.216771838,0.00943086,0.00943086,0.825984577,0.995733319,0.00646619,0.990919736,0.000275845,0.050733774,3.60E-05,0.179575456,0.971566,0.9956339,0.852134807,0.9999212,0.999965934,0.001063561,0.00072337,0.981462202,0.973910038,0.534618952,0.913512956,0.559037184,0.716656105,0.851085213,0.005757814,0.979047007,0.88888747
585,19.46666667,19.48333333,0.838321492,0.69370883,0.995970636,0.892613508,0.000125699,0.910970783,0.211834274,0.106584435,0.211543819,0.009069426,0.009069426,0.819075108,0.995412602,0.006270751,0.990580493,0.00026112,0.04898846,3.38E-05,0.173322013,0.970206333,0.995483734,0.846802908,0.99991697,0.999964373,0.001021954,0.000674591,0.980784162,0.973025613,0.524148226,0.911076209,0.550513474,0.709064558,0.847042142,0.005521731,0.978294437,0.885851429
586,19.5,19.51666667,0.834194216,0.68760189,0.995818064,0.888711716,0.000118869,0.766943717,0.205101637,0.101497066,0.206408658,0.008721722,0.008721722,0.811953751,0.995067896,0.006081183,0.9902287,0.000247181,0.047300195,3.17E-05,0.167241945,0.968783738,0.995328427,0.841314548,0.999912514,0.999962742,0.000981973,0.000629099,0.980081826,0.972112065,0.513656227,0.908577678,0.541959998,0.701354374,0.842909562,0.005295276,0.977515457,0.882743375
587,19.53333333,19.55,0.829982947,0.681429104,0.995659742,0.88468647,0.000112411,0.514176359,0.198529082,0.096626259,0.201366316,0.008387235,0.008387235,0.804618953,0.994697427,0.005897312,0.989863903,0.000233986,0.045667318,2.97E-05,0.161333539,0.967295507,0.995167805,0.835667723,0.999907818,0.999961035,0.000943555,0.000586673,0.97935436,0.971168495,0.503152179,0.906016186,0.533381717,0.693528175,0.838686593,0.005078061,0.976709187,0.8795622
588,19.56666667,19.58333333,0.825687068,0.675191964,0.995495452,0.880535203,0.000106303,0.253943003,0.192116243,0.091965276,0.196416666,0.008065471,0.008065471,0.797069564,0.994299289,0.005718968,0.989485632,0.000221495,0.044088202,2.79E-05,0.155594868,0.965738833,0.995001689,0.829860591,0.99990287,0.999959251,0.000906638,0.000547106,0.978600904,0.970193978,0.492645348,0.903390558,0.52478365,0.685588825,0.834372406,0.004869712,0.975874718,0.876306813
589,19.6,19.61666667,0.821306013,0.668892046,0.995324972,0.876255395,0.000100527,0.098668715,0.185862512,0.087507347,0.191559497,0.007755955,0.007755955,0.789304855,0.993871442,0.005545988,0.989093399,0.000209671,0.042561255,2.61E-05,0.150023808,0.964110814,0.994829892,0.823891495,0.999897657,0.999957384,0.000871165,0.000510207,0.977820575,0.969187568,0.48214501,0.900699617,0.516170865,0.677539431,0.829966233,0.004669872,0.975011117,0.872976142
590,19.63333333,19.65,0.816839273,0.662531008,0.995148073,0.871844579,9.51E-05,0.03400938,0.179767053,0.0832457,0.186794521,0.007458228,0.007458228,0.781324556,0.993411698,0.005378211,0.988686702,0.000198477,0.041084919,2.45E-05,0.144618056,0.962408446,0.994652221,0.817758971,0.999892164,0.999955432,0.000837078,0.000475795,0.977012458,0.968148291,0.471660417,0.89794219,0.507548463,0.669383339,0.825467361,0.004478196,0.974117421,0.869569135
591,19.66666667,19.68333333,0.812286399,0.656110594,0.994964513,0.867300351,8.99E-05,0.0111961,0.173828817,0.07917359,0.18212137,0.007171847,0.007171847,0.773128874,0.99291771,0.005215484,0.988265019,0.000187882,0.039657671,2.30E-05,0.139375148,0.960628625,0.994468479,0.811461766,0.999886376,0.999953391,0.000804324,0.000443703,0.976175616,0.967075151,0.461200767,0.89511711,0.498921568,0.661124132,0.820875146,0.004294353,0.973192643,0.866084763
592,19.7,19.71666667,0.807647003,0.649632627,0.994774045,0.86262038,8.50E-05,0.003628346,0.168046549,0.075284317,0.177539607,0.006896385,0.006896385,0.764718524,0.992386967,0.005057655,0.987827813,0.000177851,0.038278026,2.15E-05,0.134292472,0.958768147,0.99427846,0.804998852,0.999880277,0.999951256,0.000772851,0.000413775,0.975309078,0.965967126,0.45077517,0.892223214,0.490295315,0.652765628,0.816189008,0.004118026,0.972235764,0.862522026
593,19.73333333,19.75,0.802920763,0.64309901,0.994576412,0.85780242,8.04E-05,0.001169795,0.162418811,0.071571248,0.173048722,0.006631434,0.006631434,0.756094755,0.991816779,0.004904578,0.987374525,0.000168357,0.036944531,2.02E-05,0.129367288,0.956823704,0.994081952,0.798369445,0.999873851,0.999949024,0.000742608,0.000385865,0.974411849,0.964823169,0.440392617,0.88925935,0.481674837,0.644311876,0.811408439,0.003948911,0.971245739,0.858879948
594,19.76666667,19.78333333,0.798107425,0.636511728,0.994371347,0.852844316,7.60E-05,0.000376518,0.156943988,0.068027837,0.168648141,0.006376596,0.006376596,0.747259365,0.991204264,0.004756113,0.986904581,0.000159369,0.035655768,1.89E-05,0.124596738,0.954791887,0.993878737,0.791573013,0.999867081,0.999946689,0.000713548,0.000359837,0.973482902,0.963642207,0.430061948,0.886224372,0.473065255,0.635767152,0.80653301,0.003786714,0.970221492,0.855157587
595,19.8,19.81666667,0.793206807,0.629872839,0.994158575,0.84774402,7.19E-05,0.000121123,0.151620303,0.064647642,0.164337226,0.00613149,0.00613149,0.738214732,0.990546339,0.00461212,0.986417386,0.00015086,0.034410356,1.78E-05,0.119977864,0.952669185,0.993668588,0.784609297,0.999859946,0.999944247,0.000685624,0.000335563,0.972521183,0.962423142,0.419791826,0.883117151,0.464471661,0.627135947,0.801562365,0.003631155,0.96916192,0.851354033
596,19.83333333,19.85,0.788218799,0.623184478,0.993937808,0.842499597,6.80E-05,3.90E-05,0.146445834,0.061424333,0.160115283,0.005895751,0.005895751,0.728963824,0.989839706,0.004472468,0.985912324,0.000142806,0.033206947,1.67E-05,0.115507622,0.950451987,0.993451272,0.777478323,0.99985243,0.999941694,0.000658793,0.000312927,0.971525604,0.961164849,0.409590705,0.879936567,0.455899113,0.618422966,0.796496236,0.003481964,0.968065887,0.847468414
597,19.86666667,19.88333333,0.78314337,0.616448852,0.993708751,0.837109242,6.43E-05,1.25E-05,0.141418522,0.058351711,0.155981559,0.005669023,0.005669023,0.71951022,0.989080836,0.004337026,0.985388759,0.000135182,0.032044227,1.56E-05,0.111182893,0.948136578,0.993226548,0.770180414,0.999844509,0.999939023,0.00063301,0.000291817,0.970495048,0.959866179,0.399466805,0.87668152,0.447352615,0.609633117,0.791334438,0.003338882,0.966932228,0.843499895
598,19.9,19.91666667,0.777980567,0.609668239,0.993471095,0.831571285,6.08E-05,4.03E-06,0.136536184,0.055423714,0.15193525,0.005450966,0.005450966,0.70985812,0.988265958,0.004205668,0.984846036,0.000127965,0.030920917,1.46E-05,0.107000498,0.945719149,0.992994166,0.762716208,0.999836164,0.999936231,0.000608236,0.000272131,0.969428368,0.958525954,0.389428086,0.873350926,0.438837114,0.600771501,0.786076877,0.003201661,0.965759748,0.839447685
599,19.93333333,19.95,0.77273052,0.602844983,0.993224523,0.82588421,5.75E-05,1.30E-06,0.13179653,0.052634428,0.147975503,0.005241253,0.005241253,0.700012359,0.987391042,0.004078272,0.984283475,0.000121133,0.02983577,1.37E-05,0.102957209,0.94319579,0.992753871,0.755086665,0.999827371,0.99993331,0.000584432,0.000253773,0.968324384,0.957142971,0.379482229,0.869943724,0.430357481,0.591843403,0.780723553,0.003070062,0.96454722,0.835311038
600,19.96666667,19.98333333,0.767393445,0.595981493,0.992968705,0.820046664,5.44E-05,4.17E-07,0.127197169,0.049978089,0.144101421,0.005039567,0.005039567,0.689978406,0.986451786,0.00395472,0.983700376,0.000114666,0.028787575,1.29E-05,0.099049759,0.940562501,0.992505395,0.747293084,0.999818106,0.999930256,0.000561558,0.000236652,0.967181883,0.955716003,0.369636606,0.866458875,0.421918506,0.582854278,0.775274563,0.002943856,0.963293385,0.831089257
601,20,20.01666667,0.761969644,0.589080242,0.9927033,0.814057467,5.14E-05,1.34E-07,0.122735624,0.047449095,0.140312061,0.004845604,0.004845604,0.679762374,0.985443594,0.003834897,0.983096015,0.000108544,0.027775151,1.21E-05,0.095274855,0.937815187,0.992248466,0.739337112,0.999808344,0.999927061,0.000539579,0.000220687,0.96599962,0.954243794,0.359898271,0.862895367,0.413524883,0.573809741,0.769730104,0.002822824,0.961996954,0.826781692
602,20.03333333,20.05,0.75645951,0.582143758,0.992427952,0.807915629,4.86E-05,4.31E-08,0.118409341,0.045042006,0.136606443,0.004659072,0.004659072,0.669371012,0.984361567,0.003718691,0.982469644,0.000102749,0.02679735,1.13E-05,0.091629186,0.93494967,0.9919828,0.731220751,0.999798058,0.999923721,0.00051846,0.000205798,0.964776317,0.952725063,0.350273935,0.859252213,0.405181203,0.564715553,0.764090476,0.002706754,0.960656605,0.822387753
603,20.06666667,20.08333333,0.750863529,0.575174625,0.992142296,0.801620358,4.60E-05,1.39E-08,0.114215699,0.042751548,0.132983552,0.004479687,0.004479687,0.658811705,0.983200481,0.003605993,0.981820493,9.73E-05,0.025853057,1.06E-05,0.088109431,0.931961688,0.991708104,0.722946371,0.99978722,0.999920227,0.000498167,0.000191914,0.963510664,0.951158502,0.340769954,0.855528461,0.396891944,0.555577609,0.758356087,0.002595445,0.959270984,0.817906903
604,20.1,20.11666667,0.745182278,0.568175479,0.991845953,0.795171077,4.35E-05,4.46E-09,0.110152024,0.040572615,0.129442338,0.00430718,0.00430718,0.648092458,0.981954769,0.003496698,0.981147764,9.21E-05,0.024941186,9.96E-06,0.084712272,0.928846903,0.991424079,0.714516715,0.9997758,0.999916574,0.000478667,0.000178966,0.962201315,0.949542779,0.331392317,0.851723192,0.388661461,0.546401918,0.752527454,0.002488701,0.957838705,0.813338667
605,20.13333333,20.15,0.739416435,0.561149002,0.991538528,0.788567432,4.11E-05,1.43E-09,0.106215593,0.03850027,0.12598172,0.004141288,0.004141288,0.637221885,0.980618506,0.003390705,0.980450638,8.72E-05,0.024060683,9.34E-06,0.081434397,0.925600907,0.991130411,0.705934904,0.999763768,0.999912753,0.000459931,0.000166892,0.960846892,0.947876536,0.322146635,0.84783552,0.380493976,0.537194593,0.746605206,0.002386337,0.956358349,0.808682633
606,20.16666667,20.18333333,0.733566773,0.554097921,0.991219616,0.781809305,3.89E-05,4.61E-10,0.102403648,0.036529745,0.122600592,0.00398176,0.00398176,0.626209188,0.97918539,0.003287914,0.979728265,8.25E-05,0.023210525,8.76E-06,0.078272511,0.922219229,0.99082678,0.697204441,0.999751091,0.999908757,0.000441928,0.000155632,0.959445982,0.946158388,0.313038133,0.843864604,0.372393576,0.527961833,0.740590089,0.002288173,0.954828467,0.803938457
607,20.2,20.21666667,0.727634166,0.547025,0.990888794,0.774896827,3.68E-05,1.48E-10,0.098713398,0.03465644,0.119297821,0.003828353,0.003828353,0.615064133,0.977648721,0.00318823,0.978979772,7.81E-05,0.022389717,8.21E-06,0.075223339,0.918697344,0.990512855,0.688329217,0.999737733,0.999904578,0.000424629,0.000145131,0.957997138,0.944386928,0.304071642,0.839809641,0.3643642,0.518709904,0.734482965,0.002194039,0.953247576,0.799105863
608,20.23333333,20.25,0.72161959,0.53993304,0.990545627,0.767830389,3.48E-05,4.77E-11,0.095142036,0.032875923,0.116072254,0.003680835,0.003680835,0.603797023,0.976001385,0.003091558,0.978204257,7.39E-05,0.021597295,7.70E-06,0.072283634,0.915030682,0.990188293,0.679313506,0.999723658,0.999900208,0.000408007,0.000135339,0.956498879,0.942560723,0.295251598,0.835669875,0.356409633,0.509445127,0.728284814,0.002103769,0.951614162,0.794184647
609,20.26666667,20.28333333,0.715524122,0.532824873,0.990189662,0.760610652,3.29E-05,1.53E-11,0.091686739,0.031183927,0.112922718,0.003538981,0.003538981,0.592418663,0.974235837,0.002997809,0.977400791,7.00E-05,0.02083232,7.22E-06,0.069450185,0.911214639,0.989852741,0.670161968,0.999708829,0.999895638,0.000392036,0.000126208,0.95494969,0.940678316,0.286582038,0.831444598,0.348533504,0.500173857,0.72199674,0.002017206,0.949926677,0.789174684
610,20.3,20.31666667,0.709348944,0.525703355,0.989820433,0.753238556,3.11E-05,4.93E-12,0.088344676,0.029576349,0.109848021,0.003402575,0.003402575,0.580940325,0.97234408,0.002906894,0.976568416,6.62E-05,0.020093884,6.77E-06,0.066719816,0.907244587,0.989505835,0.660879643,0.999693204,0.999890858,0.000376689,0.000117693,0.953348022,0.938738228,0.278066603,0.827133154,0.340739278,0.490902468,0.715619968,0.001934198,0.948183546,0.784075924
611,20.33333333,20.35,0.703095342,0.518571365,0.989437456,0.745715332,2.94E-05,1.59E-12,0.08511302,0.028049245,0.10684696,0.00327141,0.00327141,0.569373705,0.970317652,0.002818729,0.975706145,6.27E-05,0.019381105,6.35E-06,0.064089397,0.903115889,0.989147199,0.651471949,0.99967674,0.99988586,0.000361943,0.000109752,0.95169229,0.936738958,0.269708537,0.82273494,0.33303025,0.481637333,0.70915585,0.001854599,0.946383158,0.778888403
612,20.36666667,20.38333333,0.696764707,0.511431799,0.989040229,0.738042509,2.78E-05,5.10E-13,0.081988946,0.026598827,0.103918316,0.003145284,0.003145284,0.557730879,0.968147605,0.00273323,0.974812961,5.94E-05,0.018693128,5.96E-06,0.061555841,0.898823909,0.988776446,0.641944668,0.999659394,0.999880632,0.000347774,0.000102347,0.949980877,0.934678982,0.261510693,0.818249412,0.325409544,0.472384808,0.702605861,0.00177827,0.944523875,0.773612236
613,20.4,20.41666667,0.690358536,0.504287567,0.988628236,0.730221922,2.63E-05,1.64E-13,0.078969644,0.025221465,0.101060863,0.003024007,0.003024007,0.546024253,0.965824496,0.002650318,0.973887817,5.62E-05,0.018029123,5.58E-06,0.059116115,0.894364035,0.988393177,0.632303943,0.999641117,0.999875165,0.00033416,9.54E-05,0.948212132,0.932556756,0.253475538,0.813676087,0.317880111,0.463151215,0.695971602,0.001705077,0.942604027,0.768247631
614,20.43333333,20.45,0.683878429,0.497141583,0.98820094,0.722255721,2.49E-05,5.28E-14,0.076052318,0.023913673,0.098273364,0.002907393,0.002907393,0.534266515,0.963338371,0.002569915,0.972929636,5.32E-05,0.017388287,5.24E-06,0.056767236,0.889731685,0.987996978,0.622556265,0.999621859,0.999869448,0.000321078,8.90E-05,0.946384373,0.930370718,0.245605162,0.809014545,0.310444721,0.453942824,0.689254801,0.001634892,0.940621916,0.762794881
615,20.46666667,20.48333333,0.677326095,0.489996767,0.987757787,0.714146372,2.35E-05,1.69E-14,0.073234196,0.022672117,0.095554578,0.002795262,0.002795262,0.522470576,0.960678753,0.002491944,0.971937307,5.03E-05,0.016769839,4.91E-06,0.054506279,0.884922336,0.987587424,0.612708453,0.999601569,0.999863469,0.000308509,8.30E-05,0.944495882,0.928119284,0.237901282,0.804264433,0.303105967,0.444765836,0.682457314,0.001567591,0.938575816,0.757254374
616,20.5,20.51666667,0.670703344,0.482856035,0.987298205,0.705896666,2.22E-05,5.55E-15,0.07051253,0.0214936,0.09290326,0.002687445,0.002687445,0.510649521,0.957834638,0.002416334,0.97090969,4.77E-05,0.016173026,4.61E-06,0.052330377,0.879931534,0.987164078,0.602767647,0.99958019,0.999857217,0.000296431,7.74E-05,0.942544911,0.925800858,0.23036526,0.799425469,0.295866261,0.435626367,0.67558112,0.001503056,0.936463972,0.751626593
617,20.53333333,20.55,0.664012092,0.475722298,0.986821599,0.697509721,2.10E-05,1.78E-15,0.067884603,0.020375067,0.090318161,0.002583775,0.002583775,0.498816543,0.954794488,0.002343012,0.969845611,4.51E-05,0.015597116,4.32E-06,0.050236722,0.874754919,0.986726487,0.592741284,0.999557665,0.999850678,0.000284826,7.22E-05,0.940529682,0.923413824,0.222998105,0.794497444,0.288727834,0.426530432,0.668628325,0.001441175,0.934284603,0.745912117
618,20.56666667,20.58333333,0.657254356,0.468598455,0.986327357,0.68898898,1.99E-05,6.66E-16,0.06534773,0.019313593,0.087798031,0.002484095,0.002484095,0.486984891,0.95154623,0.00227191,0.968743862,4.27E-05,0.0150414,4.05E-06,0.048222569,0.869388249,0.986274185,0.582637079,0.999533932,0.999843839,0.000273675,6.73E-05,0.938448385,0.920956554,0.215800492,0.789480223,0.281692735,0.417483928,0.66160116,0.001381837,0.932035905,0.740111626
619,20.6,20.61666667,0.650432255,0.461487388,0.985814846,0.68033822,1.88E-05,2.22E-16,0.062899264,0.018306386,0.085341623,0.002388251,0.002388251,0.475167806,0.94807726,0.002202961,0.967603203,4.04E-05,0.014505192,3.80E-06,0.046285234,0.863827419,0.985806693,0.572463005,0.999508925,0.999836688,0.00026296,6.28E-05,0.936299181,0.918427407,0.208772773,0.784373755,0.274762834,0.408492623,0.654501978,0.00132494,0.929716048,0.734225898
620,20.63333333,20.65,0.643548009,0.454391959,0.98528341,0.671561542,1.78E-05,0,0.060536595,0.017350775,0.082947692,0.002296097,0.002296097,0.463378466,0.944374453,0.0021361,0.96642236,3.83E-05,0.013987828,3.56E-06,0.044422099,0.858068485,0.985323515,0.562227265,0.999482578,0.999829209,0.000252665,5.85E-05,0.934080205,0.915824731,0.201914989,0.779178068,0.267939823,0.399562136,0.647333252,0.001270382,0.92732318,0.728255816
621,20.66666667,20.68333333,0.636603933,0.447315005,0.984732373,0.662663374,1.68E-05,0,0.058257158,0.016444212,0.080614994,0.00220749,0.00220749,0.451629923,0.940424178,0.002071264,0.965200024,3.62E-05,0.013488664,3.34E-06,0.042630609,0.852107696,0.984824142,0.551938272,0.999454819,0.999821388,0.000242773,5.46E-05,0.931789563,0.913146867,0.195226889,0.773893275,0.261225216,0.390697931,0.640097574,0.001218068,0.92485543,0.722202369
622,20.7,20.71666667,0.629602438,0.440259334,0.984161034,0.653648465,1.59E-05,0,0.056058428,0.015584266,0.078342293,0.002122296,0.002122296,0.43993505,0.93621232,0.002008392,0.963934852,3.43E-05,0.013007078,3.13E-06,0.040908274,0.845941514,0.984308048,0.54160462,0.99942557,0.999813208,0.000233268,5.09E-05,0.929425338,0.910392148,0.18870794,0.768519579,0.254620351,0.381905297,0.632797654,0.001167906,0.922310908,0.716066648
623,20.73333333,20.75,0.62254603,0.433227716,0.983568672,0.644521878,1.50E-05,0,0.05393793,0.014768614,0.076128359,0.002040383,0.002040383,0.428306483,0.931724314,0.001947425,0.962625464,3.25E-05,0.012542468,2.94E-06,0.039252671,0.839566645,0.983774692,0.531235054,0.999394754,0.999804654,0.000224136,4.75E-05,0.926985589,0.907558902,0.182357344,0.763057272,0.248126397,0.373189344,0.625436311,0.001119807,0.919687705,0.709849853
624,20.76666667,20.78333333,0.615437302,0.426222888,0.98295454,0.635288984,1.42E-05,0,0.051893234,0.013995046,0.073971969,0.001961625,0.001961625,0.416756564,0.926945178,0.001888305,0.961270448,3.07E-05,0.01209425,2.75E-06,0.037661441,0.832980069,0.983223517,0.520838443,0.999362285,0.999795709,0.00021536,4.43E-05,0.924468352,0.904645457,0.176174056,0.757506741,0.241744351,0.364554987,0.618016476,0.001073687,0.916983902,0.703553292
625,20.8,20.81666667,0.608278934,0.41924754,0.982317867,0.625955454,1.35E-05,0,0.049921958,0.013261451,0.071871908,0.001885901,0.001885901,0.4052973,0.921859569,0.001830977,0.959868353,2.91E-05,0.01166186,2.58E-06,0.036132291,0.826179067,0.982653948,0.51042375,0.999328076,0.999786353,0.000206928,4.13E-05,0.921871645,0.90165014,0.170156797,0.751868466,0.235475048,0.356006936,0.610541185,0.001029465,0.914197564,0.69717838
626,20.83333333,20.85,0.601073689,0.412304318,0.981657858,0.616527244,1.27E-05,0,0.048021772,0.01256582,0.069826972,0.001813096,0.001813096,0.393940303,0.916451843,0.001775385,0.958417696,2.75E-05,0.011244753,2.42E-06,0.034662992,0.819161252,0.982065395,0.5,0.999292033,0.99977657,0.000198827,3.85E-05,0.919193469,0.898571282,0.164304069,0.746143028,0.229319159,0.347549695,0.603013575,0.000987062,0.911326749,0.690726642
627,20.86666667,20.88333333,0.593824409,0.405395816,0.980973689,0.607010588,1.20E-05,0,0.046190398,0.011906237,0.067835967,0.001743096,0.001743096,0.382696755,0.910706123,0.001721479,0.956916954,2.61E-05,0.010842402,2.27E-06,0.033251379,0.811924601,0.981457249,0.48957625,0.999254058,0.999766338,0.000191042,3.59E-05,0.91643181,0.895407221,0.158614174,0.740331106,0.223277201,0.339187545,0.595436879,0.000946404,0.908369509,0.684199711
628,20.9,20.91666667,0.586534013,0.398524575,0.980264514,0.597411976,1.14E-05,0,0.044425606,0.011280881,0.065897711,0.001675794,0.001675794,0.371577364,0.904606394,0.001669207,0.955364572,2.47E-05,0.010454294,2.13E-06,0.031895354,0.804467484,0.980828884,0.479161557,0.999214047,0.999755638,0.000183562,3.35E-05,0.913584641,0.892156303,0.153085227,0.734433482,0.217349538,0.330924543,0.587814421,0.000907419,0.905323892,0.677599328
629,20.93333333,20.95,0.579205488,0.391693077,0.979529457,0.587738149,1.08E-05,0,0.04272522,0.010688016,0.064011033,0.001611086,0.001611086,0.360592328,0.898136592,0.001618519,0.953758957,2.34E-05,0.010079937,2.00E-06,0.030592879,0.796788698,0.980179656,0.468764946,0.999171893,0.999744449,0.000176375,3.12E-05,0.910649926,0.888816888,0.147715171,0.728451042,0.211536386,0.322764518,0.580149613,0.000870039,0.902187944,0.670927343
630,20.96666667,20.98333333,0.571841889,0.384903746,0.978767616,0.577996069,1.02E-05,0,0.041087119,0.010125989,0.062174775,0.001548873,0.001548873,0.349751302,0.891280732,0.001569369,0.952098481,2.21E-05,0.009718854,1.87E-06,0.029341979,0.788887492,0.979508901,0.45839538,0.999127479,0.999732747,0.000169469,2.91E-05,0.907625625,0.885387351,0.142501795,0.722384776,0.20583782,0.314711061,0.572445945,0.000834197,0.898959718,0.664185713
631,21,21.01666667,0.564446332,0.378158938,0.977978059,0.568192913,9.62E-06,0,0.03950923,0.00959323,0.060387796,0.001489059,0.001489059,0.339063373,0.884023026,0.001521708,0.95038148,2.09E-05,0.009370584,1.76E-06,0.028140742,0.780763603,0.978815936,0.448061728,0.999080685,0.999720509,0.000162834,2.71E-05,0.904509691,0.881866087,0.137442744,0.716235784,0.200253778,0.306767528,0.564706983,0.000799831,0.89563727,0.657376499
632,21.03333333,21.05,0.557021987,0.371460945,0.977159826,0.558336042,9.10E-06,0,0.037989538,0.009088243,0.058648964,0.001431552,0.001431552,0.328537034,0.876348039,0.001475493,0.948606257,1.98E-05,0.009034679,1.65E-06,0.026987316,0.772417282,0.978100062,0.437772735,0.999031385,0.999707711,0.000156458,2.53E-05,0.901300082,0.878251515,0.132535539,0.71000527,0.194784067,0.298937032,0.556936361,0.000766879,0.892218672,0.650501869
633,21.06666667,21.08333333,0.549572079,0.364811989,0.976311928,0.548432988,8.60E-06,0,0.036526076,0.008609608,0.056957166,0.001376262,0.001376262,0.318180168,0.868240846,0.001430679,0.946771079,1.88E-05,0.00871071,1.54E-06,0.025879907,0.763849323,0.977360555,0.427536995,0.998979443,0.999694328,0.000150332,2.36E-05,0.897994757,0.874542081,0.127777584,0.703694549,0.189428369,0.291222448,0.549137774,0.000735284,0.888702006,0.643564093
634,21.1,21.11666667,0.542099875,0.358214218,0.975433345,0.538491426,8.14E-06,0,0.035116933,0.008155973,0.055311302,0.001323105,0.001323105,0.308000032,0.859687215,0.001387225,0.944874177,1.78E-05,0.008398259,1.45E-06,0.024816781,0.755061086,0.976596674,0.417362921,0.998924719,0.999680331,0.000144446,2.20E-05,0.894591688,0.870736263,0.123166185,0.697305045,0.184186244,0.283626408,0.541314971,0.00070499,0.885085378,0.63656554
635,21.13333333,21.15,0.534608684,0.351669707,0.974523026,0.528519153,7.69E-06,0,0.033760249,0.007726053,0.05371029,0.001271998,0.001271998,0.298003249,0.850673796,0.001345089,0.942913752,1.68E-05,0.008096924,1.36E-06,0.02379626,0.746054529,0.975807657,0.407258716,0.998867063,0.999665694,0.00013879,2.05E-05,0.891088856,0.866832573,0.11869856,0.690838292,0.179057141,0.276151303,0.53347175,0.000675943,0.881366915,0.629508681
636,21.16666667,21.18333333,0.527101848,0.345180455,0.973579888,0.518524066,7.28E-06,0,0.032454215,0.007318629,0.052153061,0.001222864,0.001222864,0.288195803,0.841188333,0.001304231,0.940887971,1.59E-05,0.007806317,1.27E-06,0.022816724,0.736832224,0.97499272,0.397232353,0.99880632,0.999650388,0.000133356,1.91E-05,0.887484261,0.862829565,0.114371851,0.684295934,0.1740404,0.268799286,0.525611946,0.000648092,0.877544776,0.622396079
637,21.2,21.21666667,0.519582738,0.338748382,0.972602818,0.508514131,6.88E-06,0,0.031197074,0.006932539,0.050638564,0.001175624,0.001175624,0.278583036,0.831219884,0.001264612,0.938794969,1.51E-05,0.00752606,1.19E-06,0.021876605,0.727397376,0.974151059,0.387291547,0.998742325,0.99963438,0.000128134,1.78E-05,0.883775926,0.858725839,0.110183139,0.677679723,0.169135256,0.261572271,0.517739431,0.000621387,0.873617152,0.615230391
638,21.23333333,21.25,0.512054746,0.332375327,0.971590668,0.498497365,6.51E-06,0,0.02998712,0.006566682,0.049165767,0.001130208,0.001130208,0.269169655,0.820759052,0.001226195,0.936632849,1.43E-05,0.007255791,1.12E-06,0.020974391,0.717753847,0.973281847,0.377443735,0.998674903,0.99961764,0.000123117,1.66E-05,0.879961902,0.854520041,0.106129449,0.670991521,0.164340852,0.254471941,0.5098581,0.000595783,0.869582276,0.608014362
639,21.26666667,21.28333333,0.504521283,0.326063049,0.970542258,0.488481805,6.15E-06,0,0.028822698,0.006220012,0.047733652,0.001086544,0.001086544,0.259959736,0.809798225,0.001188944,0.934399689,1.35E-05,0.00699516,1.05E-06,0.020108619,0.707906162,0.972384235,0.367696057,0.998603871,0.999600134,0.000118296,1.55E-05,0.876040272,0.850210876,0.102207766,0.6642333,0.159656238,0.247499749,0.501971865,0.000571233,0.865438425,0.600750825
640,21.3,21.31666667,0.496985766,0.319813225,0.969456375,0.478475485,5.82E-06,0,0.027702199,0.005891535,0.046341218,0.001044566,0.001044566,0.250956733,0.79833182,0.001152824,0.932093534,1.28E-05,0.006743827,9.84E-07,0.019277881,0.697859522,0.971457351,0.358055332,0.998529038,0.999581826,0.000113664,1.45E-05,0.872009158,0.845797104,0.098415042,0.657407136,0.15508038,0.240656921,0.494084649,0.000547694,0.861183926,0.593442692
641,21.33333333,21.35,0.489451618,0.313627446,0.968331769,0.468486408,5.50E-06,0,0.026624067,0.005580308,0.044987485,0.001004207,0.001004207,0.242163496,0.786356527,0.001117799,0.929712405,1.21E-05,0.006501465,9.23E-07,0.018480816,0.68761981,0.970500301,0.348528051,0.998450199,0.999562681,0.000109213,1.35E-05,0.867866726,0.841277554,0.094748204,0.650515212,0.150612164,0.233944465,0.486200376,0.000525124,0.856817166,0.586092954
642,21.36666667,21.38333333,0.481922259,0.307507222,0.967167157,0.458522524,5.20E-06,0,0.025586789,0.005285433,0.043671485,0.000965407,0.000965407,0.233582284,0.773871549,0.001083838,0.927254298,1.14E-05,0.006267758,8.66E-07,0.017716111,0.677193593,0.969512168,0.339120357,0.998367143,0.999542659,0.000104937,1.26E-05,0.863611193,0.836651123,0.091204169,0.643559816,0.146250403,0.227363175,0.478322965,0.000503484,0.852336594,0.578704672
643,21.4,21.41666667,0.474401101,0.301453975,0.965961223,0.448591701,4.92E-06,0,0.024588903,0.005006063,0.042392274,0.000928104,0.000928104,0.225214786,0.760878832,0.001050907,0.924717188,1.08E-05,0.006042401,8.12E-07,0.016982501,0.666588117,0.968492011,0.329838032,0.998279642,0.999521722,0.000100828,1.17E-05,0.859240834,0.831916784,0.087779843,0.636543336,0.141993843,0.220913638,0.470456321,0.000482736,0.847740729,0.571280978
644,21.43333333,21.45,0.46689154,0.295469044,0.964712611,0.438701702,4.65E-06,0,0.023628991,0.004741388,0.04114892,0.000892241,0.000892241,0.21706214,0.74738328,0.001018976,0.922099026,1.03E-05,0.0058251,7.61E-07,0.016278765,0.655811302,0.967438865,0.320686494,0.998187462,0.999499826,9.69E-05,1.09E-05,0.854753987,0.82707359,0.084472135,0.629468259,0.137841166,0.214596238,0.462604326,0.000462842,0.843028165,0.563825067
645,21.46666667,21.48333333,0.459396951,0.289553683,0.963419932,0.428860162,4.40E-06,0,0.022705681,0.004490644,0.039940513,0.000857763,0.000857763,0.209124958,0.733392946,0.000988014,0.919397747,9.71E-06,0.005615569,7.14E-07,0.015603729,0.644871729,0.96635174,0.311670783,0.998090351,0.999476928,9.31E-05,1.02E-05,0.85014906,0.822120682,0.081277963,0.62233717,0.133790999,0.208411169,0.454770837,0.000443767,0.838197582,0.556340188
646,21.5,21.51666667,0.451920684,0.283709058,0.962081759,0.419074564,4.16E-06,0,0.021817642,0.004253104,0.038766158,0.000824616,0.000824616,0.20140335,0.718919199,0.000957992,0.91661127,9.19E-06,0.005413533,6.69E-07,0.014956258,0.63377862,0.965229624,0.302795559,0.997988048,0.999452983,8.94E-05,9.52E-06,0.845424539,0.817057292,0.078194257,0.615152747,0.129841915,0.202358435,0.44695967,0.000425479,0.833247749,0.548829646
647,21.53333333,21.55,0.444466054,0.277936255,0.960696631,0.409352216,3.94E-06,0,0.020963591,0.004028077,0.037624979,0.000792749,0.000792749,0.193896951,0.703976851,0.000928881,0.9137375,8.70E-06,0.005218729,6.28E-07,0.014335264,0.62254182,0.964071478,0.294065096,0.997880276,0.999427942,8.59E-05,8.88E-06,0.840578994,0.811882752,0.075217969,0.607917758,0.125992441,0.196437864,0.4391746,0.000407943,0.828177533,0.54129679
648,21.56666667,21.58333333,0.437036337,0.27223627,0.959263047,0.399700231,3.72E-06,0,0.020142283,0.003814912,0.036516117,0.000762112,0.000762112,0.186604947,0.68858425,0.000900654,0.910774334,8.23E-06,0.005030899,5.89E-07,0.013739693,0.611171765,0.962876241,0.285483285,0.997766744,0.999401756,8.26E-05,8.28E-06,0.83561109,0.806596495,0.072346075,0.600635056,0.122241062,0.190649112,0.43141935,0.00039113,0.822985903,0.533745012
649,21.6,21.61666667,0.429634766,0.266610021,0.957779471,0.39012551,3.52E-06,0,0.019352516,0.003612985,0.035438731,0.000732659,0.000732659,0.179526103,0.672763315,0.000873284,0.907719662,7.79E-06,0.004849796,5.52E-07,0.013168536,0.599679453,0.961642823,0.277053629,0.997647146,0.999374371,7.93E-05,7.72E-06,0.830519589,0.801198063,0.069575584,0.593307578,0.118586223,0.184991676,0.423697585,0.00037501,0.817671942,0.526177736
650,21.63333333,21.65,0.422264524,0.261058338,0.956244331,0.380634717,3.33E-06,0,0.018593128,0.003421711,0.034391998,0.000704343,0.000704343,0.172658793,0.656539532,0.000846745,0.904571369,7.38E-06,0.004675182,5.18E-07,0.012620817,0.588076406,0.960370112,0.268779249,0.997521159,0.999345734,7.62E-05,7.20E-06,0.825303361,0.795687115,0.066903536,0.585938339,0.115026338,0.179464896,0.416012906,0.000359554,0.812234852,0.518598415
651,21.66666667,21.68333333,0.414928738,0.255581971,0.954656015,0.371234269,3.15E-06,0,0.017862995,0.003240529,0.033375113,0.000677121,0.000677121,0.166001026,0.639941884,0.000821012,0.901327342,6.98E-06,0.004506827,4.85E-07,0.012095601,0.576374625,0.959056969,0.260662888,0.997388443,0.999315787,7.32E-05,6.71E-06,0.819961391,0.790063429,0.064327014,0.578530425,0.111559794,0.174067968,0.408368841,0.000344735,0.806673961,0.511010526
652,21.7,21.71666667,0.407630475,0.250181591,0.953012877,0.361930317,2.98E-06,0,0.017161032,0.003068912,0.032387285,0.00065095,0.00065095,0.159550475,0.623002726,0.000796061,0.897985474,6.61E-06,0.004344507,4.55E-07,0.011591985,0.564586549,0.957702232,0.252706916,0.997248642,0.99928447,7.04E-05,6.26E-06,0.814492789,0.784326908,0.06184314,0.571086994,0.108184949,0.16879995,0.400768843,0.000330526,0.800988729,0.503417559
653,21.73333333,21.75,0.400372737,0.244857786,0.951313233,0.352728734,2.81E-06,0,0.016486192,0.002906357,0.031427745,0.00062579,0.00062579,0.153304507,0.605757601,0.000771867,0.894543666,6.26E-06,0.004188009,4.27E-07,0.011109102,0.552725,0.956304712,0.244913335,0.997101378,0.999251721,6.76E-05,5.84E-06,0.808896793,0.778477587,0.059449082,0.563611265,0.104900144,0.163659772,0.39321628,0.000316903,0.79517876,0.495823016
654,21.76666667,21.78333333,0.393158455,0.239611068,0.949555362,0.3436351,2.66E-06,0,0.015837461,0.002752389,0.030495737,0.000601602,0.000601602,0.147260209,0.588244992,0.000748408,0.890999832,5.92E-06,0.004037126,4.00E-07,0.010646117,0.540803133,0.954863193,0.237283792,0.996946256,0.999217475,6.50E-05,5.44E-06,0.803172782,0.772515638,0.057142058,0.556106515,0.101703701,0.158646245,0.385714431,0.000303841,0.789243803,0.488230399
655,21.8,21.81666667,0.385990488,0.234441871,0.94773751,0.334654695,2.52E-06,0,0.015213863,0.002606555,0.029590523,0.000578348,0.000578348,0.141414417,0.570506023,0.000725661,0.887351904,5.61E-06,0.003891657,3.75E-07,0.010202229,0.528834377,0.953376437,0.229819586,0.99678286,0.999181662,6.24E-05,5.08E-06,0.797320282,0.766441371,0.054919334,0.548576076,0.098593929,0.153758065,0.378266482,0.000291317,0.783183764,0.48064321
656,21.83333333,21.85,0.378871614,0.229350554,0.945857883,0.32579249,2.38E-06,0,0.014614454,0.00246843,0.028711384,0.000555993,0.000555993,0.135763738,0.552584095,0.000703605,0.883597841,5.31E-06,0.00375141,3.52E-07,0.009776666,0.516832373,0.951843178,0.222521677,0.99661075,0.999144211,6.00E-05,4.73E-06,0.791338972,0.760255246,0.052778231,0.541023324,0.095569127,0.148993827,0.37087552,0.00027931,0.776998711,0.473064937
657,21.86666667,21.88333333,0.371804532,0.224337404,0.943914656,0.317053138,2.25E-06,0,0.014038325,0.002337607,0.027857614,0.000534501,0.000534501,0.130304584,0.534524488,0.000682219,0.879735627,5.02E-06,0.003616199,3.30E-07,0.009368686,0.504810919,0.950262128,0.215390703,0.996429466,0.999105049,5.76E-05,4.41E-06,0.785228694,0.753957871,0.050716121,0.533451676,0.092627589,0.144352029,0.363544529,0.000267797,0.770688878,0.465499056
658,21.9,21.91666667,0.364791852,0.219402635,0.941905967,0.308440967,2.13E-06,0,0.013484597,0.002213702,0.027028526,0.000513839,0.000513839,0.125033188,0.516373913,0.000661483,0.875763283,4.76E-06,0.003485845,3.09E-07,0.008977577,0.4927839,0.948631971,0.208426987,0.996238522,0.999064095,5.54E-05,4.12E-06,0.77898946,0.74755001,0.048730436,0.525864586,0.089767603,0.139831082,0.356276385,0.000256758,0.764254677,0.457949016
659,21.93333333,21.95,0.357836096,0.214546392,0.939829924,0.299959984,2.01E-06,0,0.012952423,0.002096351,0.026223447,0.000493976,0.000493976,0.119945632,0.498180034,0.000641377,0.87167887,4.50E-06,0.003360173,2.90E-07,0.008602653,0.480765227,0.946951368,0.201630555,0.996037408,0.99902127,5.32E-05,3.84E-06,0.772621457,0.741032585,0.046818662,0.518265534,0.086987457,0.135429315,0.349073851,0.000246175,0.7576967,0.45041824
660,21.96666667,21.98333333,0.350939695,0.209768752,0.9376846,0.291613864,1.90E-06,0,0.012440987,0.001985208,0.025441721,0.000474881,0.000474881,0.115037869,0.479990973,0.000621881,0.867480497,4.26E-06,0.003239018,2.72E-07,0.008243257,0.468768773,0.945218956,0.195001148,0.995825585,0.998976487,5.11E-05,3.58E-06,0.76612506,0.734406681,0.044978344,0.510658024,0.08428544,0.131144985,0.341939581,0.000236028,0.751015727,0.442910114
661,22,22.01666667,0.344104985,0.205069726,0.935468038,0.283405952,1.80E-06,0,0.0119495,0.001879947,0.024682708,0.000456523,0.000456523,0.110305747,0.461854802,0.000602978,0.863166325,4.03E-06,0.003122217,2.55E-07,0.007898756,0.456808309,0.943433348,0.188538234,0.99560249,0.998929657,4.91E-05,3.34E-06,0.759500829,0.72767355,0.043207084,0.503045573,0.081659847,0.126976286,0.334876105,0.000226298,0.744212728,0.435427985
662,22.03333333,22.05,0.337334203,0.200449261,0.933178251,0.27533927,1.70E-06,0,0.011477205,0.001780257,0.023945783,0.000438874,0.000438874,0.105745021,0.443819033,0.000584649,0.858734577,3.82E-06,0.003009615,2.39E-07,0.007568542,0.44489744,0.941593135,0.182241029,0.995367527,0.998880686,4.72E-05,3.11E-06,0.752749527,0.72083461,0.041502546,0.495431711,0.079108978,0.12292135,0.327885839,0.00021697,0.737288872,0.427975149
663,22.06666667,22.08333333,0.330629489,0.195907245,0.930813224,0.267416508,1.61E-06,0,0.011023368,0.001685844,0.023230335,0.000421908,0.000421908,0.101351384,0.425930128,0.000566876,0.854183542,3.61E-06,0.002901063,2.24E-07,0.007252033,0.433049543,0.939696882,0.176108505,0.995120071,0.998829478,4.54E-05,2.90E-06,0.745872117,0.71389145,0.039862452,0.487819966,0.076631144,0.11897826,0.320971074,0.000208026,0.730245531,0.420554854
664,22.1,22.11666667,0.323992882,0.191443505,0.928370917,0.25964004,1.52E-06,0,0.010587285,0.001596431,0.02253577,0.000405597,0.000405597,0.097120473,0.408233026,0.000549644,0.849511584,3.42E-06,0.002796414,2.10E-07,0.006948666,0.421277712,0.937743136,0.170139409,0.994859465,0.99877593,4.36E-05,2.71E-06,0.738869769,0.706845836,0.038284581,0.480213866,0.074224664,0.11514505,0.314133978,0.000199451,0.723084279,0.413170287
665,22.13333333,22.15,0.317426316,0.187057811,0.925849265,0.252011918,1.44E-06,0,0.010168276,0.001511752,0.021861506,0.000389917,0.000389917,0.093047894,0.390770704,0.000532935,0.844717148,3.24E-06,0.002695531,1.97E-07,0.006657905,0.409594696,0.93573042,0.164332277,0.994585017,0.998719935,4.19E-05,2.52E-06,0.731743869,0.699699702,0.036766776,0.472616927,0.071887872,0.11141972,0.307376594,0.000191229,0.715806902,0.405824572
666,22.16666667,22.18333333,0.310931624,0.182749879,0.923246178,0.244533885,1.36E-06,0,0.009765687,0.001431559,0.021206979,0.000374842,0.000374842,0.089129232,0.373583784,0.000516734,0.83979877,3.07E-06,0.002598278,1.85E-07,0.006379233,0.39801285,0.933657237,0.158685452,0.994296001,0.998661383,4.02E-05,2.35E-06,0.72449602,0.692455163,0.035306935,0.465032648,0.069619117,0.107800233,0.30070084,0.000183346,0.708415396,0.398520765
667,22.2,22.21666667,0.304510534,0.178519371,0.92055955,0.237207381,1.29E-06,0,0.009378886,0.001355614,0.020571636,0.00036035,0.00036035,0.085360071,0.356710183,0.000501025,0.834755084,2.90E-06,0.002504524,1.74E-07,0.006112153,0.386544084,0.931522074,0.153197092,0.993991652,0.998600156,3.87E-05,2.19E-06,0.717128047,0.685114505,0.033903018,0.457464504,0.067416761,0.104284527,0.294108508,0.000175788,0.700911973,0.391261849
668,22.23333333,22.25,0.298164669,0.174365902,0.917787256,0.230033547,1.22E-06,0,0.009007266,0.001283692,0.019954939,0.000346418,0.000346418,0.081736,0.340184825,0.000485794,0.829584828,2.75E-06,0.002414145,1.63E-07,0.005856189,0.375199817,0.929323394,0.147865193,0.993671168,0.998536132,3.71E-05,2.05E-06,0.709641998,0.677680193,0.032553041,0.449915943,0.065279188,0.100870516,0.287601262,0.000168542,0.693299057,0.384050729
669,22.26666667,22.28333333,0.291895546,0.170289036,0.914927156,0.223013241,1.15E-06,0,0.008650242,0.001215582,0.019356365,0.000333025,0.000333025,0.078252629,0.324039404,0.000471025,0.824286855,2.60E-06,0.00232702,1.53E-07,0.005610883,0.363990939,0.927059647,0.142687597,0.993333703,0.998469185,3.57E-05,1.91E-06,0.702040149,0.670154863,0.03125508,0.442390372,0.063204796,0.097556098,0.28118064,0.000161594,0.68557929,0.376890227
670,22.3,22.31666667,0.285704577,0.166288293,0.911977098,0.216147039,1.09E-06,0,0.008307251,0.001151081,0.018775401,0.000320149,0.000320149,0.074905601,0.30830221,0.000456705,0.818860139,2.46E-06,0.002243033,1.43E-07,0.005375797,0.352927769,0.924729266,0.137662009,0.992978372,0.998399181,3.43E-05,1.78E-06,0.694325005,0.662541327,0.030007266,0.434891162,0.061192008,0.094339159,0.274848057,0.000154933,0.677755528,0.369783081
671,22.33333333,22.35,0.279593069,0.16236315,0.908934924,0.209435255,1.03E-06,0,0.00797775,0.001089999,0.018211551,0.000307771,0.000307771,0.071690598,0.29299802,0.00044282,0.813303784,2.33E-06,0.00216207,1.34E-07,0.00515051,0.34202003,0.922330668,0.132786012,0.992604241,0.998325981,3.29E-05,1.66E-06,0.6864993,0.654842565,0.028807788,0.427421632,0.059239265,0.091217577,0.268604799,0.000148546,0.669830844,0.362731939
672,22.36666667,22.38333333,0.273562225,0.158513042,0.905798469,0.202877942,9.73E-07,0,0.007661218,0.001032156,0.017664329,0.000295871,0.000295871,0.068603351,0.278148039,0.000429358,0.807617035,2.21E-06,0.002084023,1.26E-07,0.004934618,0.331276818,0.919862261,0.128057075,0.992210332,0.99824944,3.17E-05,1.55E-06,0.678565997,0.647061729,0.027654889,0.419985049,0.05734503,0.088189226,0.262452031,0.000142422,0.661808519,0.355739355
673,22.4,22.41666667,0.267613143,0.154737366,0.902565569,0.196474912,9.21E-07,0,0.007357152,0.000977378,0.017133262,0.000284432,0.000284432,0.065639652,0.263769902,0.000416304,0.80179928,2.09E-06,0.002008788,1.18E-07,0.004727732,0.320706582,0.917322437,0.123472573,0.991795617,0.998169405,3.04E-05,1.44E-06,0.670528286,0.639202131,0.026546869,0.41258462,0.055507792,0.085251984,0.256390794,0.000136551,0.653692048,0.348807788
674,22.43333333,22.45,0.261746818,0.151035482,0.899234061,0.190225741,8.71E-07,0,0.007065068,0.000925505,0.016617892,0.000273434,0.000273434,0.062795354,0.249877723,0.000403647,0.795850066,1.98E-06,0.001936264,1.11E-07,0.00452948,0.310317107,0.914709581,0.119029793,0.991359014,0.998085718,2.92E-05,1.35E-06,0.662389585,0.631267247,0.025482079,0.405223488,0.053726061,0.082403728,0.250422012,0.000130921,0.64548513,0.3419396
675,22.46666667,22.48333333,0.255964146,0.147406716,0.895801792,0.184129788,8.23E-07,0,0.0067845,0.000876383,0.016117771,0.000262862,0.000262862,0.060066382,0.236482196,0.000391375,0.789769101,1.87E-06,0.001866353,1.04E-07,0.004339505,0.300115507,0.912022071,0.114725949,0.990899391,0.997998214,2.81E-05,1.25E-06,0.654153534,0.623260708,0.024458925,0.397904726,0.051998373,0.079642347,0.244546486,0.000125524,0.637191666,0.335137048
676,22.5,22.51666667,0.25026592,0.143850362,0.892266621,0.178186199,7.79E-07,0,0.006515002,0.000829866,0.015632461,0.000252698,0.000252698,0.057448736,0.223590732,0.000379475,0.783556265,1.77E-06,0.001798962,9.73E-08,0.004157465,0.290108209,0.909258278,0.110558193,0.990415556,0.997906717,2.70E-05,1.17E-06,0.645823995,0.615186295,0.023475862,0.390631335,0.050323288,0.07696574,0.238764903,0.00012035,0.628815755,0.328402291
677,22.53333333,22.55,0.244652835,0.140365684,0.888626422,0.172393926,7.36E-07,0,0.006256141,0.000785816,0.015161539,0.000242927,0.000242927,0.054938498,0.211207627,0.000367938,0.777211618,1.68E-06,0.001734,9.12E-08,0.003983031,0.28030096,0.906416571,0.106523624,0.98990626,0.997811048,2.59E-05,1.09E-06,0.637405042,0.607047935,0.022531399,0.383406233,0.048699392,0.074371818,0.233077837,0.000115388,0.620361684,0.32173738
678,22.56666667,22.58333333,0.23912549,0.136951916,0.884879094,0.166751737,6.96E-07,0,0.006007503,0.000744102,0.014704591,0.000233534,0.000233534,0.052531832,0.199334259,0.000356751,0.770735408,1.59E-06,0.00167138,8.56E-08,0.003815888,0.270698827,0.903495316,0.102619301,0.989370191,0.997711017,2.49E-05,1.02E-06,0.628900959,0.598849693,0.021624091,0.376232258,0.047125298,0.071858512,0.227485749,0.000110631,0.611833924,0.315144261
679,22.6,22.61666667,0.233684388,0.133608269,0.881022563,0.161258227,6.58E-07,0,0.00576869,0.000704601,0.014261216,0.000224504,0.000224504,0.050224991,0.187969311,0.000345904,0.764128073,1.50E-06,0.001611018,8.02E-08,0.003655733,0.2613062,0.900492884,0.098842249,0.988805975,0.997606425,2.39E-05,9.49E-07,0.620316233,0.590595762,0.020752544,0.369112161,0.045599645,0.069423769,0.221988993,0.00010607,0.60323712,0.308624773
680,22.63333333,22.65,0.228329941,0.130333928,0.877054789,0.155911832,6.23E-07,0,0.005539317,0.000667196,0.013831021,0.000215823,0.000215823,0.048014317,0.177108998,0.000335386,0.757390258,1.42E-06,0.001552832,7.52E-08,0.003502276,0.252126808,0.897407648,0.09518947,0.988212167,0.997497066,2.30E-05,8.85E-07,0.611655544,0.582290461,0.019915408,0.362048599,0.044121096,0.067065561,0.216587818,0.000101698,0.594576084,0.302180646
681,22.66666667,22.68333333,0.223062469,0.127128056,0.872973772,0.150710843,5.89E-07,0,0.005319015,0.000631775,0.013413627,0.000207478,0.000207478,0.045896245,0.166747312,0.000325189,0.750522812,1.35E-06,0.001496745,7.06E-08,0.003355239,0.243163729,0.894237988,0.091657952,0.987587255,0.997382723,2.21E-05,8.25E-07,0.60292376,0.573938222,0.019111383,0.35504414,0.042688344,0.064781881,0.21128237,9.75E-05,0.585855783,0.295813502
682,22.7,22.71666667,0.217882204,0.123989799,0.868777558,0.145653413,5.57E-07,0,0.00510743,0.000598234,0.013008663,0.000199455,0.000199455,0.043867303,0.156876265,0.000315301,0.743526799,1.27E-06,0.00144268,6.62E-08,0.003214355,0.234419411,0.890982296,0.088244675,0.986929653,0.997263172,2.12E-05,7.70E-07,0.594125924,0.565543583,0.018339211,0.34810125,0.041300108,0.062570748,0.206072696,9.35E-05,0.577081331,0.289524856
683,22.73333333,22.75,0.212789294,0.120918279,0.864464247,0.140737573,5.27E-07,0,0.004904221,0.000566472,0.012615769,0.000191743,0.000191743,0.041924113,0.147486132,0.000305714,0.736403504,1.21E-06,0.001390566,6.20E-08,0.003079369,0.225895689,0.887638977,0.084946619,0.986237698,0.997138175,2.04E-05,7.18E-07,0.585267245,0.557111179,0.017597677,0.341222299,0.039955134,0.060430209,0.20095875,8.96E-05,0.568257975,0.283316111
684,22.76666667,22.78333333,0.207783801,0.117912607,0.860031999,0.13596124,4.98E-07,0,0.004709058,0.000536396,0.012234594,0.000184328,0.000184328,0.040063393,0.138565689,0.000296418,0.729154434,1.14E-06,0.001340332,5.82E-08,0.002950034,0.217593809,0.88420645,0.081760771,0.985509647,0.997007486,1.96E-05,6.69E-07,0.576353085,0.548645728,0.016885611,0.334409552,0.038652194,0.058358338,0.195940392,8.59E-05,0.559391087,0.277188565
685,22.8,22.81666667,0.202865711,0.114971876,0.85547904,0.131322233,4.71E-07,0,0.004521626,0.000507915,0.011864798,0.000177201,0.000177201,0.038281959,0.130102444,0.000287405,0.721781328,1.08E-06,0.00129191,5.46E-08,0.002826116,0.209514454,0.880683159,0.078684131,0.984743678,0.996870848,1.88E-05,6.24E-07,0.56738895,0.540152028,0.016201883,0.327665172,0.037390088,0.056353242,0.191017394,8.24E-05,0.550486145,0.271143407
686,22.83333333,22.85,0.19803493,0.112095166,0.850803672,0.126818276,4.45E-07,0,0.004341622,0.000480946,0.011506049,0.000170348,0.000170348,0.036576718,0.122082856,0.000278666,0.714286155,1.02E-06,0.001245235,5.12E-08,0.00270739,0.201657769,0.877067568,0.075713719,0.983937879,0.996727992,1.81E-05,5.82E-07,0.558380474,0.531634939,0.015545403,0.320991215,0.036167643,0.054413057,0.186189444,7.90E-05,0.541548729,0.265181718
687,22.86666667,22.88333333,0.193291289,0.109281546,0.846004279,0.122447018,4.21E-07,0,0.004168754,0.000455409,0.011158024,0.000163761,0.000163761,0.034944676,0.114492538,0.000270193,0.706671123,9.69E-07,0.001200245,4.80E-08,0.002593638,0.194023391,0.87335817,0.072846576,0.98309025,0.996578636,1.74E-05,5.43E-07,0.549333409,0.523099379,0.014915118,0.314389629,0.034983713,0.052535951,0.18145615,7.57E-05,0.532584497,0.259304476
688,22.9,22.91666667,0.188634548,0.106530076,0.841079336,0.118206034,3.98E-07,0,0.004002741,0.000431227,0.010820411,0.000157429,0.000157429,0.033382932,0.10731645,0.000261977,0.698938674,9.17E-07,0.001156878,4.50E-08,0.002484653,0.186610478,0.869553491,0.070079775,0.9821987,0.996422487,1.67E-05,5.06E-07,0.540253604,0.514550304,0.014310018,0.307862255,0.033837177,0.050720127,0.176817041,7.26E-05,0.523599178,0.253512552
689,22.93333333,22.95,0.184064398,0.103839806,0.836027415,0.11409284,3.77E-07,0,0.003843314,0.000408328,0.010492905,0.000151341,0.000151341,0.031888679,0.100539072,0.000254011,0.691091494,8.68E-07,0.001115076,4.22E-08,0.002380237,0.179417738,0.865652093,0.06741042,0.981261039,0.996259239,1.61E-05,4.72E-07,0.531146998,0.505992707,0.013729123,0.301410824,0.032726943,0.048963821,0.172271574,6.96E-05,0.514598558,0.247806717
690,22.96666667,22.98333333,0.179580465,0.101209778,0.830847198,0.110104902,3.56E-07,0,0.003690213,0.000386645,0.01017521,0.000145489,0.000145489,0.030459202,0.094144568,0.000246287,0.683132504,8.22E-07,0.001074783,3.96E-08,0.002280199,0.172443459,0.861652575,0.064835652,0.980274981,0.99608857,1.54E-05,4.40E-07,0.522019601,0.497431597,0.013171494,0.295036957,0.031651944,0.047265303,0.167819136,6.68E-05,0.505588458,0.242187639
691,23,23.01666667,0.175182312,0.098639032,0.825537478,0.106239639,3.37E-07,0,0.003543189,0.000366113,0.009867037,0.000139863,0.000139863,0.02909188,0.088116926,0.000238798,0.675064868,7.78E-07,0.001035945,3.71E-08,0.002184357,0.165685544,0.857553585,0.062352653,0.979238133,0.995910146,1.48E-05,4.10E-07,0.512877475,0.488871992,0.012636224,0.288742167,0.030611138,0.045622879,0.163459049,6.40E-05,0.496574727,0.236655888
692,23.03333333,23.05,0.170869441,0.096126599,0.820097175,0.102494439,3.18E-07,0,0.003402003,0.000346671,0.009568108,0.000134454,0.000134454,0.027784177,0.082440083,0.000231536,0.666891984,7.36E-07,0.000998509,3.48E-08,0.002092534,0.159141537,0.853353818,0.059958649,0.978147998,0.995723619,1.42E-05,3.83E-07,0.503726725,0.480318908,0.01212244,0.282527856,0.029603511,0.04403489,0.159190571,6.14E-05,0.487563222,0.231211937
693,23.06666667,23.08333333,0.166641298,0.09367151,0.814525341,0.098866661,3.01E-07,0,0.003266424,0.000328261,0.00927815,0.000129255,0.000129255,0.026533651,0.077098044,0.000224495,0.65861749,6.97E-07,0.000962424,3.26E-08,0.002004564,0.152808656,0.849052024,0.057650909,0.977001968,0.995528623,1.37E-05,3.57E-07,0.494573479,0.471777345,0.011629299,0.276395316,0.028628072,0.042499712,0.155012903,5.88E-05,0.478559794,0.225856163
694,23.1,23.11666667,0.162497275,0.091272793,0.808821168,0.095353646,2.85E-07,0,0.003136232,0.000310828,0.0089969,0.000124256,0.000124256,0.025337942,0.072074973,0.000217669,0.650245252,6.60E-07,0.000927642,3.06E-08,0.001920284,0.146683825,0.844647013,0.055426755,0.975797321,0.995324777,1.31E-05,3.33E-07,0.485423868,0.463252275,0.011155993,0.270345731,0.027683857,0.041015759,0.150925191,5.64E-05,0.469570274,0.220588854
695,23.13333333,23.15,0.158436713,0.088929474,0.802983998,0.091952721,2.69E-07,0,0.003011213,0.000294321,0.0087241,0.000119451,0.000119451,0.024194777,0.06735528,0.00021105,0.641779364,6.24E-07,0.000894116,2.87E-08,0.001839542,0.140763697,0.840137656,0.053283556,0.97453122,0.995111683,1.26E-05,3.10E-07,0.476284017,0.454748633,0.010701742,0.264380178,0.026769926,0.039581478,0.146926529,5.41E-05,0.460600457,0.215410204
696,23.16666667,23.18333333,0.154458905,0.086640581,0.797013333,0.088661207,2.55E-07,0,0.002891163,0.00027869,0.008459501,0.000114832,0.000114832,0.023101966,0.062923689,0.000204632,0.633224144,5.91E-07,0.0008618,2.69E-08,0.001762188,0.13504469,0.835522897,0.051218735,0.973200705,0.994888927,1.21E-05,2.89E-07,0.467160023,0.446271303,0.010265795,0.258499627,0.025885363,0.038195356,0.143015964,5.19E-05,0.451656085,0.210320324
697,23.2,23.21666667,0.150563098,0.084405142,0.790908841,0.085476424,2.41E-07,0,0.002775886,0.000263889,0.008202861,0.000110391,0.000110391,0.022057398,0.058765299,0.000198409,0.624584123,5.60E-07,0.000830652,2.52E-08,0.001688082,0.129523013,0.830801752,0.049229768,0.971802693,0.994656074,1.17E-05,2.70E-07,0.458057943,0.437825109,0.009847429,0.252704943,0.025029278,0.036855911,0.1391925,4.97E-05,0.442742838,0.205319239
698,23.23333333,23.25,0.146748499,0.082222189,0.784670365,0.082395698,2.28E-07,0,0.002665193,0.000249874,0.007953945,0.000106122,0.000106122,0.021059042,0.054865632,0.000192376,0.61586404,5.30E-07,0.000800628,2.37E-08,0.001617087,0.124194687,0.825973317,0.047314187,0.970333976,0.994412673,1.12E-05,2.52E-07,0.448983772,0.429414803,0.009445951,0.246996886,0.024200802,0.035561702,0.135455097,4.77E-05,0.433866313,0.200406893
699,23.26666667,23.28333333,0.143014274,0.080090754,0.778297932,0.079416365,2.15E-07,0,0.002558903,0.000236604,0.007712523,0.000102018,0.000102018,0.020104945,0.051210666,0.000186525,0.607068834,5.01E-07,0.000771689,2.22E-08,0.001549074,0.119055579,0.821036773,0.045469578,0.968791214,0.99415825,1.08E-05,2.35E-07,0.439943433,0.421045054,0.009060692,0.241376117,0.02339909,0.034311321,0.13180268,4.57E-05,0.425032015,0.19558315
700,23.3,23.31666667,0.139359551,0.078009875,0.771791761,0.076535776,2.04E-07,0,0.002456841,0.000224037,0.007478373,9.81E-05,9.81E-05,0.019193227,0.047786872,0.000180853,0.598203631,4.75E-07,0.000743795,2.08E-08,0.001483917,0.114101419,0.815991393,0.043693586,0.967170936,0.993892313,1.03E-05,2.19E-07,0.430942761,0.41272044,0.008691007,0.235843195,0.022623321,0.033103395,0.12823414,4.38E-05,0.416245343,0.190847802
701,23.33333333,23.35,0.135783427,0.075978596,0.765152269,0.0737513,1.93E-07,0,0.002358841,0.000212138,0.00725128,9.43E-05,9.43E-05,0.01832208,0.044581227,0.000175353,0.589273739,4.49E-07,0.000716909,1.95E-08,0.001421496,0.109327829,0.810836544,0.041983911,0.965469536,0.993614348,9.94E-06,2.04E-07,0.421987484,0.404445436,0.00833628,0.230398582,0.021872696,0.031936588,0.124748335,4.20E-05,0.407511574,0.186200565
702,23.36666667,23.38333333,0.132284964,0.073995964,0.758380083,0.071060333,1.82E-07,0,0.00226474,0.000200871,0.007031035,9.06E-05,9.06E-05,0.017489768,0.041581233,0.000170021,0.58028463,4.25E-07,0.000690994,1.83E-08,0.001361698,0.104730338,0.805571694,0.040338311,0.963683271,0.993323817,9.55E-06,1.90E-07,0.413083216,0.396224408,0.007995913,0.225042647,0.021146438,0.030809597,0.121344096,4.03E-05,0.398835855,0.181641087
703,23.4,23.41666667,0.1288632,0.072061033,0.75147604,0.068460294,1.72E-07,0,0.002174386,0.000190203,0.006817433,8.71E-05,8.71E-05,0.016694622,0.038774924,0.00016485,0.57124193,4.03E-07,0.000666015,1.72E-08,0.001304411,0.100304411,0.80019642,0.038754603,0.961808257,0.993020161,9.18E-06,1.77E-07,0.404235434,0.3880616,0.007669337,0.219775662,0.020443789,0.029721154,0.118020227,3.86E-05,0.390223191,0.17716895
704,23.43333333,23.45,0.125517141,0.070172864,0.7444412,0.065948634,1.63E-07,0,0.002087628,0.0001801,0.006610277,8.38E-05,8.38E-05,0.015935039,0.036150868,0.000159837,0.56215141,3.81E-07,0.000641938,1.61E-08,0.001249532,0.096045457,0.794710409,0.037230661,0.959840471,0.992702795,8.82E-06,1.65E-07,0.395449476,0.379961129,0.007355999,0.214597812,0.019764017,0.028670027,0.114775514,3.70E-05,0.38167843,0.172783674
705,23.46666667,23.48333333,0.122245775,0.068330527,0.737276846,0.063522838,1.54E-07,0,0.002004326,0.000170534,0.006409375,8.05E-05,8.05E-05,0.015209483,0.033698167,0.000154976,0.553018964,3.61E-07,0.000618731,1.51E-08,0.001196959,0.091948859,0.789113466,0.035764414,0.957775748,0.992371109,8.47E-06,1.54E-07,0.38673052,0.371926979,0.007055373,0.209509193,0.019106407,0.027655015,0.111608718,3.55E-05,0.373206259,0.168484715
706,23.5,23.51666667,0.119048062,0.066533098,0.729984494,0.061180426,1.46E-07,0,0.001924341,0.000161477,0.006214541,7.74E-05,7.74E-05,0.014516475,0.03140645,0.000150263,0.5438506,3.41E-07,0.000596363,1.41E-08,0.001146596,0.08800998,0.783405518,0.034353852,0.955609781,0.992024468,8.14E-06,1.44E-07,0.378083576,0.363962989,0.006766948,0.204509819,0.018470266,0.02667495,0.108518587,3.40E-05,0.364811192,0.164271477
707,23.53333333,23.55,0.115922949,0.064779663,0.722565897,0.058918956,1.38E-07,0,0.001847541,0.0001529,0.006025594,7.44E-05,7.44E-05,0.013854599,0.029265866,0.000145694,0.534652423,3.23E-07,0.000574803,1.33E-08,0.001098349,0.084224183,0.777586621,0.032997019,0.95333812,0.991662209,7.82E-06,1.34E-07,0.369513478,0.35607285,0.006490238,0.199599619,0.017854919,0.025728699,0.105503852,3.26E-05,0.35649756,0.160143306
708,23.56666667,23.58333333,0.112869362,0.063069316,0.715023047,0.056736027,1.30E-07,0,0.001773802,0.000144779,0.005842357,7.15E-05,7.15E-05,0.013222496,0.027267072,0.000141263,0.525430618,3.06E-07,0.000554022,1.24E-08,0.00105213,0.080586844,0.771656962,0.031692017,0.950956173,0.99128364,7.51E-06,1.25E-07,0.361024872,0.348260102,0.006224771,0.194778444,0.017259712,0.024815159,0.102563234,3.13E-05,0.348269508,0.1560995
709,23.6,23.61666667,0.109886214,0.061401162,0.707358178,0.05462928,1.23E-07,0,0.001703,0.000137089,0.005664661,6.88E-05,6.88E-05,0.012618864,0.025401219,0.000136967,0.516191433,2.90E-07,0.000533991,1.17E-08,0.001007854,0.077093365,0.765616867,0.030437001,0.948459209,0.99088804,7.22E-06,1.17E-07,0.352622206,0.340528123,0.005970098,0.190046071,0.01668401,0.023933259,0.099695442,3.00E-05,0.340130984,0.152139307
710,23.63333333,23.65,0.106972403,0.059774315,0.699573771,0.0525964,1.16E-07,0,0.00163502,0.000129807,0.00549234,6.61E-05,6.61E-05,0.012042452,0.023659939,0.000132802,0.506941167,2.74E-07,0.000514685,1.09E-08,0.00096544,0.073739184,0.759466803,0.029230185,0.945842357,0.990474658,6.94E-06,1.09E-07,0.344309727,0.33288013,0.005725784,0.185402203,0.016127195,0.023081959,0.096899178,2.88E-05,0.332085738,0.148261933
711,23.66666667,23.68333333,0.104126818,0.058187899,0.691672554,0.050635116,1.10E-07,0,0.00156975,0.000122912,0.005325233,6.36E-05,6.36E-05,0.011492063,0.022035326,0.000128763,0.497686146,2.60E-07,0.000496076,1.03E-08,0.000924808,0.070519785,0.753207383,0.028069833,0.943100611,0.990042711,6.67E-06,1.01E-07,0.336091471,0.325319171,0.005491413,0.180846473,0.015588669,0.022260248,0.094173141,2.76E-05,0.324137312,0.144466538
712,23.7,23.71666667,0.101348338,0.056641051,0.683657502,0.048743204,1.04E-07,0,0.001507081,0.000116384,0.005163183,6.11E-05,6.11E-05,0.01096655,0.020519923,0.000124847,0.48843271,2.46E-07,0.00047814,9.62E-09,0.000885886,0.067430711,0.74683937,0.026954265,0.940228836,0.989591382,6.41E-06,9.46E-08,0.327971256,0.317848125,0.005266584,0.176378449,0.01506785,0.021467148,0.091516023,2.64E-05,0.316289041,0.140752247
713,23.73333333,23.75,0.098635835,0.055132917,0.675531836,0.046918488,9.85E-08,0,0.00144691,0.000110202,0.00500604,5.87E-05,5.87E-05,0.010464814,0.0191067,0.00012105,0.479187195,2.33E-07,0.000460852,9.02E-09,0.0008486,0.064467567,0.740363684,0.025881851,0.937221767,0.989119821,6.15E-06,8.82E-08,0.319952684,0.3104697,0.005050914,0.171997634,0.014564174,0.020701706,0.088926516,2.53E-05,0.308544047,0.137118146
714,23.76666667,23.78333333,0.095988175,0.053662654,0.667299024,0.045158837,9.32E-08,0,0.001389138,0.000104348,0.004853657,5.65E-05,5.65E-05,0.009985801,0.01778904,0.000117369,0.469955915,2.20E-07,0.000444189,8.46E-09,0.000812882,0.061626029,0.7337814,0.024851016,0.934074021,0.988627141,5.91E-06,8.23E-08,0.312039128,0.303186429,0.004844032,0.167703474,0.014077095,0.019963,0.086403313,2.43E-05,0.300905237,0.133563289
715,23.8,23.81666667,0.093404221,0.052229432,0.658962777,0.043462172,8.81E-08,0,0.00133367,9.88E-05,0.00470589,5.43E-05,5.43E-05,0.009528503,0.016560715,0.0001138,0.460745146,2.08E-07,0.000428128,7.93E-09,0.000778666,0.058901852,0.727093753,0.023860231,0.930780101,0.98811242,5.68E-06,7.67E-08,0.304233739,0.29600067,0.004645585,0.163495353,0.01360608,0.019250136,0.083945106,2.33E-05,0.293375307,0.1300867
716,23.83333333,23.85,0.090882834,0.050832433,0.650527046,0.04182646,8.33E-08,0,0.001280414,9.36E-05,0.004562601,5.22E-05,5.22E-05,0.009091954,0.015415875,0.000110339,0.451561107,1.97E-07,0.000412647,7.44E-09,0.00074589,0.056290873,0.720302144,0.02290802,0.927334408,0.987574696,5.46E-06,7.16E-08,0.296539436,0.288914605,0.004455231,0.159372606,0.013150615,0.018562245,0.081550593,2.23E-05,0.285956731,0.126687373
717,23.86666667,23.88333333,0.088422871,0.049470849,0.641996015,0.040249718,7.88E-08,0,0.001229282,8.86E-05,0.004423656,5.02E-05,5.02E-05,0.008675231,0.014349022,0.000106983,0.442409945,1.87E-07,0.000397726,6.97E-09,0.000714492,0.053789017,0.713408137,0.021992954,0.923731246,0.987012968,5.25E-06,6.67E-08,0.28895891,0.281930243,0.004272643,0.155334514,0.0127102,0.017898487,0.079218477,2.14E-05,0.278651773,0.123364278
718,23.9,23.91666667,0.086023192,0.048143886,0.633374099,0.038730012,7.45E-08,0,0.001180189,8.39E-05,0.004288924,4.82E-05,4.82E-05,0.008277449,0.013354999,0.000103729,0.433297718,1.77E-07,0.000383345,6.54E-09,0.000684415,0.051392302,0.706413465,0.02111365,0.919964839,0.986426194,5.04E-06,6.22E-08,0.281494624,0.275049414,0.004097508,0.151380312,0.012284351,0.017258047,0.076947465,2.05E-05,0.27146248,0.120116361
719,23.93333333,23.95,0.083682659,0.046850762,0.624665936,0.037265458,7.04E-08,0,0.001133055,7.94E-05,0.004158278,4.64E-05,4.64E-05,0.00789776,0.012428969,0.000100575,0.424230379,1.67E-07,0.000369483,6.13E-09,0.000655603,0.049096837,0.69932003,0.020268773,0.916029343,0.98581329,4.84E-06,5.80E-08,0.274148811,0.268273779,0.003929523,0.14750919,0.011872598,0.016640135,0.074736274,1.97E-05,0.264390688,0.116942547
720,23.96666667,23.98333333,0.081400136,0.045590708,0.615876376,0.035854219,6.66E-08,0,0.001087801,7.52E-05,0.004031596,4.46E-05,4.46E-05,0.007535356,0.011566396,9.75E-05,0.415213762,1.58E-07,0.000356122,5.75E-09,0.000628003,0.046898832,0.692129902,0.019457033,0.911918858,0.985173128,4.65E-06,5.41E-08,0.266923479,0.261604825,0.003768398,0.143720296,0.011474486,0.016043985,0.072583627,1.89E-05,0.257438024,0.113841744
721,24,24.01666667,0.079174492,0.044362965,0.607010476,0.034494509,6.30E-08,0,0.001044353,7.12E-05,0.003908757,4.28E-05,4.28E-05,0.007189461,0.010763034,9.46E-05,0.406253567,1.50E-07,0.000343244,5.39E-09,0.000601565,0.044794593,0.684845322,0.018677182,0.907627449,0.984504532,4.47E-06,5.05E-08,0.25982041,0.25504387,0.003613857,0.140012738,0.011089574,0.015468857,0.07048826,1.81E-05,0.250605905,0.110812844
722,24.03333333,24.05,0.0770046,0.04316679,0.598073489,0.033184589,5.96E-08,0,0.001002638,6.74E-05,0.003789648,4.12E-05,4.12E-05,0.006859333,0.010014905,9.17E-05,0.397355346,1.42E-07,0.000330832,5.06E-09,0.000576239,0.042780529,0.6774687,0.017928016,0.903149164,0.983806283,4.30E-06,4.71E-08,0.252841166,0.248592063,0.003465631,0.136385591,0.010717434,0.014914033,0.068448919,1.74E-05,0.24389555,0.107854723
723,24.06666667,24.08333333,0.07488934,0.04200145,0.589070851,0.031922768,5.63E-08,0,0.000962588,6.38E-05,0.003674155,3.96E-05,3.96E-05,0.006544265,0.009318288,8.89E-05,0.388524489,1.34E-07,0.000318869,4.74E-09,0.000551978,0.040853148,0.670002616,0.017208374,0.898478054,0.983077111,4.13E-06,4.39E-08,0.245987093,0.242250393,0.003323464,0.132837894,0.010357651,0.014378818,0.06646436,1.66E-05,0.237307975,0.104966246
724,24.1,24.11666667,0.072827601,0.040866226,0.580008171,0.030707403,5.33E-08,0,0.000924136,6.05E-05,0.003562168,3.81E-05,3.81E-05,0.006243578,0.008669702,8.62E-05,0.379766215,1.27E-07,0.000307338,4.45E-09,0.000528739,0.039009062,0.662449816,0.016517132,0.893608195,0.982315695,3.97E-06,4.09E-08,0.239259324,0.236019687,0.003187111,0.129368656,0.010009824,0.013862541,0.064533354,1.60E-05,0.230844007,0.102146269
725,24.13333333,24.15,0.070818277,0.039760412,0.570891216,0.029536898,5.04E-08,0,0.000887219,5.72E-05,0.003453584,3.66E-05,3.66E-05,0.005956623,0.008065892,8.36E-05,0.371085558,1.20E-07,0.000296223,4.17E-09,0.000506477,0.037244985,0.654813211,0.015853209,0.888533716,0.981520665,3.81E-06,3.82E-08,0.232658782,0.229900613,0.003056335,0.12597686,0.009673563,0.013364549,0.062654684,1.53E-05,0.224504282,0.099393639
726,24.16666667,24.18333333,0.068860273,0.038683313,0.561725899,0.028409702,4.76E-08,0,0.000851776,5.42E-05,0.003348298,3.52E-05,3.52E-05,0.005682781,0.007503817,8.10E-05,0.362487358,1.14E-07,0.000285511,3.91E-09,0.000485152,0.035557732,0.647095877,0.015215561,0.883248827,0.980690596,3.66E-06,3.56E-08,0.226186192,0.223893691,0.002930909,0.122661462,0.009348492,0.012884212,0.06082715,1.47E-05,0.218289253,0.096707197
727,24.2,24.21666667,0.066952504,0.03763425,0.552518265,0.027324311,4.51E-08,0,0.000817747,5.13E-05,0.003246211,3.38E-05,3.38E-05,0.00542146,0.006980635,7.86E-05,0.353976251,1.08E-07,0.000275186,3.67E-09,0.000464725,0.033944219,0.639301046,0.014603179,0.877747843,0.979824007,3.52E-06,3.32E-08,0.219842082,0.217999291,0.002810616,0.119421394,0.009034245,0.012420923,0.059049563,1.41E-05,0.212199198,0.09408578
728,24.23333333,24.25,0.065093895,0.036612552,0.543274472,0.026279267,4.26E-08,0,0.000785076,4.86E-05,0.003147227,3.25E-05,3.25E-05,0.005172094,0.006493691,7.62E-05,0.345556662,1.02E-07,0.000265234,3.44E-09,0.000445157,0.032401463,0.63143211,0.014015093,0.872025224,0.978919363,3.38E-06,3.09E-08,0.213626787,0.212217638,0.002695247,0.116255572,0.008730468,0.01197409,0.057320754,1.35E-05,0.206234225,0.09152822
729,24.26666667,24.28333333,0.063283381,0.035617565,0.534000778,0.025273152,4.03E-08,0,0.00075371,4.60E-05,0.003051252,3.12E-05,3.12E-05,0.00493414,0.006040509,7.39E-05,0.337232798,9.67E-08,0.000255642,3.22E-09,0.000426413,0.03092658,0.623492607,0.013450367,0.8660756,0.977975068,3.25E-06,2.89E-08,0.207540465,0.206548822,0.002584601,0.113162889,0.008436818,0.011543144,0.055639566,1.29E-05,0.200394275,0.089033351
730,24.3,24.31666667,0.061519912,0.034648646,0.524703522,0.024304596,3.81E-08,0,0.000723596,4.36E-05,0.002958196,3.00E-05,3.00E-05,0.004707082,0.005618774,7.16E-05,0.32900864,9.15E-08,0.000246397,3.02E-09,0.000408458,0.029516784,0.615486224,0.012908098,0.859893816,0.976989468,3.12E-06,2.69E-08,0.201583093,0.200992799,0.002478486,0.110142225,0.008152965,0.011127533,0.054004862,1.24E-05,0.194679138,0.086600004
731,24.33333333,24.35,0.059802446,0.033705163,0.51538911,0.023372268,3.60E-08,0,0.000694685,4.13E-05,0.002867969,2.89E-05,2.89E-05,0.004490425,0.005226329,6.94E-05,0.32088794,8.66E-08,0.000237486,2.83E-09,0.000391259,0.028169387,0.607416787,0.012387416,0.853474963,0.975960848,3.00E-06,2.51E-08,0.195754485,0.195549395,0.002376717,0.107192446,0.007878585,0.010726723,0.05241552,1.19E-05,0.189088449,0.084227014
732,24.36666667,24.38333333,0.058129957,0.032786499,0.506063995,0.02247488,3.41E-08,0,0.000666927,3.91E-05,0.002780486,2.78E-05,2.78E-05,0.004283698,0.00486116,6.73E-05,0.312874217,8.20E-08,0.000228897,2.66E-09,0.000374783,0.026881792,0.599288257,0.011887485,0.846814424,0.974887428,2.88E-06,2.34E-08,0.190054289,0.190218317,0.002279118,0.104312406,0.007613369,0.0103402,0.050870437,1.14E-05,0.183621703,0.081913216
733,24.4,24.41666667,0.056501432,0.031892047,0.496734658,0.021611185,3.22E-08,0,0.000640279,3.70E-05,0.002695665,2.67E-05,2.67E-05,0.004086449,0.00452139,6.53E-05,0.304970751,7.76E-08,0.000220619,2.49E-09,0.000359001,0.025651498,0.591104721,0.011407497,0.83990791,0.973767364,2.77E-06,2.18E-08,0.184482003,0.184999152,0.002185518,0.10150095,0.007357014,0.009967464,0.049368526,1.09E-05,0.178278259,0.079657451
734,24.43333333,24.45,0.05491587,0.031021214,0.487407595,0.020779977,3.05E-08,0,0.000614694,3.50E-05,0.002613424,2.57E-05,2.57E-05,0.003898247,0.004205268,6.33E-05,0.297180587,7.35E-08,0.00021264,2.34E-09,0.000343884,0.024476095,0.582870385,0.010946675,0.83275151,0.972598749,2.66E-06,2.03E-08,0.179036979,0.179891377,0.002095753,0.098756914,0.007109229,0.009608034,0.04790872,1.05E-05,0.173057349,0.077458566
735,24.46666667,24.48333333,0.053372285,0.030173419,0.478089293,0.019980085,2.88E-08,0,0.000590131,3.32E-05,0.002533686,2.47E-05,2.47E-05,0.003718681,0.003911161,6.14E-05,0.289506526,6.95E-08,0.00020495,2.19E-09,0.000329403,0.02335326,0.574589566,0.010504271,0.82534173,0.971379603,2.56E-06,1.90E-08,0.173718433,0.174894363,0.002009668,0.096079129,0.006869732,0.009261443,0.046489968,1.00E-05,0.167958083,0.075315412
736,24.5,24.51666667,0.051869707,0.029348092,0.468786215,0.01921038,2.72E-08,0,0.000566549,3.14E-05,0.002456375,2.37E-05,2.37E-05,0.003547356,0.003637549,5.95E-05,0.281951133,6.58E-08,0.000197538,2.06E-09,0.000315531,0.022280758,0.566266685,0.010079564,0.817675542,0.970107882,2.46E-06,1.77E-08,0.168525448,0.170007381,0.001927113,0.093466422,0.00663825,0.008927243,0.045111241,9.62E-06,0.162979457,0.073226849
737,24.53333333,24.55,0.050407178,0.028544676,0.459504783,0.018469767,2.58E-08,0,0.000543909,2.97E-05,0.002381417,2.28E-05,2.28E-05,0.003383897,0.003383012,5.77E-05,0.274516732,6.23E-08,0.000190393,1.93E-09,0.000302243,0.02125644,0.557906257,0.009671861,0.809750429,0.96878147,2.36E-06,1.65E-08,0.16345699,0.165229609,0.001847942,0.090917617,0.006414517,0.008604997,0.043771524,9.23E-06,0.158120363,0.071191744
738,24.56666667,24.58333333,0.048983756,0.027762624,0.450251359,0.017757191,2.44E-08,0,0.000522173,2.82E-05,0.002308742,2.19E-05,2.19E-05,0.003227947,0.00314623,5.59E-05,0.267205413,5.90E-08,0.000183507,1.81E-09,0.000289515,0.020278236,0.549512879,0.009280494,0.801564435,0.967398178,2.27E-06,1.54E-08,0.158511906,0.160560133,0.001772018,0.088431537,0.006198277,0.008294286,0.042469825,8.85E-06,0.153379592,0.069208975
739,24.6,24.61666667,0.047598515,0.027001403,0.441032226,0.017071628,2.30E-08,0,0.000501305,2.67E-05,0.002238279,2.11E-05,2.11E-05,0.003079161,0.002925973,5.42E-05,0.260019027,5.58E-08,0.00017687,1.70E-09,0.000277323,0.019344158,0.541091225,0.008904822,0.793116206,0.965955747,2.18E-06,1.43E-08,0.153688942,0.155997959,0.001699208,0.086007006,0.005989283,0.007994704,0.041205168,8.48E-06,0.148755844,0.067277429
740,24.63333333,24.65,0.046250542,0.02626049,0.431853574,0.01641209,2.18E-08,0,0.000481271,2.52E-05,0.002169962,2.02E-05,2.02E-05,0.002937213,0.002721093,5.26E-05,0.252959198,5.29E-08,0.000170473,1.59E-09,0.000265644,0.018452296,0.532646033,0.008544225,0.784405043,0.964451841,2.09E-06,1.34E-08,0.148986742,0.151542013,0.001629385,0.083642848,0.005787295,0.007705859,0.039976598,8.13E-06,0.144247734,0.065396002
741,24.66666667,24.68333333,0.044938943,0.025539374,0.422721483,0.015777624,2.06E-08,0,0.000462037,2.39E-05,0.002103726,1.95E-05,1.95E-05,0.00280179,0.002530522,5.10E-05,0.246027322,5.00E-08,0.000164308,1.49E-09,0.000254457,0.017600816,0.524182092,0.00819811,0.77543094,0.962884054,2.01E-06,1.25E-08,0.14440386,0.14719115,0.001562426,0.081337894,0.005592081,0.007427371,0.038783177,7.80E-06,0.139853798,0.063563604
742,24.7,24.71666667,0.043662835,0.024837555,0.413641908,0.015167307,1.95E-08,0,0.000443572,2.26E-05,0.002039508,1.87E-05,1.87E-05,0.002672595,0.002353266,4.94E-05,0.239224572,4.74E-08,0.000158365,1.40E-09,0.00024374,0.016787955,0.515704236,0.007865904,0.766194634,0.9612499,1.93E-06,1.16E-08,0.139938769,0.142944158,0.001498216,0.079090975,0.005403416,0.007158875,0.037623986,7.48E-06,0.135572502,0.061779156
743,24.73333333,24.75,0.042421356,0.024154543,0.404620661,0.014580249,1.84E-08,0,0.000425844,2.14E-05,0.001977246,1.80E-05,1.80E-05,0.002549341,0.0021884,4.79E-05,0.232551904,4.48E-08,0.000152637,1.31E-09,0.000233475,0.016012023,0.507217333,0.007547058,0.75669764,0.95954682,1.86E-06,1.08E-08,0.135589863,0.138799762,0.00143664,0.07690093,0.005221083,0.006900018,0.036498128,7.17E-06,0.131402246,0.060041592
744,24.76666667,24.78333333,0.041213654,0.023489862,0.395663399,0.01401559,1.74E-08,0,0.000408824,2.03E-05,0.001916881,1.73E-05,1.73E-05,0.002431758,0.00203506,4.65E-05,0.226010064,4.24E-08,0.000147117,1.23E-09,0.000223642,0.015271397,0.498726267,0.007241041,0.746942293,0.957772177,1.78E-06,1.01E-08,0.131355467,0.134756633,0.001377591,0.074766604,0.005044871,0.006650458,0.03540472,6.87E-06,0.127341371,0.058349858
745,24.8,24.81666667,0.040038897,0.022843043,0.386775614,0.0134725,1.65E-08,0,0.000392485,1.92E-05,0.001858356,1.66E-05,1.66E-05,0.002319586,0.001892444,4.51E-05,0.219599593,4.02E-08,0.000141796,1.15E-09,0.000214224,0.014564521,0.490235937,0.006947346,0.736931784,0.955923258,1.71E-06,9.43E-09,0.127233844,0.130813387,0.001320966,0.072686851,0.004874577,0.006409865,0.034342901,6.59E-06,0.123388166,0.056702915
746,24.83333333,24.85,0.038896267,0.022213629,0.377962612,0.012950178,1.56E-08,0,0.000376798,1.82E-05,0.001801614,1.60E-05,1.60E-05,0.002212576,0.001759805,4.37E-05,0.213320833,3.80E-08,0.000136667,1.08E-09,0.000205201,0.013889903,0.481751235,0.006665484,0.726670185,0.953997274,1.65E-06,8.80E-09,0.123223203,0.126968596,0.001266666,0.070660531,0.004710004,0.006177923,0.033311826,6.32E-06,0.119540874,0.055099737
747,24.86666667,24.88333333,0.037784962,0.021601175,0.36922951,0.01244785,1.47E-08,0,0.000361738,1.72E-05,0.001746602,1.54E-05,1.54E-05,0.002110493,0.001636447,4.24E-05,0.207173936,3.60E-08,0.000131724,1.01E-09,0.000196559,0.013246113,0.473277044,0.006394983,0.71616248,0.951991358,1.58E-06,8.20E-09,0.1193217,0.123220789,0.001214595,0.068686516,0.004550962,0.005954323,0.032310672,6.06E-06,0.115797696,0.053539314
748,24.9,24.91666667,0.036704195,0.021005245,0.360581224,0.011964771,1.39E-08,0,0.000347279,1.63E-05,0.001693267,1.48E-05,1.48E-05,0.00201311,0.001521724,4.11E-05,0.201158873,3.41E-08,0.00012696,9.50E-10,0.000188281,0.01263178,0.464818222,0.006135392,0.705414582,0.949902569,1.52E-06,7.65E-09,0.11552745,0.119568457,0.001164662,0.066763686,0.004397267,0.005738769,0.031338632,5.81E-06,0.112156797,0.052020649
749,24.93333333,24.95,0.035653196,0.020425411,0.352022454,0.011500222,1.32E-08,0,0.000333399,1.54E-05,0.001641557,1.42E-05,1.42E-05,0.001920212,0.001415031,3.98E-05,0.195275435,3.23E-08,0.000122368,8.91E-10,0.000180351,0.012045591,0.45637959,0.005886276,0.694433348,0.94772789,1.46E-06,7.13E-09,0.111838529,0.116010059,0.00111678,0.064890934,0.00424874,0.005530975,0.030394915,5.57E-06,0.108616313,0.050542761
750,24.96666667,24.98333333,0.03463121,0.019861259,0.343557682,0.011053507,1.25E-08,0,0.000320073,1.46E-05,0.001591425,1.36E-05,1.36E-05,0.001831592,0.001315809,3.86E-05,0.18952325,3.05E-08,0.000117942,8.36E-10,0.000172755,0.011486288,0.447965924,0.005647217,0.683226589,0.945464229,1.40E-06,6.65E-09,0.108252984,0.112544022,0.001070864,0.063067163,0.004105209,0.005330665,0.029478753,5.34E-06,0.105174352,0.049104685
751,25,25.01666667,0.033637497,0.019312381,0.335191164,0.010623958,1.18E-08,0,0.000307279,1.38E-05,0.001542821,1.31E-05,1.31E-05,0.001747056,0.001223536,3.74E-05,0.183901783,2.89E-08,0.000113676,7.84E-10,0.000165479,0.010952667,0.439581944,0.005417815,0.671803067,0.943108425,1.35E-06,6.20E-09,0.104768831,0.109168752,0.001026834,0.06129129,0.003966508,0.005137572,0.028589391,5.12E-06,0.101829004,0.047705469
752,25.03333333,25.05,0.032671332,0.018778382,0.326926922,0.010210929,1.11E-08,0,0.000294997,1.31E-05,0.001495699,1.26E-05,1.26E-05,0.001666415,0.001137727,3.63E-05,0.178410351,2.74E-08,0.000109564,7.35E-10,0.000158509,0.010443574,0.431232301,0.005197682,0.66017249,0.940657244,1.30E-06,5.79E-09,0.101384067,0.105882631,0.000984612,0.059562244,0.003832475,0.004951438,0.027726095,4.91E-06,0.098578341,0.046344181
753,25.06666667,25.08333333,0.031732008,0.018258872,0.318768737,0.009813798,1.05E-08,0,0.000283205,1.24E-05,0.001450014,1.21E-05,1.21E-05,0.00158949,0.001057929,3.52E-05,0.173048127,2.59E-08,0.000105602,6.89E-10,0.000151833,0.009957907,0.422921569,0.004986449,0.648345497,0.938107384,1.25E-06,5.40E-09,0.098096672,0.102684025,0.000944125,0.057878967,0.003702954,0.004772015,0.026888145,4.70E-06,0.095420424,0.045019901
754,25.1,25.11666667,0.030818829,0.017753476,0.310720151,0.009431966,9.97E-09,0,0.000271885,1.18E-05,0.001405723,1.17E-05,1.17E-05,0.001516111,0.000983722,3.41E-05,0.167814148,2.45E-08,0.000101782,6.46E-10,0.000145438,0.009494608,0.414654235,0.004783759,0.636333634,0.935455478,1.20E-06,5.03E-09,0.094904614,0.099571285,0.000905302,0.056240416,0.003577795,0.004599065,0.026074841,4.51E-06,0.092353305,0.043731727
755,25.13333333,25.15,0.029931117,0.017261822,0.302784459,0.009064854,9.43E-09,0,0.000261017,1.11E-05,0.001362783,1.12E-05,1.12E-05,0.001446114,0.000914716,3.31E-05,0.162707328,2.32E-08,9.81E-05,6.06E-10,0.000139312,0.009052667,0.406434691,0.004589271,0.624149324,0.932698098,1.15E-06,4.69E-09,0.091805852,0.096542752,0.000868073,0.054645562,0.003456851,0.004432354,0.025285498,4.32E-06,0.089375033,0.042478772
756,25.16666667,25.18333333,0.029068208,0.016783551,0.294964712,0.008711905,8.91E-09,0,0.000250583,1.05E-05,0.001321152,1.08E-05,1.08E-05,0.001379345,0.000850546,3.21E-05,0.157726461,2.20E-08,9.46E-05,5.68E-10,0.000133445,0.008631118,0.39826722,0.004402654,0.611805826,0.929831757,1.10E-06,4.37E-09,0.088798343,0.093596758,0.000832374,0.05309339,0.003339982,0.004271661,0.024519449,4.15E-06,0.086483654,0.041260167
757,25.2,25.21666667,0.028229453,0.016318312,0.28726371,0.008372582,8.43E-09,0,0.000240566,9.98E-06,0.001280792,1.04E-05,1.04E-05,0.001315654,0.000790875,3.11E-05,0.152870231,2.08E-08,9.11E-05,5.33E-10,0.000127824,0.008229036,0.390155994,0.004223594,0.599317188,0.926852915,1.06E-06,4.08E-09,0.085880041,0.090731633,0.000798142,0.051582901,0.003227052,0.004116769,0.023776042,3.98E-06,0.083677219,0.040075057
758,25.23333333,25.25,0.027414216,0.015865761,0.279684008,0.008046369,7.97E-09,0,0.00023095,9.45E-06,0.001241663,9.96E-06,9.96E-06,0.001254901,0.000735387,3.02E-05,0.148137223,1.97E-08,8.78E-05,5.00E-10,0.00012244,0.007845537,0.382105064,0.004051786,0.586698193,0.923757982,1.02E-06,3.80E-09,0.083048906,0.087945704,0.000765317,0.050113111,0.003117927,0.003967471,0.023054642,3.81E-06,0.080953784,0.038922606
759,25.26666667,25.28333333,0.026621878,0.015425563,0.272227915,0.007732766,7.54E-09,0,0.000221718,8.95E-06,0.001203729,9.57E-06,9.57E-06,0.001196949,0.000683789,2.92E-05,0.143525925,1.86E-08,8.47E-05,4.69E-10,0.000117283,0.007479775,0.37411835,0.00388694,0.573964291,0.920543324,9.80E-07,3.55E-09,0.080302904,0.085237298,0.000733841,0.04868305,0.003012482,0.003823567,0.022354628,3.65E-06,0.078311413,0.03780199
760,25.3,25.31666667,0.025851831,0.014997393,0.264897495,0.007431294,7.13E-09,0,0.000212855,8.47E-06,0.001166951,9.20E-06,9.20E-06,0.001141671,0.000635809,2.83E-05,0.139034743,1.76E-08,8.16E-05,4.39E-10,0.000112343,0.007130943,0.366199636,0.003728776,0.561131534,0.917205272,9.41E-07,3.31E-09,0.07764001,0.082604747,0.000703658,0.047291767,0.002910593,0.003684864,0.021675398,3.50E-06,0.075748182,0.036712405
761,25.33333333,25.35,0.025103484,0.014580932,0.257694572,0.007141491,6.74E-09,0,0.000204346,8.02E-06,0.001131297,8.84E-06,8.84E-06,0.001088943,0.000591194,2.75E-05,0.134662001,1.67E-08,7.86E-05,4.12E-10,0.000107611,0.006798268,0.358352566,0.003577024,0.548216493,0.913740127,9.05E-07,3.09E-09,0.075058212,0.080046388,0.000674716,0.045938325,0.002812139,0.003551173,0.021016362,3.36E-06,0.073262179,0.035653063
762,25.36666667,25.38333333,0.024376258,0.014175869,0.250620732,0.006862911,6.37E-09,0,0.000196177,7.60E-06,0.00109673,8.50E-06,8.50E-06,0.001038648,0.000549707,2.67E-05,0.130405955,1.58E-08,7.58E-05,3.86E-10,0.000103079,0.006481011,0.350580636,0.003431427,0.53523618,0.910144165,8.69E-07,2.88E-09,0.072555515,0.077560564,0.000646964,0.044621803,0.002717007,0.003422317,0.020376947,3.22E-06,0.070851512,0.034623189
763,25.4,25.41666667,0.023669587,0.013781901,0.243677329,0.006595126,6.03E-09,0,0.000188335,7.19E-06,0.001063218,8.17E-06,8.17E-06,0.000990673,0.000511131,2.58E-05,0.126264796,1.50E-08,7.31E-05,3.62E-10,9.87E-05,0.006178468,0.342887188,0.003291737,0.522207959,0.906413649,8.35E-07,2.68E-09,0.070129939,0.075145632,0.000620352,0.043341296,0.002625085,0.003298121,0.019756593,3.09E-06,0.068514301,0.033622027
764,25.43333333,25.45,0.02298292,0.013398733,0.236865487,0.006337724,5.70E-09,0,0.000180806,6.81E-06,0.00103073,7.86E-06,7.86E-06,0.000944912,0.00047526,2.51E-05,0.122236657,1.42E-08,7.04E-05,3.40E-10,9.46E-05,0.005889964,0.335275409,0.003157716,0.509149453,0.902544839,8.02E-07,2.50E-09,0.067779526,0.072799957,0.000594834,0.042095917,0.002536265,0.003178417,0.019154756,2.96E-06,0.066248693,0.032648835
765,25.46666667,25.48333333,0.022315718,0.013026078,0.230186113,0.006090305,5.39E-09,0,0.000173578,6.45E-06,0.000999233,7.55E-06,7.55E-06,0.000901263,0.000441906,2.43E-05,0.118319623,1.34E-08,6.79E-05,3.19E-10,9.06E-05,0.005614856,0.327748326,0.003029134,0.496078449,0.898533998,7.71E-07,2.33E-09,0.065502338,0.070521919,0.000570366,0.040884793,0.002450443,0.003063045,0.018570905,2.84E-06,0.064052851,0.031702889
766,25.5,25.51666667,0.021667456,0.012663654,0.223639892,0.005852489,5.10E-09,0,0.000166639,6.11E-06,0.000968698,7.26E-06,7.26E-06,0.000859629,0.000410892,2.36E-05,0.114511734,1.27E-08,6.54E-05,2.99E-10,8.68E-05,0.005352528,0.320308799,0.002905773,0.483012803,0.894377406,7.41E-07,2.18E-09,0.063296462,0.068309913,0.000546903,0.039707069,0.002367517,0.002951848,0.018004523,2.72E-06,0.061924964,0.030783477
767,25.53333333,25.55,0.021037621,0.012311188,0.217227306,0.005623907,4.82E-09,0,0.000159977,5.78E-06,0.000939095,6.98E-06,6.98E-06,0.000819916,0.000382053,2.28E-05,0.110810992,1.20E-08,6.30E-05,2.80E-10,8.31E-05,0.005102394,0.312959527,0.002787422,0.469970341,0.890071368,7.12E-07,2.03E-09,0.06116001,0.066162351,0.000524405,0.038561907,0.002287392,0.002844677,0.017455108,2.61E-06,0.059863246,0.029889906
768,25.56666667,25.58333333,0.020425711,0.011968413,0.210948631,0.005404204,4.56E-09,0,0.000153582,5.48E-06,0.000910395,6.71E-06,6.71E-06,0.000782037,0.000355238,2.21E-05,0.107215368,1.14E-08,6.08E-05,2.63E-10,7.96E-05,0.004863891,0.305703037,0.002673878,0.456968765,0.885612234,6.84E-07,1.89E-09,0.05909112,0.064077662,0.000502832,0.037448484,0.002209973,0.002741385,0.01692217,2.50E-06,0.057865937,0.029021497
769,25.6,25.61666667,0.019831239,0.01163507,0.204803952,0.005193039,4.31E-09,0,0.000147442,5.18E-06,0.000882572,6.45E-06,6.45E-06,0.000745906,0.000330304,2.15E-05,0.103722806,1.08E-08,5.86E-05,2.46E-10,7.63E-05,0.004636485,0.29854169,0.002564948,0.444025553,0.880996404,6.57E-07,1.76E-09,0.057087961,0.062054293,0.000482146,0.036365994,0.002135168,0.002641835,0.016405232,2.40E-06,0.055931302,0.028177585
770,25.63333333,25.65,0.019253729,0.011310904,0.198793166,0.004990084,4.08E-09,0,0.000141548,4.91E-06,0.000855599,6.20E-06,6.20E-06,0.000711443,0.00030712,2.08E-05,0.10033123,1.02E-08,5.65E-05,2.31E-10,7.31E-05,0.004419664,0.291477673,0.002460444,0.431157866,0.876220347,6.31E-07,1.65E-09,0.055148727,0.060090714,0.000462311,0.035313646,0.00206289,0.00254589,0.015903829,2.30E-06,0.054057636,0.027357522
771,25.66666667,25.68333333,0.018692715,0.01099567,0.192915993,0.004795022,3.86E-09,0,0.000135889,4.65E-06,0.000829449,5.96E-06,5.96E-06,0.000678572,0.000285562,2.02E-05,0.097038546,9.65E-09,5.44E-05,2.17E-10,7.00E-05,0.00421294,0.284513009,0.002360188,0.418382465,0.871280615,6.07E-07,1.53E-09,0.053271646,0.058185413,0.000443291,0.034290667,0.001993053,0.002453421,0.015417511,2.20E-06,0.052243264,0.026560673
772,25.7,25.71666667,0.018147746,0.010689126,0.187171983,0.00460755,3.65E-09,0,0.000130456,4.40E-06,0.000804098,5.73E-06,5.73E-06,0.000647218,0.000265518,1.96E-05,0.09384265,9.13E-09,5.24E-05,2.03E-10,6.70E-05,0.004015846,0.277649547,0.002264008,0.405715618,0.866173858,5.83E-07,1.43E-09,0.051454975,0.056336904,0.000425054,0.033296299,0.001925577,0.002364303,0.014945838,2.11E-06,0.050486539,0.025786419
773,25.73333333,25.75,0.01761838,0.010391038,0.181560525,0.004427375,3.45E-09,0,0.000125241,4.17E-06,0.000779521,5.51E-06,5.51E-06,0.000617312,0.00024688,1.90E-05,0.090741432,8.64E-09,5.05E-05,1.91E-10,6.42E-05,0.003827937,0.27088897,0.002171739,0.393173025,0.860896845,5.60E-07,1.33E-09,0.049697005,0.054543719,0.000407566,0.032329801,0.00186038,0.002278414,0.014488383,2.03E-06,0.048785844,0.025034154
774,25.76666667,25.78333333,0.017104186,0.010101179,0.176080856,0.004254216,3.26E-09,0,0.000120234,3.95E-06,0.000755695,5.30E-06,5.30E-06,0.000588787,0.00022955,1.84E-05,0.087732777,8.18E-09,4.87E-05,1.79E-10,6.15E-05,0.003648788,0.264232792,0.002083222,0.380769743,0.855446476,5.38E-07,1.24E-09,0.047996056,0.052804417,0.000390798,0.031390446,0.001797387,0.002195639,0.01404473,1.94E-06,0.047139595,0.024303288
775,25.8,25.81666667,0.016604746,0.009819324,0.170732069,0.004087801,3.08E-09,0,0.000115427,3.74E-06,0.000732596,5.09E-06,5.09E-06,0.00056158,0.000213436,1.78E-05,0.084814572,7.74E-09,4.70E-05,1.68E-10,5.89E-05,0.003477994,0.257682365,0.001998306,0.368520121,0.849819803,5.17E-07,1.16E-09,0.046350486,0.051117579,0.000374719,0.030477525,0.001736524,0.002115864,0.013614474,1.86E-06,0.045546238,0.023593243
776,25.83333333,25.85,0.01611965,0.009545259,0.165513122,0.003927871,2.92E-09,0,0.000110813,3.54E-06,0.000710203,4.89E-06,4.89E-06,0.000535629,0.000198453,1.73E-05,0.081984711,7.33E-09,4.53E-05,1.57E-10,5.64E-05,0.003315169,0.251238875,0.001916845,0.35643774,0.844014052,4.97E-07,1.08E-09,0.044758682,0.049481812,0.000359302,0.029590344,0.001677718,0.002038983,0.013197223,1.79E-06,0.04400425,0.022903455
777,25.86666667,25.88333333,0.0156485,0.009278771,0.160422846,0.003774173,2.76E-09,0,0.000106382,3.35E-06,0.000688494,4.71E-06,4.71E-06,0.000510876,0.000184522,1.68E-05,0.079241094,6.94E-09,4.36E-05,1.47E-10,5.41E-05,0.003159942,0.244903351,0.001838698,0.344535363,0.838026636,4.77E-07,1.01E-09,0.043219067,0.047895748,0.000344519,0.028728222,0.0016209,0.001964889,0.012792594,1.71E-06,0.042512142,0.022233375
778,25.9,25.91666667,0.015190908,0.009019656,0.155459955,0.003626468,2.61E-09,0,0.000102129,3.17E-06,0.000667448,4.52E-06,4.52E-06,0.000487267,0.000171568,1.63E-05,0.076581633,6.57E-09,4.20E-05,1.38E-10,5.18E-05,0.003011961,0.238676665,0.001763731,0.332824892,0.831855183,4.59E-07,9.41E-10,0.041730099,0.046358043,0.000330343,0.027890497,0.001566003,0.001893482,0.012400214,1.64E-06,0.041068455,0.021582467
779,25.93333333,25.95,0.014746497,0.008767712,0.150623052,0.003484524,2.47E-09,0,9.80E-05,3.00E-06,0.000647045,4.35E-06,4.35E-06,0.000464749,0.000159524,1.58E-05,0.074004254,6.22E-09,4.05E-05,1.30E-10,4.96E-05,0.00287089,0.232559533,0.001691816,0.321317331,0.825497551,4.41E-07,8.77E-10,0.040290268,0.04486738,0.000316751,0.027076518,0.001512963,0.001824666,0.012019724,1.57E-06,0.039671764,0.020950206
780,25.96666667,25.98333333,0.014314898,0.008522745,0.145910643,0.003348116,2.33E-09,0,9.41E-05,2.84E-06,0.000627266,4.18E-06,4.18E-06,0.00044327,0.000148325,1.53E-05,0.0715069,5.89E-09,3.91E-05,1.21E-10,4.75E-05,0.002736409,0.226552527,0.001622829,0.310022762,0.818951853,4.23E-07,8.18E-10,0.0388981,0.043422468,0.000303718,0.026285654,0.001461716,0.001758346,0.01165077,1.51E-06,0.038320674,0.020336083
781,26,26.01666667,0.013895753,0.008284566,0.141321136,0.003217031,2.21E-09,0,9.04E-05,2.69E-06,0.00060809,4.02E-06,4.02E-06,0.000422784,0.000137912,1.48E-05,0.069087534,5.57E-09,3.76E-05,1.14E-10,4.55E-05,0.00260821,0.220656069,0.00155665,0.298950328,0.812216475,4.07E-07,7.63E-10,0.037552154,0.04202204,0.000291221,0.025517283,0.001412203,0.001694433,0.011293013,1.45E-06,0.037013824,0.019739598
782,26.03333333,26.05,0.013488713,0.008052988,0.136852857,0.003091063,2.09E-09,0,8.68E-05,2.55E-06,0.000589501,3.86E-06,3.86E-06,0.000403245,0.00012823,1.44E-05,0.066744141,5.27E-09,3.63E-05,1.07E-10,4.36E-05,0.002486003,0.214870443,0.001493166,0.288108219,0.8052901,3.91E-07,7.11E-10,0.036251023,0.040664858,0.000279238,0.024770802,0.001364365,0.001632839,0.010946119,1.39E-06,0.035749885,0.019160267
783,26.06666667,26.08333333,0.013093437,0.007827833,0.132504055,0.002970012,1.97E-09,0,8.33E-05,2.41E-06,0.000571479,3.71E-06,3.71E-06,0.000384608,0.000119228,1.39E-05,0.064474729,4.99E-09,3.50E-05,1.00E-10,4.18E-05,0.002369507,0.209195796,0.001432267,0.277503674,0.798171732,3.76E-07,6.63E-10,0.034993336,0.039349708,0.000267748,0.02404562,0.001318145,0.001573481,0.010609767,1.33E-06,0.034527559,0.018597617
784,26.1,26.11666667,0.012709596,0.007608925,0.128272909,0.002853688,1.86E-09,0,8.00E-05,2.29E-06,0.000554008,3.57E-06,3.57E-06,0.000366832,0.000110858,1.35E-05,0.062277332,4.73E-09,3.37E-05,9.39E-11,4.00E-05,0.002258459,0.203632146,0.001373849,0.267142983,0.79086071,3.61E-07,6.19E-10,0.033777753,0.038075404,0.000256731,0.023341159,0.001273489,0.001516277,0.010283643,1.28E-06,0.033345581,0.018051184
785,26.13333333,26.15,0.012336866,0.007396092,0.124157536,0.002741908,1.76E-09,0,7.68E-05,2.16E-06,0.000537071,3.43E-06,3.43E-06,0.000349877,0.000103075,1.31E-05,0.06015001,4.47E-09,3.25E-05,8.81E-11,3.83E-05,0.002152604,0.198179382,0.00131781,0.257031499,0.783356736,3.47E-07,5.77E-10,0.03260297,0.036840784,0.000246167,0.022656858,0.001230344,0.00146115,0.009967442,1.22E-06,0.032202715,0.01752052
786,26.16666667,26.18333333,0.011974935,0.00718917,0.120155997,0.002634495,1.67E-09,0,7.37E-05,2.05E-06,0.000520652,3.30E-06,3.30E-06,0.000333706,9.58E-05,1.27E-05,0.058090853,4.23E-09,3.13E-05,8.26E-11,3.67E-05,0.0020517,0.192837273,0.001264054,0.247173656,0.775659893,3.33E-07,5.38E-10,0.031467715,0.035644714,0.000236037,0.021992167,0.001188658,0.001408024,0.009660869,1.17E-06,0.03109776,0.017005187
787,26.2,26.21666667,0.011623497,0.006987997,0.116266306,0.002531278,1.58E-09,0,7.07E-05,1.94E-06,0.000504734,3.17E-06,3.17E-06,0.000318282,8.91E-05,1.23E-05,0.056097981,4.01E-09,3.02E-05,7.75E-11,3.51E-05,0.001955516,0.187605474,0.001212488,0.237572994,0.767770664,3.20E-07,5.02E-10,0.030370749,0.034486085,0.000226325,0.02134655,0.001148384,0.001356827,0.009363636,1.12E-06,0.030029541,0.016504756
788,26.23333333,26.25,0.011282255,0.006792414,0.112486433,0.002432096,1.49E-09,0,6.79E-05,1.84E-06,0.000489302,3.05E-06,3.05E-06,0.00030357,8.29E-05,1.19E-05,0.054169545,3.79E-09,2.91E-05,7.26E-11,3.37E-05,0.001863834,0.182483525,0.001163023,0.228232185,0.759689953,3.08E-07,4.68E-10,0.029310866,0.033363815,0.000217011,0.020719485,0.001109473,0.001307489,0.009075464,1.08E-06,0.028996918,0.016018812
789,26.26666667,26.28333333,0.01095092,0.006602268,0.108814315,0.002336791,1.41E-09,0,6.52E-05,1.74E-06,0.000474342,2.93E-06,2.93E-06,0.000289539,7.70E-05,1.16E-05,0.052303728,3.59E-09,2.80E-05,6.81E-11,3.23E-05,0.001776442,0.177470867,0.001115574,0.21915307,0.751419101,2.96E-07,4.36E-10,0.028286892,0.032276845,0.000208081,0.020110462,0.001071878,0.001259943,0.008796082,1.03E-06,0.027998779,0.015546949
790,26.3,26.31666667,0.010629211,0.006417412,0.105247857,0.002245212,1.33E-09,0,6.26E-05,1.65E-06,0.00045984,2.82E-06,2.82E-06,0.000276155,7.16E-05,1.12E-05,0.050498746,3.40E-09,2.70E-05,6.39E-11,3.09E-05,0.001693141,0.172566837,0.001070059,0.21033669,0.742959902,2.84E-07,4.07E-10,0.027297685,0.031224144,0.000199519,0.019518984,0.001035557,0.001214124,0.008525227,9.91E-07,0.027034042,0.015088773
791,26.33333333,26.35,0.010316855,0.006237698,0.101784942,0.002157215,1.26E-09,0,6.01E-05,1.56E-06,0.00044578,2.71E-06,2.71E-06,0.000263391,6.66E-05,1.09E-05,0.048752849,3.22E-09,2.60E-05,5.99E-11,2.96E-05,0.001613739,0.167770679,0.001026399,0.201783334,0.73431462,2.73E-07,3.79E-10,0.026342133,0.030204705,0.000191308,0.018944565,0.001000464,0.00116997,0.008262642,9.50E-07,0.026101653,0.014643899
792,26.36666667,26.38333333,0.010013584,0.006062987,0.098423432,0.002072659,1.19E-09,0,5.77E-05,1.48E-06,0.00043215,2.60E-06,2.60E-06,0.000251216,6.19E-05,1.06E-05,0.047064321,3.05E-09,2.51E-05,5.62E-11,2.83E-05,0.001538056,0.163081548,0.000984518,0.193492573,0.725486001,2.62E-07,3.54E-10,0.025419156,0.029217546,0.000183436,0.018386734,0.00096656,0.001127419,0.00800808,9.11E-07,0.025200589,0.014211952
793,26.4,26.41666667,0.009719141,0.00589314,0.095161176,0.001991411,1.13E-09,0,5.54E-05,1.40E-06,0.000418937,2.50E-06,2.50E-06,0.000239603,5.76E-05,1.02E-05,0.045431481,2.88E-09,2.42E-05,5.27E-11,2.72E-05,0.001465917,0.158498516,0.000944345,0.18546331,0.716477282,2.52E-07,3.30E-10,0.024527703,0.028261709,0.000175887,0.017845029,0.000933804,0.001086414,0.007761299,8.73E-07,0.024329854,0.013792567
794,26.43333333,26.45,0.009433274,0.005728024,0.091996014,0.001913341,1.07E-09,0,5.32E-05,1.32E-06,0.000406128,2.41E-06,2.41E-06,0.000228528,5.35E-05,9.92E-06,0.043852683,2.73E-09,2.33E-05,4.94E-11,2.60E-05,0.001397156,0.154020577,0.00090581,0.177693824,0.707292204,2.42E-07,3.08E-10,0.023666755,0.027336261,0.000168649,0.017319003,0.000902157,0.001046899,0.007522066,8.37E-07,0.023488479,0.01338539
795,26.46666667,26.48333333,0.009155737,0.005567508,0.088925783,0.001838327,1.01E-09,0,5.10E-05,1.25E-06,0.00039371,2.31E-06,2.31E-06,0.000217964,4.98E-05,9.62E-06,0.042326318,2.58E-09,2.25E-05,4.63E-11,2.49E-05,0.001331617,0.149646653,0.000868846,0.170181816,0.697935016,2.33E-07,2.87E-10,0.022835319,0.026440294,0.000161709,0.016808217,0.000871581,0.001008819,0.007290153,8.03E-07,0.022675525,0.012990076
796,26.5,26.51666667,0.008886292,0.005411465,0.085948318,0.001766248,9.54E-10,0,4.90E-05,1.19E-06,0.000381671,2.22E-06,2.22E-06,0.000207888,4.63E-05,9.32E-06,0.040850811,2.45E-09,2.17E-05,4.34E-11,2.39E-05,0.001269148,0.145375595,0.000833388,0.162924458,0.688410477,2.23E-07,2.67E-10,0.022032434,0.02557292,0.000155054,0.016312246,0.000842041,0.000972124,0.007065338,7.70E-07,0.021890077,0.012606287
797,26.53333333,26.55,0.008624707,0.005259773,0.083061457,0.001696991,9.02E-10,0,4.70E-05,1.12E-06,0.000370001,2.14E-06,2.14E-06,0.000198279,4.30E-05,9.04E-06,0.039424623,2.32E-09,2.09E-05,4.07E-11,2.29E-05,0.001209606,0.141206195,0.000799377,0.155918437,0.678723861,2.15E-07,2.49E-10,0.021257163,0.024733277,0.000148673,0.015830673,0.000813501,0.000936762,0.006847409,7.38E-07,0.021131247,0.012233697
798,26.56666667,26.58333333,0.008370758,0.005112312,0.080263046,0.001630445,8.53E-10,0,4.52E-05,1.06E-06,0.000358687,2.06E-06,2.06E-06,0.000189113,4.00E-05,8.77E-06,0.038046251,2.19E-09,2.01E-05,3.82E-11,2.19E-05,0.001152854,0.137137186,0.000766753,0.149160002,0.668880954,2.06E-07,2.33E-10,0.020508601,0.023920526,0.000142555,0.015363096,0.000785928,0.000902685,0.006636157,7.07E-07,0.020398175,0.011871986
799,26.6,26.61666667,0.008124225,0.004968964,0.077550942,0.001566505,8.07E-10,0,4.34E-05,1.01E-06,0.00034772,1.98E-06,1.98E-06,0.000180371,3.72E-05,8.50E-06,0.036714228,2.08E-09,1.94E-05,3.58E-11,2.10E-05,0.001098762,0.133167248,0.000735459,0.142645012,0.658888045,1.98E-07,2.17E-10,0.019785866,0.02313385,0.000136689,0.01490912,0.000759289,0.000869847,0.00643138,6.78E-07,0.019690021,0.011520845
800,26.63333333,26.65,0.007884895,0.004829616,0.074923015,0.001505068,7.63E-10,0,4.16E-05,9.55E-07,0.000337087,1.90E-06,1.90E-06,0.000172033,3.46E-05,8.24E-06,0.035427122,1.96E-09,1.87E-05,3.36E-11,2.01E-05,0.001047206,0.129295014,0.000705441,0.136368974,0.648751926,1.90E-07,2.02E-10,0.019088104,0.022372451,0.000131063,0.014468362,0.000733551,0.000838202,0.006232882,6.50E-07,0.019005976,0.011179973
801,26.66666667,26.68333333,0.007652561,0.004694157,0.072377153,0.001446037,7.21E-10,0,4.00E-05,9.04E-07,0.000326779,1.83E-06,1.83E-06,0.00016408,3.22E-05,7.99E-06,0.034183538,1.86E-09,1.80E-05,3.15E-11,1.92E-05,0.000998066,0.125519072,0.000676648,0.130327092,0.638479873,1.83E-07,1.89E-10,0.018414487,0.021635557,0.00012567,0.014040449,0.000708686,0.000807707,0.006040474,6.23E-07,0.01834525,0.010849075
802,26.7,26.71666667,0.007427021,0.00456248,0.06991126,0.001389318,6.82E-10,0,3.84E-05,8.56E-07,0.000316787,1.76E-06,1.76E-06,0.000156495,2.99E-05,7.75E-06,0.032982114,1.76E-09,1.74E-05,2.95E-11,1.84E-05,0.000951229,0.121837973,0.000649029,0.124514303,0.628079635,1.76E-07,1.76E-10,0.017764211,0.020922416,0.000120498,0.013625016,0.000684663,0.000778322,0.00585397,5.98E-07,0.017707079,0.010527867
803,26.73333333,26.75,0.007208081,0.00443448,0.067523265,0.001334821,6.45E-10,0,3.68E-05,8.10E-07,0.0003071,1.69E-06,1.69E-06,0.00014926,2.78E-05,7.51E-06,0.031821525,1.67E-09,1.67E-05,2.77E-11,1.77E-05,0.000906589,0.118250231,0.000622537,0.118925321,0.617559415,1.69E-07,1.64E-10,0.017136498,0.020232294,0.000115539,0.01322171,0.000661454,0.000750004,0.005673192,5.73E-07,0.017090721,0.010216071
804,26.76666667,26.78333333,0.006995549,0.004310056,0.065211119,0.001282459,6.10E-10,0,3.54E-05,7.67E-07,0.000297709,1.62E-06,1.62E-06,0.00014236,2.59E-05,7.28E-06,0.030700478,1.58E-09,1.61E-05,2.60E-11,1.69E-05,0.000864042,0.114754332,0.000597126,0.113554669,0.606927851,1.62E-07,1.53E-10,0.016530592,0.019564481,0.000110784,0.012830187,0.000639031,0.000722716,0.005497965,5.49E-07,0.016495458,0.009913416
805,26.8,26.81666667,0.00678924,0.004189108,0.062972799,0.001232148,5.77E-10,0,3.39E-05,7.27E-07,0.000288605,1.56E-06,1.56E-06,0.000135779,2.40E-05,7.06E-06,0.029617717,1.49E-09,1.55E-05,2.44E-11,1.62E-05,0.00082349,0.111348732,0.000572751,0.108396716,0.59619399,1.56E-07,1.43E-10,0.015945762,0.018918285,0.000106225,0.012450112,0.000617368,0.00069642,0.005328122,5.27E-07,0.015920591,0.00961964
806,26.83333333,26.85,0.006588976,0.004071541,0.06080631,0.001183809,5.46E-10,0,3.26E-05,6.88E-07,0.00027978,1.50E-06,1.50E-06,0.000129502,2.23E-05,6.85E-06,0.028572017,1.41E-09,1.50E-05,2.28E-11,1.55E-05,0.000784839,0.108031867,0.000549371,0.10344571,0.58536726,1.50E-07,1.33E-10,0.015381299,0.018293034,0.000101853,0.012081158,0.000596438,0.00067108,0.005163498,5.05E-07,0.015365446,0.009334489
807,26.86666667,26.88333333,0.006394581,0.003957259,0.058709686,0.001137364,5.16E-10,0,3.13E-05,6.51E-07,0.000271224,1.44E-06,1.44E-06,0.000123515,2.08E-05,6.64E-06,0.027562189,1.34E-09,1.44E-05,2.14E-11,1.49E-05,0.000748002,0.104802153,0.000526944,0.098695808,0.574457441,1.44E-07,1.24E-10,0.014836516,0.017688076,9.77E-05,0.011723008,0.000576218,0.000646662,0.005003936,4.84E-07,0.014829367,0.009057712
808,26.9,26.91666667,0.006205886,0.003846173,0.056680992,0.001092739,4.88E-10,0,3.00E-05,6.17E-07,0.00026293,1.39E-06,1.39E-06,0.000117805,1.93E-05,6.44E-06,0.026587075,1.27E-09,1.39E-05,2.01E-11,1.42E-05,0.000712892,0.10165799,0.000505433,0.094141106,0.563474631,1.38E-07,1.16E-10,0.014310748,0.017102774,9.36E-05,0.011375353,0.000556683,0.000623132,0.004849279,4.64E-07,0.014311719,0.00878907
809,26.93333333,26.95,0.006022724,0.003738194,0.054718323,0.001049864,4.61E-10,0,2.88E-05,5.84E-07,0.000254889,1.33E-06,1.33E-06,0.000112359,1.80E-05,6.24E-06,0.025645549,1.20E-09,1.34E-05,1.88E-11,1.36E-05,0.000679429,0.098597766,0.000484799,0.089775661,0.552429211,1.33E-07,1.08E-10,0.013803351,0.016536515,8.98E-05,0.011037893,0.00053781,0.000600457,0.004699381,4.45E-07,0.013811887,0.008528326
810,26.96666667,26.98333333,0.005844937,0.003633235,0.05281981,0.001008668,4.36E-10,0,2.77E-05,5.53E-07,0.000247095,1.28E-06,1.28E-06,0.000107165,1.67E-05,6.05E-06,0.024736518,1.13E-09,1.29E-05,1.77E-11,1.31E-05,0.000647536,0.095619858,0.000465008,0.085593521,0.541331807,1.28E-07,1.01E-10,0.013313701,0.015988699,8.61E-05,0.010710335,0.000519576,0.000578607,0.004554094,4.27E-07,0.013329275,0.008275253
811,27,27.01666667,0.005672368,0.003531213,0.050983615,0.000969088,4.13E-10,0,2.66E-05,5.24E-07,0.000239538,1.23E-06,1.23E-06,0.00010221,1.55E-05,5.87E-06,0.02385892,1.07E-09,1.25E-05,1.66E-11,1.25E-05,0.000617138,0.092722639,0.000446024,0.081588739,0.53019325,1.23E-07,9.38E-11,0.012841194,0.015458746,8.25E-05,0.010392396,0.00050196,0.000557551,0.00441328,4.09E-07,0.012863307,0.00802963
812,27.03333333,27.05,0.005504866,0.003432046,0.049207936,0.00093106,3.90E-10,0,2.55E-05,4.96E-07,0.000232213,1.18E-06,1.18E-06,9.75E-05,1.44E-05,5.69E-06,0.023011722,1.02E-09,1.20E-05,1.55E-11,1.20E-05,0.000588168,0.089904477,0.000427814,0.077755401,0.519024534,1.18E-07,8.75E-11,0.012385246,0.014946091,7.92E-05,0.010083799,0.000484941,0.000537262,0.004276801,3.92E-07,0.012413423,0.007791239
813,27.06666667,27.08333333,0.005342284,0.003335654,0.047491006,0.000894522,3.69E-10,0,2.45E-05,4.69E-07,0.000225111,1.14E-06,1.14E-06,9.30E-05,1.34E-05,5.52E-06,0.022193923,9.63E-10,1.16E-05,1.46E-11,1.15E-05,0.000560556,0.08716374,0.000410348,0.074087639,0.507836774,1.13E-07,8.16E-11,0.011945292,0.014450188,7.59E-05,0.009784275,0.000468499,0.00051771,0.004144524,3.76E-07,0.011979083,0.007559872
814,27.1,27.11666667,0.005184478,0.00324196,0.045831094,0.000859417,3.49E-10,0,2.35E-05,4.45E-07,0.000218227,1.09E-06,1.09E-06,8.87E-05,1.25E-05,5.35E-06,0.02140455,9.11E-10,1.12E-05,1.37E-11,1.10E-05,0.00053424,0.084498797,0.000393594,0.070579646,0.496641158,1.09E-07,7.61E-11,0.011520783,0.013970505,7.28E-05,0.009493563,0.000452614,0.000498869,0.004016323,3.61E-07,0.011559762,0.007335325
815,27.13333333,27.15,0.00503131,0.00315089,0.044226507,0.000825689,3.30E-10,0,2.26E-05,4.21E-07,0.000211553,1.05E-06,1.05E-06,8.46E-05,1.16E-05,5.19E-06,0.020642661,8.62E-10,1.08E-05,1.28E-11,1.05E-05,0.000509158,0.081908021,0.000377525,0.067225695,0.48544891,1.05E-07,7.09E-11,0.011111191,0.013506528,6.98E-05,0.009211407,0.000437268,0.000480714,0.003892071,3.46E-07,0.011154954,0.0071174
816,27.16666667,27.18333333,0.004882645,0.003062371,0.042675584,0.000793283,3.12E-10,0,2.17E-05,3.99E-07,0.000205083,1.01E-06,1.01E-06,8.07E-05,1.08E-05,5.03E-06,0.019907339,8.16E-10,1.04E-05,1.20E-11,1.01E-05,0.000485254,0.079389792,0.000362111,0.064020145,0.474271237,1.01E-07,6.61E-11,0.010716003,0.013057755,6.69E-05,0.008937562,0.000422441,0.00046322,0.003771649,3.32E-07,0.010764167,0.006905904
817,27.2,27.21666667,0.004738352,0.002976331,0.041176706,0.000762148,2.95E-10,0,2.08E-05,3.77E-07,0.000198812,9.71E-07,9.71E-07,7.69E-05,1.00E-05,4.87E-06,0.019197697,7.73E-10,9.99E-06,1.13E-11,9.67E-06,0.000462471,0.076942495,0.000347326,0.060957458,0.46311929,9.66E-08,6.17E-11,0.010334724,0.012623703,6.42E-05,0.008671787,0.000408118,0.000446361,0.003654939,3.18E-07,0.010386926,0.00670065
818,27.23333333,27.25,0.004598303,0.002892701,0.039728288,0.000732234,2.79E-10,0,2.00E-05,3.57E-07,0.000192731,9.34E-07,9.34E-07,7.34E-05,9.33E-06,4.73E-06,0.018512874,7.32E-10,9.63E-06,1.06E-11,9.26E-06,0.000440758,0.07456453,0.000333145,0.058032203,0.452004115,9.28E-08,5.75E-11,0.009966874,0.012203901,6.15E-05,0.008413848,0.000394279,0.000430116,0.003541828,3.05E-07,0.010022773,0.006501457
819,27.26666667,27.28333333,0.004462375,0.002811414,0.038328782,0.000703493,2.64E-10,0,1.92E-05,3.38E-07,0.000186837,8.98E-07,8.98E-07,7.00E-05,8.67E-06,4.58E-06,0.017852035,6.92E-10,9.28E-06,9.90E-12,8.87E-06,0.000420063,0.072254304,0.000319542,0.055239069,0.440936614,8.92E-08,5.36E-11,0.00961199,0.011797892,5.90E-05,0.008163519,0.00038091,0.000414462,0.003432205,2.92E-07,0.009671261,0.006308148
820,27.3,27.31666667,0.004330448,0.002732406,0.036976678,0.00067588,2.50E-10,0,1.84E-05,3.20E-07,0.000181123,8.63E-07,8.63E-07,6.68E-05,8.07E-06,4.44E-06,0.017214372,6.56E-10,8.95E-06,9.28E-12,8.49E-06,0.00040034,0.070010241,0.000306495,0.052572868,0.4299275,8.57E-08,5.00E-11,0.009269623,0.011405235,5.66E-05,0.007920577,0.000367994,0.000399377,0.003325964,2.80E-07,0.009331961,0.006120551
821,27.33333333,27.35,0.004202405,0.002655612,0.035670502,0.00064935,2.36E-10,0,1.77E-05,3.03E-07,0.000175584,8.30E-07,8.30E-07,6.37E-05,7.50E-06,4.31E-06,0.016599101,6.21E-10,8.62E-06,8.71E-12,8.14E-06,0.000381543,0.067830778,0.000293981,0.050028541,0.418987256,8.23E-08,4.66E-11,0.008939342,0.011025501,5.42E-05,0.00768481,0.000355515,0.000384842,0.003223001,2.69E-07,0.009004457,0.005938499
822,27.36666667,27.38333333,0.004078132,0.00258097,0.034408817,0.000623861,2.23E-10,0,1.70E-05,2.87E-07,0.000170214,7.98E-07,7.98E-07,6.07E-05,6.97E-06,4.18E-06,0.016005463,5.87E-10,8.31E-06,8.16E-12,7.79E-06,0.000363627,0.065714369,0.000281977,0.047601163,0.408126098,7.91E-08,4.35E-11,0.008620726,0.010658273,5.20E-05,0.007456007,0.00034346,0.000370835,0.003123215,2.58E-07,0.008688345,0.005761832
823,27.4,27.41666667,0.003957519,0.002508421,0.033190223,0.000599371,2.11E-10,0,1.63E-05,2.72E-07,0.000165008,7.67E-07,7.67E-07,5.79E-05,6.48E-06,4.05E-06,0.015432721,5.56E-10,8.01E-06,7.66E-12,7.47E-06,0.000346553,0.063659485,0.000270463,0.045285946,0.397353937,7.60E-08,4.06E-11,0.008313371,0.01030315,4.99E-05,0.007233967,0.000331813,0.000357337,0.003026509,2.47E-07,0.008383238,0.00559039
824,27.43333333,27.45,0.00384046,0.002437907,0.032013355,0.000575843,2.00E-10,0,1.56E-05,2.58E-07,0.000159962,7.37E-07,7.37E-07,5.52E-05,6.03E-06,3.93E-06,0.014880166,5.26E-10,7.72E-06,7.18E-12,7.15E-06,0.00033028,0.061664616,0.000259419,0.043078244,0.386680347,7.30E-08,3.78E-11,0.008016885,0.009959739,4.78E-05,0.007018493,0.000320561,0.000344331,0.002932789,2.37E-07,0.008088757,0.005424022
825,27.46666667,27.48333333,0.003726851,0.00236937,0.030876884,0.000553237,1.89E-10,0,1.50E-05,2.44E-07,0.000155069,7.09E-07,7.09E-07,5.27E-05,5.60E-06,3.81E-06,0.014347105,4.98E-10,7.44E-06,6.73E-12,6.85E-06,0.000314771,0.059728272,0.000248826,0.040973548,0.37611453,7.02E-08,3.53E-11,0.007730891,0.009627663,4.58E-05,0.006809393,0.000309691,0.000331798,0.002841963,2.27E-07,0.007804539,0.005262578
826,27.5,27.51666667,0.00361659,0.002302755,0.029779516,0.000531518,1.78E-10,0,1.44E-05,2.31E-07,0.000150327,6.81E-07,6.81E-07,5.02E-05,5.21E-06,3.69E-06,0.013832873,4.72E-10,7.17E-06,6.31E-12,6.56E-06,0.00029999,0.057848983,0.000238666,0.038967495,0.36566529,6.74E-08,3.29E-11,0.007455022,0.009306556,4.39E-05,0.006606481,0.000299189,0.000319721,0.002753942,2.18E-07,0.007530232,0.005105916
827,27.53333333,27.55,0.003509579,0.002238009,0.028719993,0.000510652,1.69E-10,0,1.38E-05,2.19E-07,0.000145729,6.55E-07,6.55E-07,4.79E-05,4.85E-06,3.58E-06,0.013336822,4.46E-10,6.91E-06,5.92E-12,6.28E-06,0.000285903,0.0560253,0.00022892,0.037055863,0.355341006,6.48E-08,3.07E-11,0.007188927,0.00899606,4.21E-05,0.006409577,0.000289043,0.000308084,0.00266864,2.09E-07,0.007265495,0.004953894
828,27.56666667,27.58333333,0.003405724,0.00217508,0.027697091,0.000490604,1.60E-10,0,1.33E-05,2.07E-07,0.000141272,6.29E-07,6.29E-07,4.57E-05,4.51E-06,3.47E-06,0.012858328,4.23E-10,6.66E-06,5.55E-12,6.02E-06,0.000272478,0.054255798,0.000219572,0.035234572,0.345149614,6.22E-08,2.86E-11,0.006932263,0.008695833,4.04E-05,0.006218504,0.000279241,0.000296869,0.002585973,2.00E-07,0.00701,0.004806376
829,27.6,27.61666667,0.003304933,0.002113916,0.026709618,0.000471343,1.51E-10,0,1.27E-05,1.96E-07,0.000136952,6.05E-07,6.05E-07,4.36E-05,4.19E-06,3.36E-06,0.012396785,4.00E-10,6.42E-06,5.21E-12,5.77E-06,0.000259682,0.052539074,0.000210606,0.033499682,0.335098579,5.98E-08,2.67E-11,0.006684701,0.008405541,3.87E-05,0.006033093,0.000269771,0.000286063,0.00250586,1.92E-07,0.006763428,0.00466323
830,27.63333333,27.65,0.003207114,0.002054469,0.025756419,0.000452838,1.43E-10,0,1.22E-05,1.86E-07,0.000132763,5.82E-07,5.82E-07,4.16E-05,3.89E-06,3.26E-06,0.011951609,3.79E-10,6.19E-06,4.88E-12,5.52E-06,0.000247488,0.050873747,0.000202006,0.031847396,0.325194888,5.75E-08,2.49E-11,0.006445922,0.008124859,3.71E-05,0.005853178,0.000260623,0.000275651,0.002428223,1.84E-07,0.006525473,0.004524328
831,27.66666667,27.68333333,0.003112182,0.00199669,0.02483637,0.000435059,1.35E-10,0,1.17E-05,1.76E-07,0.000128703,5.59E-07,5.59E-07,3.97E-05,3.62E-06,3.16E-06,0.011522233,3.58E-10,5.97E-06,4.58E-12,5.29E-06,0.000235865,0.049258461,0.000193757,0.030274052,0.315445033,5.52E-08,2.32E-11,0.006215619,0.007853477,3.56E-05,0.005678597,0.000251784,0.000265617,0.002352986,1.76E-07,0.006295836,0.004389546
832,27.7,27.71666667,0.003020051,0.001940532,0.023948378,0.000417978,1.28E-10,0,1.13E-05,1.66E-07,0.000124766,5.38E-07,5.38E-07,3.78E-05,3.37E-06,3.07E-06,0.011108109,3.39E-10,5.75E-06,4.29E-12,5.07E-06,0.000224789,0.047691885,0.000185844,0.028776125,0.305855002,5.30E-08,2.16E-11,0.005993495,0.007591089,3.42E-05,0.005509195,0.000243246,0.000255948,0.002280075,1.69E-07,0.006074231,0.004258761
833,27.73333333,27.75,0.00293064,0.001885952,0.023091382,0.000401567,1.21E-10,0,1.08E-05,1.58E-07,0.00012095,5.17E-07,5.17E-07,3.61E-05,3.13E-06,2.97E-06,0.010708708,3.21E-10,5.54E-06,4.03E-12,4.85E-06,0.000214232,0.046172712,0.000178255,0.027350224,0.296430273,5.10E-08,2.02E-11,0.005779262,0.007337403,3.27E-05,0.005344819,0.000234996,0.000246631,0.002209418,1.62E-07,0.00586038,0.004131857
834,27.76666667,27.78333333,0.002843868,0.001832903,0.022264355,0.000385801,1.14E-10,0,1.04E-05,1.49E-07,0.000117251,4.97E-07,4.97E-07,3.44E-05,2.91E-06,2.88E-06,0.010323518,3.04E-10,5.34E-06,3.77E-12,4.65E-06,0.000204172,0.044699658,0.000170976,0.025993087,0.287175812,4.90E-08,1.88E-11,0.005572645,0.007092134,3.14E-05,0.005185321,0.000227027,0.000237654,0.002140946,1.55E-07,0.005654015,0.004008719
835,27.8,27.81666667,0.002759658,0.001781345,0.021466298,0.000370653,1.08E-10,0,9.98E-06,1.41E-07,0.000113665,4.78E-07,4.78E-07,3.28E-05,2.71E-06,2.80E-06,0.009952044,2.88E-10,5.15E-06,3.54E-12,4.45E-06,0.000194583,0.043271468,0.000163994,0.024701582,0.278096073,4.71E-08,1.75E-11,0.005373374,0.006855008,3.01E-05,0.00503056,0.000219328,0.000229003,0.002074591,1.49E-07,0.005454877,0.003889237
836,27.83333333,27.85,0.002677935,0.001731233,0.020696241,0.000356099,1.02E-10,0,9.58E-06,1.34E-07,0.000110188,4.59E-07,4.59E-07,3.13E-05,2.52E-06,2.71E-06,0.009593807,2.72E-10,4.96E-06,3.32E-12,4.27E-06,0.000185445,0.041886909,0.000157297,0.023472701,0.269194997,4.52E-08,1.64E-11,0.005181192,0.006625757,2.89E-05,0.004880395,0.000211889,0.000220666,0.002010289,1.43E-07,0.005262716,0.003773303
837,27.86666667,27.88333333,0.002598626,0.00168253,0.019953245,0.000342117,9.65E-11,0,9.20E-06,1.27E-07,0.000106818,4.41E-07,4.41E-07,2.99E-05,2.34E-06,2.63E-06,0.009248345,2.58E-10,4.78E-06,3.11E-12,4.09E-06,0.000176736,0.040544774,0.000150873,0.022303557,0.260476024,4.34E-08,1.53E-11,0.004995849,0.006404123,2.77E-05,0.004734691,0.000204703,0.000212634,0.001947976,1.37E-07,0.00507729,0.003660811
838,27.9,27.91666667,0.00252166,0.001635194,0.019236398,0.000328684,9.13E-11,0,8.83E-06,1.20E-07,0.000103551,4.24E-07,4.24E-07,2.85E-05,2.18E-06,2.55E-06,0.00891521,2.44E-10,4.61E-06,2.92E-12,3.91E-06,0.000168436,0.039243882,0.000144712,0.021191383,0.251942093,4.17E-08,1.42E-11,0.004817103,0.006189857,2.65E-05,0.004593317,0.000197761,0.000204893,0.001887591,1.31E-07,0.004898364,0.003551662
839,27.93333333,27.95,0.002446967,0.001589188,0.018544818,0.000315778,8.63E-11,0,8.48E-06,1.14E-07,0.000100384,4.08E-07,4.08E-07,2.72E-05,2.02E-06,2.47E-06,0.008593972,2.31E-10,4.44E-06,2.74E-12,3.75E-06,0.000160525,0.037983077,0.000138802,0.020133526,0.243595661,4.01E-08,1.33E-11,0.004644724,0.005982716,2.54E-05,0.004456145,0.000191054,0.000197434,0.001829075,1.26E-07,0.004725714,0.003445755
840,27.96666667,27.98333333,0.002374482,0.001544474,0.017877648,0.000303378,8.16E-11,0,8.14E-06,1.08E-07,9.73E-05,3.92E-07,3.92E-07,2.59E-05,1.88E-06,2.40E-06,0.008284211,2.19E-10,4.28E-06,2.57E-12,3.59E-06,0.000152986,0.036761229,0.000133134,0.019127445,0.235438708,3.85E-08,1.24E-11,0.004478485,0.005782467,2.44E-05,0.004323052,0.000184574,0.000190247,0.001772369,1.21E-07,0.004559122,0.003342996
841,28,28.01666667,0.002304139,0.001501016,0.017234059,0.000291466,7.72E-11,0,7.81E-06,1.02E-07,9.43E-05,3.77E-07,3.77E-07,2.47E-05,1.75E-06,2.32E-06,0.007985526,2.07E-10,4.13E-06,2.41E-12,3.44E-06,0.000145801,0.035577232,0.000127697,0.018170705,0.227472754,3.70E-08,1.15E-11,0.00431817,0.005588883,2.34E-05,0.004193917,0.000178314,0.000183322,0.001717418,1.16E-07,0.004398376,0.003243291
842,28.03333333,28.05,0.002235876,0.00145878,0.016613247,0.000280021,7.30E-11,0,7.50E-06,9.64E-08,9.15E-05,3.62E-07,3.62E-07,2.36E-05,1.63E-06,2.25E-06,0.007697526,1.96E-10,3.98E-06,2.26E-12,3.30E-06,0.000138954,0.034430006,0.000122482,0.017260979,0.219698875,3.56E-08,1.08E-11,0.00416357,0.005401744,2.24E-05,0.004068624,0.000172267,0.000176648,0.001664168,1.11E-07,0.004243274,0.003146551
843,28.06666667,28.08333333,0.00216963,0.00141773,0.016014433,0.000269025,6.90E-11,0,7.20E-06,9.13E-08,8.87E-05,3.48E-07,3.48E-07,2.25E-05,1.51E-06,2.18E-06,0.007419835,1.86E-10,3.83E-06,2.12E-12,3.16E-06,0.000132428,0.033318495,0.00011748,0.016396038,0.212117722,3.42E-08,1.00E-11,0.004014482,0.005220839,2.15E-05,0.003947059,0.000166424,0.000170217,0.001612567,1.06E-07,0.004093619,0.003052687
844,28.1,28.11666667,0.002105343,0.001377833,0.015436865,0.000258461,6.53E-11,0,6.91E-06,8.64E-08,8.59E-05,3.35E-07,3.35E-07,2.14E-05,1.41E-06,2.12E-06,0.00715209,1.76E-10,3.69E-06,1.98E-12,3.02E-06,0.000126208,0.032241669,0.000112682,0.015573752,0.204729534,3.28E-08,9.35E-12,0.003870713,0.005045962,2.06E-05,0.003829113,0.00016078,0.000164021,0.001562562,1.02E-07,0.003949221,0.002961615
845,28.13333333,28.15,0.002042957,0.001339058,0.014879812,0.000248312,6.17E-11,0,6.64E-06,8.18E-08,8.33E-05,3.22E-07,3.22E-07,2.04E-05,1.31E-06,2.05E-06,0.006893939,1.66E-10,3.56E-06,1.86E-12,2.90E-06,0.000120281,0.031198522,0.00010808,0.014792085,0.197534163,3.16E-08,8.72E-12,0.003732072,0.004876913,1.98E-05,0.003714677,0.000155327,0.00015805,0.001514107,9.78E-08,0.003809897,0.002873253
846,28.16666667,28.18333333,0.001982416,0.001301373,0.014342568,0.000238561,5.84E-11,0,6.37E-06,7.75E-08,8.08E-05,3.09E-07,3.09E-07,1.95E-05,1.22E-06,1.99E-06,0.006645044,1.57E-10,3.43E-06,1.75E-12,2.77E-06,0.000114631,0.030188073,0.000103666,0.014049091,0.190531092,3.03E-08,8.13E-12,0.00359838,0.004713501,1.90E-05,0.00360365,0.000150059,0.000152296,0.001467151,9.37E-08,0.00367547,0.002787519
847,28.2,28.21666667,0.001923665,0.001264747,0.013824449,0.000229193,5.52E-11,0,6.12E-06,7.34E-08,7.83E-05,2.98E-07,2.98E-07,1.86E-05,1.13E-06,1.93E-06,0.006405077,1.49E-10,3.31E-06,1.64E-12,2.66E-06,0.000109248,0.029209363,9.94E-05,0.013342911,0.183719456,2.91E-08,7.58E-12,0.00346946,0.00455554,1.82E-05,0.003495929,0.000144969,0.000146752,0.00142165,8.99E-08,0.003545769,0.002704336
848,28.23333333,28.25,0.001866652,0.00122915,0.013324794,0.000220192,5.22E-11,0,5.87E-06,6.95E-08,7.59E-05,2.86E-07,2.86E-07,1.77E-05,1.05E-06,1.87E-06,0.006173722,1.41E-10,3.19E-06,1.53E-12,2.55E-06,0.000104117,0.028261458,9.54E-05,0.012671772,0.177098063,2.80E-08,7.07E-12,0.003345144,0.004402848,1.74E-05,0.003391417,0.000140052,0.000141409,0.001377558,8.62E-08,0.003420629,0.00262363
849,28.26666667,28.28333333,0.001811326,0.001194555,0.012842962,0.000211545,4.94E-11,0,5.64E-06,6.58E-08,7.36E-05,2.75E-07,2.75E-07,1.69E-05,9.77E-07,1.81E-06,0.005950673,1.33E-10,3.07E-06,1.44E-12,2.44E-06,9.92E-05,0.027343448,9.15E-05,0.012033978,0.170665416,2.69E-08,6.60E-12,0.003225267,0.004255253,1.67E-05,0.00329002,0.000135302,0.000136261,0.001334832,8.26E-08,0.003299892,0.002545325
850,28.3,28.31666667,0.001757637,0.001160931,0.012378336,0.000203238,4.67E-11,0,5.41E-06,6.23E-08,7.13E-05,2.64E-07,2.64E-07,1.61E-05,9.08E-07,1.76E-06,0.005735636,1.26E-10,2.96E-06,1.35E-12,2.34E-06,9.46E-05,0.026454446,8.77E-05,0.011427914,0.164419735,2.58E-08,6.15E-12,0.003109673,0.004112585,1.60E-05,0.003191644,0.000130713,0.0001313,0.001293429,7.92E-08,0.003183402,0.002469352
851,28.33333333,28.35,0.001705537,0.001128253,0.011930315,0.000195257,4.41E-11,0,5.19E-06,5.90E-08,6.91E-05,2.54E-07,2.54E-07,1.54E-05,8.44E-07,1.71E-06,0.005528327,1.20E-10,2.85E-06,1.27E-12,2.24E-06,9.01E-05,0.025593587,8.42E-05,0.010852038,0.158358977,2.48E-08,5.74E-12,0.00299821,0.003974681,1.54E-05,0.003096201,0.00012628,0.00012652,0.001253308,7.60E-08,0.003071012,0.002395641
852,28.36666667,28.38333333,0.001654978,0.001096494,0.011498321,0.000187589,4.17E-11,0,4.99E-06,5.59E-08,6.70E-05,2.44E-07,2.44E-07,1.47E-05,7.85E-07,1.65E-06,0.005328471,1.13E-10,2.75E-06,1.19E-12,2.14E-06,8.59E-05,0.024760029,8.07E-05,0.010304879,0.152480858,2.39E-08,5.35E-12,0.00289073,0.003841384,1.47E-05,0.003003603,0.000121997,0.000121914,0.001214431,7.28E-08,0.002962578,0.002324125
853,28.4,28.41666667,0.001605916,0.001065628,0.011081794,0.000180222,3.95E-11,0,4.79E-06,5.29E-08,6.50E-05,2.35E-07,2.35E-07,1.40E-05,7.30E-07,1.60E-06,0.005135802,1.07E-10,2.65E-06,1.11E-12,2.05E-06,8.19E-05,0.023952952,7.74E-05,0.009785035,0.146782877,2.29E-08,4.99E-12,0.002787092,0.00371254,1.41E-05,0.002913766,0.000117859,0.000117476,0.001176758,6.98E-08,0.002857962,0.00225474
854,28.43333333,28.45,0.001558306,0.00103563,0.010680193,0.000173144,3.73E-11,0,4.60E-06,5.01E-08,6.30E-05,2.26E-07,2.26E-07,1.34E-05,6.79E-07,1.55E-06,0.004950065,1.01E-10,2.56E-06,1.04E-12,1.97E-06,7.80E-05,0.023171558,7.43E-05,0.009291169,0.141262331,2.20E-08,4.65E-12,0.00268716,0.003588003,1.35E-05,0.002826609,0.000113862,0.000113199,0.001140253,6.69E-08,0.002757029,0.002187421
855,28.46666667,28.48333333,0.001512105,0.001006476,0.010292994,0.000166345,3.53E-11,0,4.41E-06,4.74E-08,6.11E-05,2.17E-07,2.17E-07,1.27E-05,6.31E-07,1.51E-06,0.004771013,9.60E-11,2.46E-06,9.79E-13,1.88E-06,7.43E-05,0.022415068,7.12E-05,0.008822007,0.135916339,2.12E-08,4.34E-12,0.002590802,0.003467628,1.30E-05,0.002742052,0.00011,0.000109078,0.001104878,6.42E-08,0.002659652,0.002122108
856,28.5,28.51666667,0.001467272,0.000978141,0.009919692,0.000159812,3.34E-11,0,4.24E-06,4.49E-08,5.92E-05,2.09E-07,2.09E-07,1.21E-05,5.87E-07,1.46E-06,0.004598408,9.09E-11,2.37E-06,9.17E-13,1.80E-06,7.09E-05,0.021682728,6.83E-05,0.008376336,0.130741861,2.03E-08,4.04E-12,0.00249789,0.003351278,1.25E-05,0.002660017,0.000106269,0.000105107,0.0010706,6.15E-08,0.002565705,0.002058741
857,28.53333333,28.55,0.001423767,0.000950603,0.009559798,0.000153536,3.16E-11,0,4.07E-06,4.25E-08,5.74E-05,2.01E-07,2.01E-07,1.16E-05,5.46E-07,1.42E-06,0.00443202,8.61E-11,2.29E-06,8.60E-13,1.73E-06,6.75E-05,0.020973801,6.55E-05,0.007952998,0.125735715,1.95E-08,3.77E-12,0.002408302,0.00323882,1.19E-05,0.002580431,0.000102664,0.00010128,0.001037385,5.90E-08,0.002475069,0.001997263
858,28.56666667,28.58333333,0.001381549,0.00092384,0.009212839,0.000147506,2.99E-11,0,3.90E-06,4.03E-08,5.56E-05,1.93E-07,1.93E-07,1.10E-05,5.07E-07,1.37E-06,0.004271626,8.15E-11,2.21E-06,8.07E-13,1.66E-06,6.44E-05,0.020287572,6.29E-05,0.007550892,0.120894596,1.88E-08,3.52E-12,0.00232192,0.003130123,1.15E-05,0.002503219,9.92E-05,9.76E-05,0.001005199,5.66E-08,0.002387627,0.001937616
859,28.6,28.61666667,0.001340582,0.00089783,0.008878361,0.000141713,2.82E-11,0,3.75E-06,3.81E-08,5.39E-05,1.85E-07,1.85E-07,1.05E-05,4.72E-07,1.33E-06,0.004117013,7.71E-11,2.13E-06,7.57E-13,1.59E-06,6.13E-05,0.019623346,6.03E-05,0.007168971,0.116215095,1.80E-08,3.28E-12,0.00223863,0.003025064,1.10E-05,0.002428313,9.58E-05,9.40E-05,0.00097401,5.42E-08,0.002303266,0.001879748
860,28.63333333,28.65,0.001300828,0.000872552,0.00855592,0.000136148,2.67E-11,0,3.60E-06,3.61E-08,5.23E-05,1.78E-07,1.78E-07,1.00E-05,4.39E-07,1.29E-06,0.003967974,7.30E-11,2.05E-06,7.09E-13,1.52E-06,5.85E-05,0.018980445,5.78E-05,0.006806234,0.111693711,1.73E-08,3.06E-12,0.00215832,0.00292352,1.05E-05,0.002355642,9.26E-05,9.06E-05,0.000943788,5.20E-08,0.00222188,0.001823605
861,28.66666667,28.68333333,0.001262251,0.000847984,0.008245093,0.000130801,2.52E-11,0,3.45E-06,3.42E-08,5.07E-05,1.71E-07,1.71E-07,9.59E-06,4.08E-07,1.25E-06,0.003824309,6.91E-11,1.98E-06,6.65E-13,1.45E-06,5.57E-05,0.018358213,5.55E-05,0.006461732,0.10732687,1.67E-08,2.85E-12,0.002080886,0.002825375,1.01E-05,0.002285141,8.94E-05,8.73E-05,0.000914503,4.99E-08,0.002143364,0.001769135
862,28.7,28.71666667,0.001224817,0.000824108,0.007945467,0.000125664,2.39E-11,0,3.32E-06,3.24E-08,4.91E-05,1.65E-07,1.65E-07,9.14E-06,3.79E-07,1.21E-06,0.003685827,6.54E-11,1.90E-06,6.24E-13,1.39E-06,5.31E-05,0.01775601,5.32E-05,0.006134559,0.103110941,1.60E-08,2.66E-12,0.002006224,0.002730516,9.68E-06,0.002216746,8.64E-05,8.41E-05,0.000886126,4.78E-08,0.002067616,0.00171629
863,28.73333333,28.75,0.001188492,0.000800903,0.007656645,0.000120729,2.26E-11,0,3.18E-06,3.06E-08,4.76E-05,1.58E-07,1.58E-07,8.72E-06,3.52E-07,1.18E-06,0.003552342,6.19E-11,1.83E-06,5.85E-13,1.33E-06,5.06E-05,0.017173215,5.10E-05,0.005823854,0.099042245,1.54E-08,2.48E-12,0.001934236,0.002638833,9.28E-06,0.002150393,8.35E-05,8.11E-05,0.000858629,4.58E-08,0.00199454,0.001665021
864,28.76666667,28.78333333,0.001153243,0.000778351,0.007378244,0.000115987,2.14E-11,0,3.06E-06,2.90E-08,4.62E-05,1.52E-07,1.52E-07,8.32E-06,3.28E-07,1.14E-06,0.003423674,5.86E-11,1.77E-06,5.49E-13,1.28E-06,4.82E-05,0.016609226,4.89E-05,0.005528799,0.09511707,1.48E-08,2.31E-12,0.001864826,0.002550221,8.90E-06,0.002086023,8.06E-05,7.81E-05,0.000831984,4.39E-08,0.001924042,0.001615281
865,28.8,28.81666667,0.001119038,0.000756434,0.007109894,0.000111432,2.02E-11,0,2.93E-06,2.75E-08,4.48E-05,1.46E-07,1.46E-07,7.93E-06,3.05E-07,1.11E-06,0.003299651,5.55E-11,1.70E-06,5.14E-13,1.22E-06,4.60E-05,0.016063456,4.69E-05,0.005248613,0.091331686,1.42E-08,2.16E-12,0.001797903,0.002464577,8.53E-06,0.002023575,7.79E-05,7.53E-05,0.000806166,4.21E-08,0.001856031,0.001567024
866,28.83333333,28.85,0.001085847,0.000735134,0.006851236,0.000107056,1.91E-11,0,2.82E-06,2.60E-08,4.34E-05,1.41E-07,1.41E-07,7.56E-06,2.83E-07,1.07E-06,0.003180107,5.25E-11,1.64E-06,4.83E-13,1.17E-06,4.38E-05,0.015535336,4.50E-05,0.004982555,0.087682351,1.36E-08,2.01E-12,0.001733377,0.002381802,8.18E-06,0.001962993,7.53E-05,7.25E-05,0.000781148,4.04E-08,0.001790419,0.001520207
867,28.86666667,28.88333333,0.001053639,0.000714433,0.006601925,0.000102851,1.81E-11,0,2.70E-06,2.46E-08,4.21E-05,1.35E-07,1.35E-07,7.22E-06,2.63E-07,1.04E-06,0.00306488,4.97E-11,1.58E-06,4.52E-13,1.12E-06,4.17E-05,0.015024315,4.32E-05,0.00472992,0.084165327,1.31E-08,1.88E-12,0.001671163,0.002301801,7.84E-06,0.001904221,7.27E-05,6.99E-05,0.000756906,3.87E-08,0.001727123,0.001474786
868,28.9,28.91666667,0.001022385,0.000694314,0.006361629,9.88E-05,1.71E-11,0,2.60E-06,2.33E-08,4.08E-05,1.30E-07,1.30E-07,6.88E-06,2.45E-07,1.01E-06,0.002953816,4.71E-11,1.53E-06,4.24E-13,1.08E-06,3.98E-05,0.014529855,4.14E-05,0.004490037,0.080776883,1.26E-08,1.75E-12,0.001611178,0.002224481,7.52E-06,0.001847206,7.02E-05,6.74E-05,0.000733415,3.71E-08,0.001666061,0.001430721
869,28.93333333,28.95,0.000992057,0.000674762,0.006130025,9.49E-05,1.61E-11,0,2.49E-06,2.21E-08,3.95E-05,1.25E-07,1.25E-07,6.56E-06,2.28E-07,9.78E-07,0.002846765,4.45E-11,1.47E-06,3.98E-13,1.03E-06,3.79E-05,0.014051435,3.97E-05,0.004262267,0.07751331,1.21E-08,1.63E-12,0.001553343,0.002149753,7.21E-06,0.001791894,6.79E-05,6.49E-05,0.000710654,3.56E-08,0.001607154,0.00138797
870,28.96666667,28.98333333,0.000962629,0.000655759,0.005906803,9.12E-05,1.53E-11,0,2.39E-06,2.09E-08,3.83E-05,1.20E-07,1.20E-07,6.26E-06,2.12E-07,9.48E-07,0.002743583,4.22E-11,1.42E-06,3.73E-13,9.88E-07,3.61E-05,0.013588551,3.81E-05,0.004046005,0.074370925,1.16E-08,1.52E-12,0.001497581,0.00207753,6.92E-06,0.001738236,6.56E-05,6.25E-05,0.000688598,3.41E-08,0.001550327,0.001346496
871,29,29.01666667,0.000934072,0.000637292,0.005691662,8.76E-05,1.44E-11,0,2.30E-06,1.98E-08,3.71E-05,1.15E-07,1.15E-07,5.97E-06,1.97E-07,9.20E-07,0.002644131,3.99E-11,1.37E-06,3.50E-13,9.46E-07,3.44E-05,0.013140713,3.66E-05,0.003840673,0.071346079,1.12E-08,1.42E-12,0.001443818,0.002007728,6.63E-06,0.001686182,6.33E-05,6.03E-05,0.000667226,3.27E-08,0.001495506,0.001306258
872,29.03333333,29.05,0.000906362,0.000619344,0.005484315,8.42E-05,1.37E-11,0,2.20E-06,1.87E-08,3.60E-05,1.11E-07,1.11E-07,5.69E-06,1.83E-07,8.92E-07,0.002548275,3.78E-11,1.32E-06,3.28E-13,9.06E-07,3.28E-05,0.012707444,3.51E-05,0.003645724,0.068435166,1.07E-08,1.32E-12,0.001391982,0.001940267,6.36E-06,0.001635685,6.12E-05,5.81E-05,0.000646517,3.14E-08,0.001442621,0.001267222
873,29.06666667,29.08333333,0.000879473,0.000601902,0.005284481,8.09E-05,1.29E-11,0,2.12E-06,1.78E-08,3.49E-05,1.07E-07,1.07E-07,5.43E-06,1.70E-07,8.64E-07,0.002455886,3.58E-11,1.27E-06,3.08E-13,8.68E-07,3.13E-05,0.012288282,3.36E-05,0.003460636,0.065634623,1.03E-08,1.23E-12,0.001342005,0.001875069,6.10E-06,0.001586697,5.91E-05,5.60E-05,0.00062645,3.01E-08,0.001391604,0.001229351
874,29.1,29.11666667,0.000853381,0.00058495,0.005091891,7.77E-05,1.22E-11,0,2.03E-06,1.68E-08,3.38E-05,1.03E-07,1.03E-07,5.18E-06,1.58E-07,8.38E-07,0.002366838,3.39E-11,1.22E-06,2.88E-13,8.31E-07,2.98E-05,0.01188278,3.23E-05,0.003284913,0.062940943,9.91E-09,1.15E-12,0.001293819,0.001812057,5.85E-06,0.001539174,5.71E-05,5.39E-05,0.000607006,2.88E-08,0.001342388,0.00119261
875,29.13333333,29.15,0.000828063,0.000568476,0.004906285,7.46E-05,1.15E-11,0,1.95E-06,1.59E-08,3.28E-05,9.86E-08,9.86E-08,4.94E-06,1.47E-07,8.13E-07,0.002281011,3.21E-11,1.18E-06,2.70E-13,7.96E-07,2.84E-05,0.011490504,3.09E-05,0.003118085,0.060350672,9.52E-09,1.07E-12,0.001247362,0.00175116,5.60E-06,0.001493072,5.52E-05,5.20E-05,0.000588165,2.76E-08,0.00129491,0.001156966
876,29.16666667,29.18333333,0.000803495,0.000552465,0.004727413,7.17E-05,1.09E-11,0,1.87E-06,1.51E-08,3.18E-05,9.48E-08,9.48E-08,4.71E-06,1.37E-07,7.88E-07,0.00219829,3.03E-11,1.14E-06,2.54E-13,7.63E-07,2.71E-05,0.011111032,2.97E-05,0.002959705,0.057860419,9.15E-09,1.00E-12,0.001202571,0.001692305,5.37E-06,0.001448349,5.33E-05,5.01E-05,0.000569908,2.65E-08,0.00124911,0.001122386
877,29.2,29.21666667,0.000779655,0.000536905,0.004555032,6.89E-05,1.03E-11,0,1.80E-06,1.43E-08,3.08E-05,9.11E-08,9.11E-08,4.49E-06,1.27E-07,7.64E-07,0.002118562,2.87E-11,1.10E-06,2.38E-13,7.31E-07,2.58E-05,0.010743956,2.85E-05,0.002809347,0.055466855,8.79E-09,9.33E-13,0.001159386,0.001635425,5.15E-06,0.001404964,5.15E-05,4.82E-05,0.000552218,2.54E-08,0.001204927,0.001088839
878,29.23333333,29.25,0.000756523,0.000521783,0.004388909,6.62E-05,9.77E-12,0,1.73E-06,1.35E-08,2.99E-05,8.76E-08,8.76E-08,4.29E-06,1.18E-07,7.41E-07,0.002041721,2.72E-11,1.06E-06,2.23E-13,7.00E-07,2.46E-05,0.010388879,2.73E-05,0.002666606,0.053166721,8.44E-09,8.70E-13,0.001117751,0.001580454,4.94E-06,0.001362877,4.97E-05,4.65E-05,0.000535077,2.44E-08,0.001162306,0.001056293
879,29.26666667,29.28333333,0.000734076,0.000507087,0.004228819,6.36E-05,9.24E-12,0,1.66E-06,1.28E-08,2.90E-05,8.42E-08,8.42E-08,4.09E-06,1.10E-07,7.18E-07,0.00196766,2.57E-11,1.02E-06,2.09E-13,6.70E-07,2.34E-05,0.010045418,2.62E-05,0.0025311,0.050956824,8.11E-09,8.11E-13,0.001077609,0.001527328,4.74E-06,0.001322049,4.81E-05,4.48E-05,0.000518467,2.34E-08,0.00112119,0.001024719
880,29.3,29.31666667,0.000712294,0.000492804,0.004074544,6.11E-05,8.73E-12,0,1.59E-06,1.21E-08,2.81E-05,8.09E-08,8.09E-08,3.90E-06,1.02E-07,6.96E-07,0.001896281,2.44E-11,9.81E-07,1.96E-13,6.42E-07,2.23E-05,0.009713201,2.51E-05,0.002402463,0.048834046,7.80E-09,7.56E-13,0.001038907,0.001475985,4.54E-06,0.001282442,4.64E-05,4.32E-05,0.000502373,2.24E-08,0.001081528,0.000994088
881,29.33333333,29.35,0.000691159,0.000478924,0.003925876,5.87E-05,8.26E-12,0,1.53E-06,1.15E-08,2.72E-05,7.78E-08,7.78E-08,3.72E-06,9.51E-08,6.75E-07,0.001827487,2.31E-11,9.45E-07,1.84E-13,6.15E-07,2.13E-05,0.009391867,2.41E-05,0.002280349,0.046795338,7.49E-09,7.05E-13,0.001001594,0.001426365,4.36E-06,0.001244021,4.48E-05,4.16E-05,0.000486778,2.15E-08,0.001043267,0.000964372
882,29.36666667,29.38333333,0.00067065,0.000465434,0.003782611,5.64E-05,7.81E-12,0,1.47E-06,1.09E-08,2.64E-05,7.48E-08,7.48E-08,3.55E-06,8.84E-08,6.55E-07,0.001761184,2.18E-11,9.11E-07,1.73E-13,5.89E-07,2.03E-05,0.009081065,2.31E-05,0.002164429,0.044837729,7.20E-09,6.58E-13,0.000965619,0.001378412,4.18E-06,0.001206749,4.33E-05,4.01E-05,0.000471667,2.06E-08,0.001006358,0.000935543
883,29.4,29.41666667,0.000650749,0.000452324,0.003644556,5.42E-05,7.39E-12,0,1.41E-06,1.03E-08,2.56E-05,7.19E-08,7.19E-08,3.38E-06,8.22E-08,6.35E-07,0.001697282,2.07E-11,8.78E-07,1.62E-13,5.64E-07,1.93E-05,0.008780458,2.22E-05,0.002054388,0.042958323,6.92E-09,6.13E-13,0.000930936,0.001332068,4.00E-06,0.001170592,4.19E-05,3.86E-05,0.000457025,1.97E-08,0.000970754,0.000907575
884,29.43333333,29.45,0.000631439,0.000439583,0.003511521,5.20E-05,6.98E-12,0,1.35E-06,9.74E-09,2.48E-05,6.91E-08,6.91E-08,3.23E-06,7.64E-08,6.15E-07,0.001635695,1.96E-11,8.46E-07,1.52E-13,5.41E-07,1.84E-05,0.008489716,2.13E-05,0.001949932,0.0411543,6.64E-09,5.72E-13,0.000897497,0.00128728,3.84E-06,0.001135518,4.04E-05,3.72E-05,0.000442837,1.89E-08,0.000936408,0.000880442
885,29.46666667,29.48333333,0.000612701,0.000427201,0.003383326,5.00E-05,6.60E-12,0,1.30E-06,9.22E-09,2.40E-05,6.65E-08,6.65E-08,3.08E-06,7.11E-08,5.97E-07,0.00157634,1.85E-11,8.16E-07,1.42E-13,5.18E-07,1.76E-05,0.008208521,2.04E-05,0.001850777,0.039422915,6.38E-09,5.33E-13,0.000865258,0.001243997,3.68E-06,0.001101493,3.91E-05,3.59E-05,0.00042909,1.81E-08,0.000903276,0.00085412
886,29.5,29.51666667,0.000594519,0.000415168,0.003259795,4.80E-05,6.25E-12,0,1.25E-06,8.73E-09,2.33E-05,6.39E-08,6.39E-08,2.94E-06,6.61E-08,5.79E-07,0.001519135,1.75E-11,7.86E-07,1.33E-13,4.96E-07,1.67E-05,0.007936566,1.96E-05,0.001756655,0.037761502,6.13E-09,4.97E-13,0.000834176,0.001202167,3.53E-06,0.001068487,3.77E-05,3.45E-05,0.000415769,1.74E-08,0.000871315,0.000828584
887,29.53333333,29.55,0.000576876,0.000403473,0.003140761,4.62E-05,5.91E-12,0,1.20E-06,8.27E-09,2.26E-05,6.14E-08,6.14E-08,2.80E-06,6.14E-08,5.61E-07,0.001464003,1.66E-11,7.58E-07,1.25E-13,4.75E-07,1.59E-05,0.007673551,1.88E-05,0.001667311,0.03616747,5.89E-09,4.64E-13,0.00080421,0.001161742,3.38E-06,0.001036469,3.65E-05,3.33E-05,0.000402861,1.67E-08,0.000840485,0.000803811
888,29.56666667,29.58333333,0.000559757,0.000392108,0.00302606,4.43E-05,5.59E-12,0,1.15E-06,7.83E-09,2.19E-05,5.90E-08,5.90E-08,2.67E-06,5.71E-08,5.44E-07,0.001410868,1.57E-11,7.30E-07,1.17E-13,4.55E-07,1.52E-05,0.007419187,1.80E-05,0.001582505,0.034638306,5.66E-09,4.32E-13,0.00077532,0.001122674,3.25E-06,0.001005409,3.52E-05,3.21E-05,0.000390355,1.60E-08,0.000810744,0.000779779
889,29.6,29.61666667,0.000543145,0.000381063,0.002915535,4.26E-05,5.28E-12,0,1.10E-06,7.41E-09,2.12E-05,5.68E-08,5.68E-08,2.55E-06,5.31E-08,5.27E-07,0.00135966,1.49E-11,7.04E-07,1.10E-13,4.36E-07,1.45E-05,0.007173194,1.73E-05,0.001502005,0.033171569,5.44E-09,4.03E-13,0.000747466,0.00108492,3.11E-06,0.00097528,3.40E-05,3.09E-05,0.000378236,1.53E-08,0.000782055,0.000756464
890,29.63333333,29.65,0.000527026,0.000370328,0.002809037,4.09E-05,4.99E-12,0,1.06E-06,7.02E-09,2.06E-05,5.46E-08,5.46E-08,2.43E-06,4.94E-08,5.11E-07,0.001310308,1.41E-11,6.79E-07,1.03E-13,4.18E-07,1.38E-05,0.0069353,1.66E-05,0.001425595,0.031764896,5.23E-09,3.76E-13,0.000720613,0.001048433,2.98E-06,0.000946052,3.29E-05,2.98E-05,0.000366493,1.47E-08,0.00075438,0.000733845
891,29.66666667,29.68333333,0.000511385,0.000359896,0.002706417,3.93E-05,4.72E-12,0,1.02E-06,6.65E-09,2.00E-05,5.25E-08,5.25E-08,2.32E-06,4.59E-08,4.96E-07,0.001262745,1.33E-11,6.54E-07,9.68E-14,4.00E-07,1.32E-05,0.006705243,1.59E-05,0.001353066,0.030415999,5.02E-09,3.51E-13,0.000694723,0.001013172,2.86E-06,0.000917699,3.18E-05,2.87E-05,0.000355115,1.41E-08,0.000727684,0.000711903
892,29.7,29.71666667,0.000496208,0.000349758,0.002607537,3.78E-05,4.47E-12,0,9.75E-07,6.29E-09,1.93E-05,5.04E-08,5.04E-08,2.21E-06,4.27E-08,4.81E-07,0.001216906,1.26E-11,6.30E-07,9.06E-14,3.83E-07,1.25E-05,0.006482767,1.52E-05,0.001284223,0.029122659,4.83E-09,3.27E-13,0.000669763,0.000979096,2.74E-06,0.000890195,3.07E-05,2.77E-05,0.000344089,1.35E-08,0.000701932,0.000690616
893,29.73333333,29.75,0.000481481,0.000339905,0.002512261,3.63E-05,4.22E-12,0,9.36E-07,5.96E-09,1.88E-05,4.85E-08,4.85E-08,2.11E-06,3.97E-08,4.66E-07,0.00117273,1.19E-11,6.08E-07,8.50E-14,3.67E-07,1.19E-05,0.006267626,1.46E-05,0.001218878,0.027882733,4.64E-09,3.05E-13,0.0006457,0.000946165,2.63E-06,0.000863515,2.96E-05,2.66E-05,0.000333406,1.30E-08,0.000677091,0.000669965
894,29.76666667,29.78333333,0.000467191,0.00033033,0.002420457,3.49E-05,3.99E-12,0,8.99E-07,5.64E-09,1.82E-05,4.66E-08,4.66E-08,2.01E-06,3.69E-08,4.52E-07,0.001130155,1.13E-11,5.86E-07,7.97E-14,3.52E-07,1.14E-05,0.006059581,1.40E-05,0.001156854,0.026694146,4.46E-09,2.84E-13,0.0006225,0.000914341,2.52E-06,0.000837634,2.86E-05,2.57E-05,0.000323055,1.24E-08,0.000653128,0.000649932
895,29.8,29.81666667,0.000453325,0.000321024,0.002332,3.35E-05,3.78E-12,0,8.63E-07,5.34E-09,1.76E-05,4.48E-08,4.48E-08,1.92E-06,3.43E-08,4.38E-07,0.001089124,1.07E-11,5.64E-07,7.48E-14,3.37E-07,1.09E-05,0.005858402,1.34E-05,0.001097983,0.025554895,4.28E-09,2.65E-13,0.000600133,0.000883586,2.42E-06,0.000812528,2.77E-05,2.47E-05,0.000313025,1.19E-08,0.000630013,0.000630497
896,29.83333333,29.85,0.000439871,0.000311981,0.002246768,3.22E-05,3.57E-12,0,8.28E-07,5.06E-09,1.71E-05,4.31E-08,4.31E-08,1.83E-06,3.19E-08,4.25E-07,0.001049582,1.01E-11,5.44E-07,7.02E-14,3.23E-07,1.03E-05,0.005663863,1.29E-05,0.001042105,0.024463043,4.11E-09,2.47E-13,0.00057857,0.000853865,2.32E-06,0.000788174,2.67E-05,2.38E-05,0.000303306,1.14E-08,0.000607716,0.000611643
897,29.86666667,29.88333333,0.000426815,0.000303192,0.002164645,3.09E-05,3.38E-12,0,7.95E-07,4.79E-09,1.66E-05,4.14E-08,4.14E-08,1.74E-06,2.97E-08,4.12E-07,0.001011473,9.58E-12,5.24E-07,6.57E-14,3.09E-07,9.86E-06,0.005475749,1.24E-05,0.000989067,0.023416719,3.95E-09,2.30E-13,0.000557781,0.000825142,2.22E-06,0.000764549,2.58E-05,2.30E-05,0.000293889,1.09E-08,0.000586207,0.000593352
898,29.9,29.91666667,0.000414147,0.00029465,0.002085518,2.97E-05,3.19E-12,0,7.63E-07,4.53E-09,1.61E-05,3.98E-08,3.98E-08,1.66E-06,2.76E-08,3.99E-07,0.000974747,9.07E-12,5.05E-07,6.17E-14,2.96E-07,9.39E-06,0.005293849,1.19E-05,0.000938727,0.022414121,3.80E-09,2.15E-13,0.000537738,0.000797385,2.13E-06,0.000741632,2.49E-05,2.21E-05,0.000284764,1.05E-08,0.000565459,0.000575608
899,29.93333333,29.95,0.000401855,0.00028635,0.002009277,2.85E-05,3.02E-12,0,7.33E-07,4.29E-09,1.56E-05,3.83E-08,3.83E-08,1.59E-06,2.56E-08,3.87E-07,0.000939353,8.59E-12,4.87E-07,5.77E-14,2.83E-07,8.95E-06,0.005117961,1.14E-05,0.000890946,0.021453506,3.65E-09,2.01E-13,0.000518416,0.000770561,2.04E-06,0.000719401,2.41E-05,2.13E-05,0.000275922,1.01E-08,0.000545445,0.000558394
900,29.96666667,29.98333333,0.000389927,0.000278283,0.001935817,2.74E-05,2.86E-12,0,7.03E-07,4.07E-09,1.51E-05,3.68E-08,3.68E-08,1.51E-06,2.38E-08,3.75E-07,0.000905243,8.13E-12,4.69E-07,5.42E-14,2.72E-07,8.53E-06,0.004947888,1.09E-05,0.000845595,0.020533196,3.51E-09,1.87E-13,0.000499787,0.000744639,1.96E-06,0.000697836,2.33E-05,2.06E-05,0.000267355,9.65E-09,0.000526138,0.000541695
901,30,30.01666667,0.000378353,0.000270443,0.001865039,2.63E-05,2.70E-12,0,6.75E-07,3.85E-09,1.46E-05,3.54E-08,3.54E-08,1.44E-06,2.22E-08,3.64E-07,0.000872371,7.70E-12,4.52E-07,5.08E-14,2.60E-07,8.13E-06,0.004783439,1.05E-05,0.000802551,0.019651573,3.37E-09,1.74E-13,0.000481827,0.000719588,1.88E-06,0.000676917,2.25E-05,1.98E-05,0.000259054,9.25E-09,0.000507515,0.000525495
902,30.03333333,30.05,0.000367123,0.000262824,0.001796843,2.53E-05,2.55E-12,0,6.48E-07,3.65E-09,1.42E-05,3.40E-08,3.40E-08,1.38E-06,2.06E-08,3.53E-07,0.000840691,7.28E-12,4.36E-07,4.77E-14,2.49E-07,7.75E-06,0.004624431,1.00E-05,0.000761696,0.018807076,3.24E-09,1.63E-13,0.000464513,0.000695379,1.80E-06,0.000656625,2.17E-05,1.91E-05,0.00025101,8.87E-09,0.000489551,0.000509779
903,30.06666667,30.08333333,0.000356226,0.000255419,0.001731137,2.43E-05,2.42E-12,0,6.22E-07,3.45E-09,1.37E-05,3.27E-08,3.27E-08,1.31E-06,1.92E-08,3.42E-07,0.000810161,6.90E-12,4.20E-07,4.46E-14,2.39E-07,7.39E-06,0.004470684,9.62E-06,0.00072292,0.017998204,3.11E-09,1.52E-13,0.00044782,0.000671984,1.73E-06,0.000636941,2.10E-05,1.84E-05,0.000243217,8.51E-09,0.000472222,0.000494533
904,30.1,30.11666667,0.000345652,0.000248223,0.00166783,2.34E-05,2.28E-12,0,5.97E-07,3.27E-09,1.33E-05,3.14E-08,3.14E-08,1.25E-06,1.78E-08,3.32E-07,0.000780739,6.53E-12,4.05E-07,4.20E-14,2.29E-07,7.04E-06,0.004322027,9.23E-06,0.000686116,0.017223511,2.99E-09,1.41E-13,0.000431727,0.000649376,1.66E-06,0.000617847,2.03E-05,1.77E-05,0.000235665,8.15E-09,0.000455507,0.000479743
905,30.13333333,30.15,0.000335392,0.00024123,0.001606834,2.24E-05,2.16E-12,0,5.74E-07,3.09E-09,1.29E-05,3.02E-08,3.02E-08,1.19E-06,1.66E-08,3.22E-07,0.000752384,6.18E-12,3.90E-07,3.93E-14,2.19E-07,6.71E-06,0.004178292,8.85E-06,0.000651185,0.016481602,2.87E-09,1.32E-13,0.000416212,0.000627528,1.59E-06,0.000599324,1.96E-05,1.71E-05,0.000228347,7.82E-09,0.000439383,0.000465394
906,30.16666667,30.18333333,0.000325437,0.000234434,0.001548065,2.16E-05,2.04E-12,0,5.51E-07,2.93E-09,1.25E-05,2.90E-08,2.90E-08,1.14E-06,1.54E-08,3.12E-07,0.000725059,5.85E-12,3.76E-07,3.69E-14,2.10E-07,6.39E-06,0.004039318,8.49E-06,0.000618031,0.015771139,2.76E-09,1.23E-13,0.000401254,0.000606414,1.52E-06,0.000581357,1.89E-05,1.65E-05,0.000221257,7.50E-09,0.000423829,0.000451475
907,30.2,30.21666667,0.000315777,0.000227829,0.001491442,2.07E-05,1.93E-12,0,5.29E-07,2.77E-09,1.21E-05,2.79E-08,2.79E-08,1.09E-06,1.43E-08,3.02E-07,0.000698725,5.54E-12,3.63E-07,3.46E-14,2.01E-07,6.09E-06,0.003904948,8.15E-06,0.000586564,0.015090831,2.65E-09,1.15E-13,0.000386834,0.000586011,1.46E-06,0.000563928,1.83E-05,1.59E-05,0.000214387,7.19E-09,0.000408826,0.000437972
908,30.23333333,30.25,0.000306403,0.00022141,0.001436888,1.99E-05,1.83E-12,0,5.08E-07,2.63E-09,1.18E-05,2.68E-08,2.68E-08,1.04E-06,1.33E-08,2.93E-07,0.000673347,5.24E-12,3.50E-07,3.24E-14,1.92E-07,5.81E-06,0.003775031,7.81E-06,0.000556698,0.014439439,2.55E-09,1.07E-13,0.000372932,0.000566293,1.40E-06,0.000547021,1.77E-05,1.53E-05,0.00020773,6.89E-09,0.000394353,0.000424873
909,30.26666667,30.28333333,0.000297308,0.000215172,0.001384326,1.91E-05,1.73E-12,0,4.87E-07,2.49E-09,1.14E-05,2.58E-08,2.58E-08,9.88E-07,1.24E-08,2.84E-07,0.00064889,4.96E-12,3.37E-07,3.04E-14,1.84E-07,5.53E-06,0.003649421,7.49E-06,0.000528352,0.013815769,2.45E-09,9.97E-14,0.000359529,0.000547239,1.34E-06,0.00053062,1.71E-05,1.47E-05,0.000201279,6.61E-09,0.000380393,0.000412165
910,30.3,30.31666667,0.000288482,0.00020911,0.001333685,1.84E-05,1.63E-12,0,4.68E-07,2.36E-09,1.11E-05,2.48E-08,2.48E-08,9.42E-07,1.15E-08,2.76E-07,0.000625321,4.70E-12,3.25E-07,2.84E-14,1.77E-07,5.27E-06,0.003527975,7.19E-06,0.000501449,0.013218676,2.35E-09,9.30E-14,0.000346608,0.000528825,1.29E-06,0.000514712,1.65E-05,1.42E-05,0.000195029,6.33E-09,0.000366927,0.000399837
911,30.33333333,30.35,0.000279919,0.000203219,0.001284893,1.76E-05,1.55E-12,0,4.49E-07,2.23E-09,1.07E-05,2.38E-08,2.38E-08,8.99E-07,1.07E-08,2.67E-07,0.000602607,4.45E-12,3.13E-07,2.66E-14,1.69E-07,5.03E-06,0.003410557,6.89E-06,0.000475914,0.012647057,2.26E-09,8.68E-14,0.000334151,0.000511031,1.23E-06,0.000499279,1.59E-05,1.37E-05,0.000188973,6.07E-09,0.000353937,0.000387878
912,30.36666667,30.38333333,0.00027161,0.000197493,0.001237885,1.69E-05,1.46E-12,0,4.31E-07,2.11E-09,1.04E-05,2.29E-08,2.29E-08,8.57E-07,9.95E-09,2.59E-07,0.000580718,4.21E-12,3.02E-07,2.51E-14,1.62E-07,4.79E-06,0.003297034,6.61E-06,0.00045168,0.012099854,2.17E-09,8.08E-14,0.000322141,0.000493835,1.18E-06,0.00048431,1.54E-05,1.32E-05,0.000183105,5.82E-09,0.000341407,0.000376276
913,30.4,30.41666667,0.000263547,0.000191929,0.001192594,1.63E-05,1.38E-12,0,4.14E-07,2.00E-09,1.01E-05,2.20E-08,2.20E-08,8.18E-07,9.25E-09,2.51E-07,0.000559624,3.98E-12,2.91E-07,2.35E-14,1.55E-07,4.56E-06,0.003187277,6.34E-06,0.000428679,0.011576049,2.09E-09,7.55E-14,0.000310563,0.000477218,1.13E-06,0.000469789,1.49E-05,1.27E-05,0.00017742,5.58E-09,0.000329321,0.000365021
914,30.43333333,30.45,0.000255723,0.000186521,0.001148958,1.56E-05,1.31E-12,0,3.97E-07,1.89E-09,9.77E-06,2.12E-08,2.12E-08,7.80E-07,8.60E-09,2.44E-07,0.000539295,3.77E-12,2.80E-07,2.20E-14,1.49E-07,4.35E-06,0.003081163,6.08E-06,0.000406849,0.011074666,2.00E-09,7.04E-14,0.000299401,0.000461159,1.09E-06,0.000455703,1.44E-05,1.22E-05,0.00017191,5.35E-09,0.000317662,0.000354103
915,30.46666667,30.48333333,0.000248132,0.000181266,0.001106917,1.50E-05,1.24E-12,0,3.81E-07,1.79E-09,9.47E-06,2.04E-08,2.04E-08,7.44E-07,8.00E-09,2.36E-07,0.000519705,3.57E-12,2.70E-07,2.07E-14,1.42E-07,4.15E-06,0.002978572,5.84E-06,0.00038613,0.010594766,1.93E-09,6.55E-14,0.00028864,0.000445641,1.04E-06,0.000442039,1.39E-05,1.18E-05,0.000166572,5.13E-09,0.000306416,0.000343511
916,30.5,30.51666667,0.000240766,0.000176159,0.001066413,1.44E-05,1.17E-12,0,3.66E-07,1.70E-09,9.18E-06,1.96E-08,1.96E-08,7.09E-07,7.44E-09,2.29E-07,0.000500825,3.38E-12,2.60E-07,1.93E-14,1.36E-07,3.95E-06,0.002879386,5.60E-06,0.000366466,0.010135448,1.85E-09,6.11E-14,0.000278266,0.000430644,1.00E-06,0.000428785,1.34E-05,1.14E-05,0.0001614,4.92E-09,0.000295568,0.000333236
917,30.53333333,30.55,0.000233619,0.000171196,0.00102739,1.39E-05,1.11E-12,0,3.52E-07,1.61E-09,8.90E-06,1.88E-08,1.88E-08,6.77E-07,6.92E-09,2.22E-07,0.000482632,3.20E-12,2.51E-07,1.82E-14,1.31E-07,3.77E-06,0.002783494,5.37E-06,0.000347803,0.009695848,1.78E-09,5.71E-14,0.000268264,0.000416152,9.59E-07,0.000415928,1.29E-05,1.09E-05,0.000156388,4.72E-09,0.000285104,0.000323268
918,30.56666667,30.58333333,0.000226683,0.000166372,0.000989793,1.33E-05,1.04E-12,0,3.37E-07,1.52E-09,8.63E-06,1.81E-08,1.81E-08,6.45E-07,6.43E-09,2.15E-07,0.000465099,3.03E-12,2.42E-07,1.71E-14,1.25E-07,3.59E-06,0.002690787,5.15E-06,0.00033009,0.009275136,1.71E-09,5.31E-14,0.000258622,0.000402148,9.20E-07,0.000403457,1.25E-05,1.05E-05,0.000151532,4.52E-09,0.00027501,0.000313598
919,30.6,30.61666667,0.000219954,0.000161685,0.00095357,1.28E-05,9.88E-13,0,3.24E-07,1.44E-09,8.36E-06,1.74E-08,1.74E-08,6.15E-07,5.98E-09,2.09E-07,0.000448202,2.87E-12,2.33E-07,1.60E-14,1.20E-07,3.42E-06,0.002601159,4.94E-06,0.000313279,0.008872515,1.64E-09,4.95E-14,0.000249327,0.000388614,8.82E-07,0.000391359,1.21E-05,1.02E-05,0.000146826,4.34E-09,0.000265273,0.000304218
920,30.63333333,30.65,0.000213424,0.000157129,0.000918672,1.23E-05,9.35E-13,0,3.11E-07,1.36E-09,8.11E-06,1.67E-08,1.67E-08,5.87E-07,5.56E-09,2.02E-07,0.000431919,2.71E-12,2.25E-07,1.51E-14,1.15E-07,3.26E-06,0.00251451,4.74E-06,0.000297324,0.008487222,1.58E-09,4.62E-14,0.000240365,0.000375536,8.46E-07,0.000379624,1.17E-05,9.79E-06,0.000142267,4.16E-09,0.000255881,0.000295118
921,30.66666667,30.68333333,0.000207088,0.000152702,0.00088505,1.18E-05,8.84E-13,0,2.99E-07,1.29E-09,7.86E-06,1.61E-08,1.61E-08,5.60E-07,5.17E-09,1.96E-07,0.000416228,2.57E-12,2.17E-07,1.40E-14,1.10E-07,3.11E-06,0.002430739,4.54E-06,0.000282181,0.008118524,1.52E-09,4.31E-14,0.000231725,0.000362898,8.11E-07,0.00036824,1.13E-05,9.43E-06,0.000137849,3.99E-09,0.000246822,0.00028629
922,30.7,30.71666667,0.000200941,0.0001484,0.000852657,1.14E-05,8.36E-13,0,2.87E-07,1.22E-09,7.62E-06,1.54E-08,1.54E-08,5.34E-07,4.81E-09,1.90E-07,0.000401106,2.43E-12,2.09E-07,1.31E-14,1.05E-07,2.96E-06,0.002349753,4.36E-06,0.000267809,0.007765716,1.46E-09,4.02E-14,0.000223396,0.000350685,7.77E-07,0.000357198,1.09E-05,9.09E-06,0.000133568,3.82E-09,0.000238083,0.000277726
923,30.73333333,30.75,0.000194975,0.000144218,0.000821449,1.09E-05,7.90E-13,0,2.75E-07,1.16E-09,7.39E-06,1.48E-08,1.48E-08,5.09E-07,4.47E-09,1.85E-07,0.000386533,2.30E-12,2.01E-07,1.24E-14,1.01E-07,2.82E-06,0.00227146,4.18E-06,0.000254169,0.007428126,1.40E-09,3.75E-14,0.000215367,0.000338883,7.45E-07,0.000346487,1.05E-05,8.76E-06,0.00012942,3.66E-09,0.000229653,0.000269418
924,30.76666667,30.78333333,0.000189187,0.000140155,0.000791383,1.05E-05,7.47E-13,0,2.64E-07,1.10E-09,7.16E-06,1.43E-08,1.43E-08,4.86E-07,4.15E-09,1.79E-07,0.00037249,2.18E-12,1.94E-07,1.15E-14,9.67E-08,2.69E-06,0.002195769,4.01E-06,0.000241223,0.007105107,1.34E-09,3.49E-14,0.000207625,0.000327478,7.15E-07,0.000336097,1.02E-05,8.44E-06,0.000125401,3.51E-09,0.000221522,0.000261358
925,30.8,30.81666667,0.00018357,0.000136206,0.000762416,1.01E-05,7.07E-13,0,2.54E-07,1.04E-09,6.94E-06,1.37E-08,1.37E-08,4.63E-07,3.86E-09,1.73E-07,0.000358957,2.06E-12,1.87E-07,1.09E-14,9.26E-08,2.56E-06,0.002122595,3.85E-06,0.000228937,0.006796038,1.29E-09,3.26E-14,0.000200162,0.000316456,6.85E-07,0.000326018,9.82E-06,8.13E-06,0.000121507,3.37E-09,0.000213679,0.00025354
926,30.83333333,30.85,0.000178121,0.000132368,0.000734508,9.67E-06,6.68E-13,0,2.43E-07,9.84E-10,6.73E-06,1.32E-08,1.32E-08,4.42E-07,3.59E-09,1.68E-07,0.000345915,1.95E-12,1.80E-07,1.02E-14,8.87E-08,2.44E-06,0.002051854,3.69E-06,0.000217276,0.006500326,1.24E-09,3.04E-14,0.000192967,0.000305806,6.57E-07,0.000316242,9.49E-06,7.84E-06,0.000117734,3.23E-09,0.000206113,0.000245955
927,30.86666667,30.88333333,0.000172833,0.000128638,0.000707621,9.29E-06,6.32E-13,0,2.34E-07,9.31E-10,6.52E-06,1.27E-08,1.27E-08,4.21E-07,3.34E-09,1.63E-07,0.000333347,1.85E-12,1.74E-07,9.55E-15,8.50E-08,2.33E-06,0.001983467,3.54E-06,0.00020621,0.0062174,1.19E-09,2.84E-14,0.000186031,0.000295514,6.30E-07,0.000306759,9.17E-06,7.55E-06,0.000114078,3.10E-09,0.000198816,0.000238598
928,30.9,30.91666667,0.000167702,0.000125014,0.000681718,8.93E-06,5.98E-13,0,2.24E-07,8.82E-10,6.32E-06,1.22E-08,1.22E-08,4.02E-07,3.11E-09,1.58E-07,0.000321235,1.75E-12,1.67E-07,8.88E-15,8.14E-08,2.22E-06,0.001917354,3.39E-06,0.000195706,0.005946715,1.15E-09,2.64E-14,0.000179344,0.000285568,6.04E-07,0.000297559,8.86E-06,7.28E-06,0.000110535,2.97E-09,0.000191776,0.00023146
929,30.93333333,30.95,0.000162723,0.000121491,0.000656763,8.58E-06,5.65E-13,0,2.15E-07,8.35E-10,6.13E-06,1.17E-08,1.17E-08,3.83E-07,2.89E-09,1.53E-07,0.000309564,1.66E-12,1.61E-07,8.44E-15,7.80E-08,2.11E-06,0.001853441,3.25E-06,0.000185738,0.005687747,1.10E-09,2.46E-14,0.000172898,0.000275957,5.79E-07,0.000288636,8.56E-06,7.01E-06,0.000107103,2.85E-09,0.000184986,0.000224536
930,30.96666667,30.98333333,0.000157892,0.000118068,0.00063272,8.24E-06,5.34E-13,0,2.07E-07,7.91E-10,5.94E-06,1.13E-08,1.13E-08,3.66E-07,2.68E-09,1.49E-07,0.000298316,1.57E-12,1.55E-07,7.77E-15,7.47E-08,2.01E-06,0.001791654,3.12E-06,0.000176277,0.005439994,1.06E-09,2.31E-14,0.000166683,0.000266669,5.55E-07,0.00027998,8.27E-06,6.76E-06,0.000103777,2.73E-09,0.000178436,0.000217819
931,31,31.01666667,0.000153204,0.000114742,0.000609557,7.92E-06,5.05E-13,0,1.99E-07,7.49E-10,5.76E-06,1.08E-08,1.08E-08,3.49E-07,2.50E-09,1.44E-07,0.000287477,1.48E-12,1.50E-07,7.33E-15,7.15E-08,1.92E-06,0.001731924,2.99E-06,0.000167298,0.005202978,1.02E-09,2.15E-14,0.000160691,0.000257693,5.33E-07,0.000271584,7.99E-06,6.51E-06,0.000100554,2.62E-09,0.000172118,0.000211303
932,31.03333333,31.05,0.000148656,0.000111508,0.000587242,7.60E-06,4.78E-13,0,1.91E-07,7.09E-10,5.58E-06,1.04E-08,1.04E-08,3.33E-07,2.32E-09,1.40E-07,0.000277031,1.40E-12,1.44E-07,6.88E-15,6.85E-08,1.83E-06,0.001674182,2.87E-06,0.000158777,0.004976236,9.77E-10,2.00E-14,0.000154915,0.00024902,5.11E-07,0.000263439,7.72E-06,6.27E-06,9.74E-05,2.51E-09,0.000166024,0.000204981
933,31.06666667,31.08333333,0.000144243,0.000108367,0.000565742,7.31E-06,4.52E-13,0,1.83E-07,6.71E-10,5.41E-06,1.00E-08,1.00E-08,3.17E-07,2.16E-09,1.35E-07,0.000266965,1.33E-12,1.39E-07,6.44E-15,6.56E-08,1.74E-06,0.001618361,2.75E-06,0.000150689,0.004759328,9.38E-10,1.87E-14,0.000149346,0.000240639,4.90E-07,0.000255539,7.45E-06,6.04E-06,9.44E-05,2.41E-09,0.000160145,0.000198849
934,31.1,31.11666667,0.00013996,0.000105313,0.00054503,7.02E-06,4.27E-13,0,1.76E-07,6.36E-10,5.25E-06,9.62E-09,9.62E-09,3.03E-07,2.01E-09,1.31E-07,0.000257265,1.26E-12,1.34E-07,6.00E-15,6.29E-08,1.66E-06,0.001564399,2.64E-06,0.000143013,0.004551832,9.02E-10,1.73E-14,0.000143978,0.000232539,4.69E-07,0.000247876,7.20E-06,5.82E-06,9.15E-05,2.31E-09,0.000154475,0.0001929
935,31.13333333,31.15,0.000135805,0.000102346,0.000525076,6.74E-06,4.04E-13,0,1.69E-07,6.02E-10,5.09E-06,9.25E-09,9.25E-09,2.89E-07,1.87E-09,1.27E-07,0.000247917,1.19E-12,1.29E-07,5.77E-15,6.02E-08,1.58E-06,0.001512234,2.53E-06,0.000135728,0.004353342,8.66E-10,1.62E-14,0.000138802,0.000224712,4.50E-07,0.000240442,6.96E-06,5.61E-06,8.86E-05,2.21E-09,0.000149005,0.000187129
936,31.16666667,31.18333333,0.000131773,9.95E-05,0.000505851,6.48E-06,3.82E-13,0,1.62E-07,5.70E-10,4.93E-06,8.89E-09,8.89E-09,2.75E-07,1.73E-09,1.23E-07,0.000238909,1.13E-12,1.25E-07,5.33E-15,5.77E-08,1.51E-06,0.001461805,2.43E-06,0.000128815,0.004163472,8.32E-10,1.51E-14,0.000133813,0.000217149,4.32E-07,0.000233231,6.72E-06,5.41E-06,8.59E-05,2.12E-09,0.000143729,0.000181531
937,31.2,31.21666667,0.000127861,9.67E-05,0.00048733,6.22E-06,3.61E-13,0,1.55E-07,5.40E-10,4.78E-06,8.55E-09,8.55E-09,2.63E-07,1.61E-09,1.20E-07,0.000230227,1.07E-12,1.20E-07,5.11E-15,5.52E-08,1.44E-06,0.001413056,2.33E-06,0.000122253,0.00398185,8.00E-10,1.40E-14,0.000129002,0.00020984,4.14E-07,0.000226236,6.49E-06,5.21E-06,8.32E-05,2.03E-09,0.00013864,0.0001761
938,31.23333333,31.25,0.000124065,9.39E-05,0.000469487,5.98E-06,3.42E-13,0,1.49E-07,5.11E-10,4.63E-06,8.22E-09,8.22E-09,2.50E-07,1.50E-09,1.16E-07,0.000221862,1.01E-12,1.16E-07,4.66E-15,5.29E-08,1.37E-06,0.00136593,2.24E-06,0.000116026,0.00380812,7.68E-10,1.31E-14,0.000124365,0.000202777,3.97E-07,0.000219451,6.27E-06,5.02E-06,8.06E-05,1.95E-09,0.00013373,0.000170832
939,31.26666667,31.28333333,0.000120381,9.13E-05,0.000452297,5.74E-06,3.23E-13,0,1.43E-07,4.84E-10,4.49E-06,7.90E-09,7.90E-09,2.39E-07,1.39E-09,1.13E-07,0.0002138,9.56E-13,1.12E-07,4.44E-15,5.07E-08,1.31E-06,0.001320374,2.14E-06,0.000110115,0.003641943,7.38E-10,1.22E-14,0.000119894,0.000195951,3.80E-07,0.00021287,6.06E-06,4.84E-06,7.81E-05,1.87E-09,0.000128995,0.000165721
940,31.3,31.31666667,0.000116807,8.87E-05,0.000435737,5.52E-06,3.06E-13,0,1.38E-07,4.58E-10,4.36E-06,7.59E-09,7.59E-09,2.28E-07,1.30E-09,1.09E-07,0.000206031,9.05E-13,1.08E-07,4.22E-15,4.86E-08,1.25E-06,0.001276335,2.06E-06,0.000104506,0.003482991,7.09E-10,1.13E-14,0.000115584,0.000189356,3.65E-07,0.000206486,5.85E-06,4.66E-06,7.57E-05,1.79E-09,0.000124428,0.000160763
941,31.33333333,31.35,0.000113339,8.62E-05,0.000419782,5.30E-06,2.89E-13,0,1.32E-07,4.34E-10,4.22E-06,7.30E-09,7.30E-09,2.17E-07,1.21E-09,1.06E-07,0.000198544,8.57E-13,1.04E-07,4.00E-15,4.65E-08,1.19E-06,0.001233763,1.97E-06,9.92E-05,0.003330954,6.82E-10,1.07E-14,0.000111429,0.000182982,3.50E-07,0.000200293,5.66E-06,4.49E-06,7.33E-05,1.72E-09,0.000120022,0.000155954
942,31.36666667,31.38333333,0.000109974,8.38E-05,0.000404411,5.09E-06,2.73E-13,0,1.27E-07,4.11E-10,4.09E-06,7.02E-09,7.02E-09,2.07E-07,1.12E-09,1.03E-07,0.000191329,8.11E-13,9.99E-08,3.55E-15,4.45E-08,1.13E-06,0.00119261,1.89E-06,9.41E-05,0.003185533,6.55E-10,9.99E-15,0.000107424,0.000176823,3.35E-07,0.000194286,5.46E-06,4.33E-06,7.11E-05,1.65E-09,0.000115772,0.000151288
943,31.4,31.41666667,0.000106709,8.14E-05,0.000389603,4.89E-06,2.58E-13,0,1.22E-07,3.89E-10,3.97E-06,6.75E-09,6.75E-09,1.98E-07,1.04E-09,9.95E-08,0.000184377,7.68E-13,9.63E-08,3.33E-15,4.27E-08,1.08E-06,0.001152827,1.82E-06,8.93E-05,0.00304644,6.29E-10,9.33E-15,0.000103562,0.000170871,3.22E-07,0.000188459,5.28E-06,4.17E-06,6.89E-05,1.58E-09,0.000111672,0.000146762
944,31.43333333,31.45,0.000103541,7.91E-05,0.000375337,4.70E-06,2.44E-13,0,1.17E-07,3.68E-10,3.85E-06,6.48E-09,6.48E-09,1.88E-07,9.69E-10,9.65E-08,0.000177677,7.27E-13,9.28E-08,3.11E-15,4.09E-08,1.03E-06,0.001114371,1.74E-06,8.48E-05,0.002913404,6.05E-10,8.66E-15,9.98E-05,0.000165119,3.08E-07,0.000182807,5.10E-06,4.02E-06,6.67E-05,1.51E-09,0.000107718,0.000142371
945,31.46666667,31.48333333,0.000100467,7.69E-05,0.000361593,4.52E-06,2.31E-13,0,1.12E-07,3.49E-10,3.73E-06,6.23E-09,6.23E-09,1.80E-07,9.01E-10,9.35E-08,0.00017122,6.88E-13,8.94E-08,3.11E-15,3.92E-08,9.79E-07,0.001077195,1.67E-06,8.05E-05,0.00278616,5.81E-10,7.99E-15,9.63E-05,0.000159561,2.96E-07,0.000177324,4.93E-06,3.87E-06,6.47E-05,1.45E-09,0.000103904,0.000138112
946,31.5,31.51666667,9.75E-05,7.47E-05,0.000348352,4.34E-06,2.19E-13,0,1.08E-07,3.30E-10,3.61E-06,5.99E-09,5.99E-09,1.71E-07,8.38E-10,9.07E-08,0.000164998,6.51E-13,8.62E-08,2.89E-15,3.75E-08,9.33E-07,0.001041259,1.60E-06,7.64E-05,0.002664459,5.58E-10,7.55E-15,9.28E-05,0.00015419,2.84E-07,0.000172006,4.76E-06,3.73E-06,6.26E-05,1.39E-09,0.000100224,0.00013398
947,31.53333333,31.55,9.46E-05,7.26E-05,0.000335596,4.17E-06,2.07E-13,0,1.03E-07,3.13E-10,3.50E-06,5.76E-09,5.76E-09,1.64E-07,7.79E-10,8.79E-08,0.000159002,6.17E-13,8.31E-08,2.66E-15,3.59E-08,8.89E-07,0.00100652,1.54E-06,7.25E-05,0.002548061,5.36E-10,7.11E-15,8.95E-05,0.000149,2.72E-07,0.000166847,4.60E-06,3.60E-06,6.07E-05,1.33E-09,9.67E-05,0.000129971
948,31.56666667,31.58333333,9.18E-05,7.06E-05,0.000323306,4.01E-06,1.95E-13,0,9.92E-08,2.96E-10,3.40E-06,5.54E-09,5.54E-09,1.56E-07,7.24E-10,8.52E-08,0.000153224,5.84E-13,8.01E-08,2.44E-15,3.44E-08,8.48E-07,0.000972939,1.47E-06,6.88E-05,0.002436735,5.15E-10,6.44E-15,8.62E-05,0.000143985,2.61E-07,0.000161843,4.44E-06,3.47E-06,5.88E-05,1.28E-09,9.33E-05,0.000126083
949,31.6,31.61666667,8.91E-05,6.86E-05,0.000311467,3.85E-06,1.85E-13,0,9.53E-08,2.80E-10,3.29E-06,5.32E-09,5.32E-09,1.49E-07,6.73E-10,8.26E-08,0.000147656,5.52E-13,7.72E-08,2.22E-15,3.30E-08,8.08E-07,0.000940478,1.41E-06,6.53E-05,0.002330262,4.95E-10,6.00E-15,8.31E-05,0.000139138,2.50E-07,0.000156989,4.29E-06,3.34E-06,5.70E-05,1.23E-09,8.99E-05,0.00012231
950,31.63333333,31.65,8.64E-05,6.67E-05,0.000300061,3.70E-06,1.75E-13,0,9.14E-08,2.65E-10,3.19E-06,5.12E-09,5.12E-09,1.42E-07,6.26E-10,8.01E-08,0.00014229,5.23E-13,7.44E-08,2.22E-15,3.16E-08,7.70E-07,0.000909098,1.36E-06,6.20E-05,0.00222843,4.76E-10,5.77E-15,8.01E-05,0.000134454,2.40E-07,0.000152281,4.15E-06,3.22E-06,5.52E-05,1.18E-09,8.68E-05,0.000118651
951,31.66666667,31.68333333,8.38E-05,6.48E-05,0.000289073,3.55E-06,1.65E-13,0,8.78E-08,2.51E-10,3.09E-06,4.92E-09,4.92E-09,1.35E-07,5.82E-10,7.77E-08,0.00013712,4.95E-13,7.17E-08,2.00E-15,3.02E-08,7.34E-07,0.000878765,1.30E-06,5.88E-05,0.002131039,4.57E-10,5.33E-15,7.73E-05,0.000129929,2.30E-07,0.000147713,4.01E-06,3.10E-06,5.35E-05,1.13E-09,8.37E-05,0.000115101
952,31.7,31.71666667,8.14E-05,6.30E-05,0.000278487,3.41E-06,1.56E-13,0,8.43E-08,2.38E-10,3.00E-06,4.73E-09,4.73E-09,1.29E-07,5.41E-10,7.53E-08,0.000132137,4.69E-13,6.91E-08,2.00E-15,2.90E-08,6.99E-07,0.000849442,1.25E-06,5.58E-05,0.002037896,4.39E-10,4.88E-15,7.45E-05,0.000125555,2.20E-07,0.000143283,3.87E-06,2.99E-06,5.18E-05,1.08E-09,8.07E-05,0.000111658
953,31.73333333,31.75,7.89E-05,6.12E-05,0.000268288,3.28E-06,1.48E-13,0,8.09E-08,2.25E-10,2.91E-06,4.55E-09,4.55E-09,1.23E-07,5.03E-10,7.30E-08,0.000127335,4.44E-13,6.66E-08,1.78E-15,2.77E-08,6.66E-07,0.000821098,1.20E-06,5.30E-05,0.001948816,4.22E-10,4.66E-15,7.18E-05,0.000121329,2.11E-07,0.000138986,3.74E-06,2.88E-06,5.02E-05,1.04E-09,7.79E-05,0.000108317
954,31.76666667,31.78333333,7.66E-05,5.95E-05,0.000258463,3.15E-06,1.40E-13,0,7.77E-08,2.13E-10,2.82E-06,4.37E-09,4.37E-09,1.17E-07,4.68E-10,7.08E-08,0.000122707,4.20E-13,6.42E-08,1.78E-15,2.66E-08,6.35E-07,0.000793698,1.15E-06,5.03E-05,0.001863622,4.06E-10,4.22E-15,6.92E-05,0.000117244,2.03E-07,0.000134817,3.61E-06,2.77E-06,4.87E-05,9.93E-10,7.51E-05,0.000105076
955,31.8,31.81666667,7.43E-05,5.78E-05,0.000248998,3.03E-06,1.32E-13,0,7.46E-08,2.02E-10,2.73E-06,4.20E-09,4.20E-09,1.12E-07,4.35E-10,6.87E-08,0.000118248,3.97E-13,6.19E-08,1.55E-15,2.55E-08,6.05E-07,0.000767212,1.10E-06,4.77E-05,0.001782146,3.90E-10,4.00E-15,6.67E-05,0.000113298,1.94E-07,0.000130773,3.49E-06,2.67E-06,4.72E-05,9.52E-10,7.25E-05,0.000101932
956,31.83333333,31.85,7.21E-05,5.62E-05,0.000239879,2.91E-06,1.25E-13,0,7.16E-08,1.91E-10,2.65E-06,4.04E-09,4.04E-09,1.07E-07,4.04E-10,6.66E-08,0.000113951,3.76E-13,5.96E-08,1.55E-15,2.44E-08,5.77E-07,0.00074161,1.06E-06,4.53E-05,0.001704226,3.74E-10,3.77E-15,6.43E-05,0.000109484,1.86E-07,0.000126851,3.37E-06,2.58E-06,4.57E-05,9.13E-10,6.99E-05,9.89E-05
957,31.86666667,31.88333333,7.00E-05,5.46E-05,0.000231094,2.79E-06,1.18E-13,0,6.87E-08,1.81E-10,2.57E-06,3.88E-09,3.88E-09,1.02E-07,3.76E-10,6.46E-08,0.00010981,3.56E-13,5.75E-08,1.33E-15,2.34E-08,5.50E-07,0.000716861,1.01E-06,4.30E-05,0.001629708,3.60E-10,3.55E-15,6.20E-05,0.000105798,1.79E-07,0.000123046,3.26E-06,2.48E-06,4.43E-05,8.76E-10,6.74E-05,9.59E-05
958,31.9,31.91666667,6.79E-05,5.30E-05,0.000222631,2.68E-06,1.12E-13,0,6.60E-08,1.71E-10,2.49E-06,3.73E-09,3.73E-09,9.71E-08,3.50E-10,6.26E-08,0.000105819,3.37E-13,5.54E-08,1.33E-15,2.24E-08,5.24E-07,0.000692937,9.71E-07,4.08E-05,0.001558442,3.46E-10,3.33E-15,5.98E-05,0.000102237,1.71E-07,0.000119356,3.15E-06,2.39E-06,4.29E-05,8.39E-10,6.50E-05,9.31E-05
959,31.93333333,31.95,6.59E-05,5.15E-05,0.000214477,2.58E-06,1.06E-13,0,6.33E-08,1.62E-10,2.41E-06,3.59E-09,3.59E-09,9.26E-08,3.25E-10,6.07E-08,0.000101974,3.19E-13,5.34E-08,1.33E-15,2.14E-08,4.99E-07,0.000669811,9.32E-07,3.87E-05,0.001490289,3.32E-10,3.11E-15,5.77E-05,9.88E-05,1.64E-07,0.000115776,3.04E-06,2.30E-06,4.16E-05,8.05E-10,6.27E-05,9.03E-05
960,31.96666667,31.98333333,6.39E-05,5.01E-05,0.000206622,2.48E-06,9.99E-14,0,6.08E-08,1.54E-10,2.34E-06,3.45E-09,3.45E-09,8.84E-08,3.02E-10,5.88E-08,9.83E-05,3.02E-13,5.15E-08,1.11E-15,2.05E-08,4.76E-07,0.000647457,8.93E-07,3.67E-05,0.001425111,3.19E-10,2.89E-15,5.56E-05,9.55E-05,1.57E-07,0.000112303,2.94E-06,2.22E-06,4.03E-05,7.72E-10,6.05E-05,8.76E-05
961,32,32.01666667,6.20E-05,4.87E-05,0.000199055,2.38E-06,9.46E-14,0,5.84E-08,1.46E-10,2.27E-06,3.32E-09,3.32E-09,8.43E-08,2.81E-10,5.71E-08,9.47E-05,2.86E-13,4.96E-08,1.11E-15,1.97E-08,4.53E-07,0.000625848,8.57E-07,3.49E-05,0.00136278,3.07E-10,2.66E-15,5.36E-05,9.23E-05,1.51E-07,0.000108935,2.84E-06,2.14E-06,3.90E-05,7.40E-10,5.84E-05,8.49E-05
962,32.03333333,32.05,6.02E-05,4.73E-05,0.000191765,2.29E-06,8.95E-14,0,5.60E-08,1.38E-10,2.20E-06,3.19E-09,3.19E-09,8.04E-08,2.61E-10,5.53E-08,9.13E-05,2.71E-13,4.78E-08,1.11E-15,1.88E-08,4.32E-07,0.00060496,8.22E-07,3.31E-05,0.001303172,2.95E-10,2.44E-15,5.17E-05,8.92E-05,1.45E-07,0.000105668,2.74E-06,2.06E-06,3.78E-05,7.09E-10,5.63E-05,8.24E-05
963,32.06666667,32.08333333,5.84E-05,4.60E-05,0.000184742,2.20E-06,8.46E-14,0,5.38E-08,1.31E-10,2.13E-06,3.06E-09,3.06E-09,7.67E-08,2.43E-10,5.36E-08,8.79E-05,2.56E-13,4.61E-08,8.88E-16,1.80E-08,4.12E-07,0.000584768,7.88E-07,3.14E-05,0.001246168,2.83E-10,2.22E-15,4.98E-05,8.61E-05,1.39E-07,0.000102498,2.65E-06,1.99E-06,3.66E-05,6.80E-10,5.43E-05,7.99E-05
964,32.1,32.11666667,5.67E-05,4.47E-05,0.000177976,2.11E-06,7.99E-14,0,5.16E-08,1.24E-10,2.07E-06,2.95E-09,2.95E-09,7.31E-08,2.26E-10,5.20E-08,8.47E-05,2.43E-13,4.44E-08,8.88E-16,1.73E-08,3.92E-07,0.000565251,7.56E-07,2.98E-05,0.001191654,2.72E-10,2.22E-15,4.80E-05,8.32E-05,1.33E-07,9.94E-05,2.56E-06,1.91E-06,3.55E-05,6.52E-10,5.24E-05,7.76E-05
965,32.13333333,32.15,5.50E-05,4.34E-05,0.000171457,2.03E-06,7.57E-14,0,4.96E-08,1.17E-10,2.00E-06,2.83E-09,2.83E-09,6.97E-08,2.10E-10,5.04E-08,8.17E-05,2.30E-13,4.28E-08,8.88E-16,1.66E-08,3.74E-07,0.000546384,7.25E-07,2.83E-05,0.001139523,2.61E-10,2.00E-15,4.63E-05,8.04E-05,1.28E-07,9.64E-05,2.47E-06,1.84E-06,3.44E-05,6.25E-10,5.05E-05,7.52E-05
966,32.16666667,32.18333333,5.34E-05,4.22E-05,0.000165178,1.95E-06,7.15E-14,0,4.76E-08,1.11E-10,1.94E-06,2.72E-09,2.72E-09,6.65E-08,1.95E-10,4.89E-08,7.87E-05,2.17E-13,4.13E-08,8.88E-16,1.59E-08,3.56E-07,0.000528146,6.96E-07,2.68E-05,0.001089669,2.51E-10,1.78E-15,4.46E-05,7.77E-05,1.22E-07,9.35E-05,2.39E-06,1.78E-06,3.33E-05,5.99E-10,4.87E-05,7.30E-05
967,32.2,32.21666667,5.18E-05,4.10E-05,0.000159128,1.87E-06,6.77E-14,0,4.57E-08,1.05E-10,1.88E-06,2.62E-09,2.62E-09,6.34E-08,1.82E-10,4.74E-08,7.58E-05,2.06E-13,3.98E-08,6.66E-16,1.52E-08,3.40E-07,0.000510518,6.67E-07,2.55E-05,0.001041995,2.41E-10,1.78E-15,4.30E-05,7.51E-05,1.17E-07,9.07E-05,2.31E-06,1.71E-06,3.23E-05,5.75E-10,4.70E-05,7.08E-05
968,32.23333333,32.25,5.02E-05,3.99E-05,0.0001533,1.80E-06,6.39E-14,0,4.39E-08,9.93E-11,1.83E-06,2.52E-09,2.52E-09,6.05E-08,1.69E-10,4.60E-08,7.31E-05,1.95E-13,3.83E-08,6.66E-16,1.46E-08,3.24E-07,0.000493477,6.40E-07,2.42E-05,0.000996404,2.32E-10,1.55E-15,4.15E-05,7.26E-05,1.12E-07,8.80E-05,2.23E-06,1.65E-06,3.13E-05,5.51E-10,4.53E-05,6.87E-05
969,32.26666667,32.28333333,4.87E-05,3.87E-05,0.000147685,1.73E-06,6.04E-14,0,4.21E-08,9.41E-11,1.77E-06,2.42E-09,2.42E-09,5.77E-08,1.57E-10,4.46E-08,7.04E-05,1.84E-13,3.69E-08,6.66E-16,1.39E-08,3.09E-07,0.000477005,6.14E-07,2.29E-05,0.000952806,2.23E-10,1.55E-15,4.00E-05,7.01E-05,1.08E-07,8.54E-05,2.15E-06,1.59E-06,3.03E-05,5.28E-10,4.37E-05,6.66E-05
970,32.3,32.31666667,4.73E-05,3.76E-05,0.000142276,1.66E-06,5.73E-14,0,4.04E-08,8.91E-11,1.72E-06,2.33E-09,2.33E-09,5.50E-08,1.46E-10,4.32E-08,6.79E-05,1.75E-13,3.56E-08,6.66E-16,1.34E-08,2.94E-07,0.000461082,5.89E-07,2.18E-05,0.000911113,2.14E-10,1.33E-15,3.85E-05,6.78E-05,1.03E-07,8.28E-05,2.08E-06,1.53E-06,2.94E-05,5.06E-10,4.22E-05,6.46E-05
971,32.33333333,32.35,4.59E-05,3.66E-05,0.000137065,1.59E-06,5.42E-14,0,3.88E-08,8.43E-11,1.66E-06,2.24E-09,2.24E-09,5.25E-08,1.36E-10,4.19E-08,6.54E-05,1.65E-13,3.43E-08,6.66E-16,1.28E-08,2.80E-07,0.000445691,5.65E-07,2.07E-05,0.000871244,2.06E-10,1.33E-15,3.72E-05,6.55E-05,9.91E-08,8.03E-05,2.01E-06,1.48E-06,2.85E-05,4.86E-10,4.07E-05,6.27E-05
972,32.36666667,32.38333333,4.45E-05,3.55E-05,0.000132045,1.53E-06,5.11E-14,0,3.73E-08,7.99E-11,1.61E-06,2.15E-09,2.15E-09,5.01E-08,1.26E-10,4.06E-08,6.30E-05,1.56E-13,3.31E-08,4.44E-16,1.22E-08,2.67E-07,0.000430813,5.42E-07,1.96E-05,0.000833118,1.98E-10,1.33E-15,3.58E-05,6.33E-05,9.51E-08,7.79E-05,1.94E-06,1.42E-06,2.76E-05,4.66E-10,3.93E-05,6.08E-05
973,32.4,32.41666667,4.32E-05,3.45E-05,0.000127209,1.47E-06,4.84E-14,0,3.58E-08,7.56E-11,1.56E-06,2.07E-09,2.07E-09,4.78E-08,1.17E-10,3.94E-08,6.07E-05,1.48E-13,3.19E-08,4.44E-16,1.17E-08,2.55E-07,0.000416431,5.20E-07,1.86E-05,0.000796659,1.90E-10,1.11E-15,3.45E-05,6.12E-05,9.11E-08,7.56E-05,1.87E-06,1.37E-06,2.67E-05,4.46E-10,3.79E-05,5.90E-05
974,32.43333333,32.45,4.19E-05,3.36E-05,0.000122549,1.41E-06,4.57E-14,0,3.43E-08,7.16E-11,1.51E-06,1.99E-09,1.99E-09,4.55E-08,1.09E-10,3.82E-08,5.85E-05,1.40E-13,3.07E-08,4.44E-16,1.12E-08,2.43E-07,0.00040253,4.98E-07,1.77E-05,0.000761794,1.82E-10,1.11E-15,3.33E-05,5.91E-05,8.74E-08,7.33E-05,1.81E-06,1.32E-06,2.59E-05,4.28E-10,3.65E-05,5.72E-05
975,32.46666667,32.48333333,4.07E-05,3.26E-05,0.000118061,1.36E-06,4.33E-14,0,3.30E-08,6.78E-11,1.47E-06,1.91E-09,1.91E-09,4.34E-08,1.01E-10,3.70E-08,5.64E-05,1.33E-13,2.96E-08,4.44E-16,1.08E-08,2.31E-07,0.000389092,4.78E-07,1.68E-05,0.000728454,1.75E-10,8.88E-16,3.21E-05,5.71E-05,8.38E-08,7.11E-05,1.75E-06,1.27E-06,2.51E-05,4.10E-10,3.52E-05,5.55E-05
976,32.5,32.51666667,3.95E-05,3.17E-05,0.000113737,1.30E-06,4.09E-14,0,3.17E-08,6.42E-11,1.42E-06,1.84E-09,1.84E-09,4.14E-08,9.43E-11,3.59E-08,5.43E-05,1.26E-13,2.85E-08,4.44E-16,1.03E-08,2.20E-07,0.000376103,4.58E-07,1.59E-05,0.000696572,1.68E-10,8.88E-16,3.09E-05,5.52E-05,8.03E-08,6.90E-05,1.69E-06,1.23E-06,2.43E-05,3.93E-10,3.40E-05,5.39E-05
977,32.53333333,32.55,3.83E-05,3.08E-05,0.000109571,1.25E-06,3.86E-14,0,3.04E-08,6.08E-11,1.38E-06,1.76E-09,1.76E-09,3.95E-08,8.77E-11,3.48E-08,5.24E-05,1.19E-13,2.75E-08,4.44E-16,9.88E-09,2.10E-07,0.000363547,4.40E-07,1.51E-05,0.000666084,1.62E-10,8.88E-16,2.98E-05,5.33E-05,7.70E-08,6.69E-05,1.63E-06,1.18E-06,2.36E-05,3.77E-10,3.28E-05,5.22E-05
978,32.56666667,32.58333333,3.72E-05,2.99E-05,0.000105558,1.20E-06,3.66E-14,0,2.92E-08,5.76E-11,1.34E-06,1.70E-09,1.70E-09,3.77E-08,8.15E-11,3.37E-08,5.05E-05,1.13E-13,2.65E-08,4.44E-16,9.46E-09,2.00E-07,0.000351411,4.22E-07,1.43E-05,0.00063693,1.55E-10,8.88E-16,2.88E-05,5.15E-05,7.39E-08,6.49E-05,1.58E-06,1.14E-06,2.28E-05,3.62E-10,3.16E-05,5.07E-05
979,32.6,32.61666667,3.61E-05,2.91E-05,0.000101691,1.16E-06,3.46E-14,0,2.80E-08,5.45E-11,1.30E-06,1.63E-09,1.63E-09,3.59E-08,7.58E-11,3.27E-08,4.86E-05,1.07E-13,2.56E-08,4.44E-16,9.06E-09,1.91E-07,0.000339679,4.05E-07,1.36E-05,0.000609051,1.49E-10,6.66E-16,2.77E-05,4.98E-05,7.08E-08,6.30E-05,1.52E-06,1.10E-06,2.21E-05,3.47E-10,3.05E-05,4.92E-05
980,32.63333333,32.65,3.50E-05,2.83E-05,9.80E-05,1.11E-06,3.26E-14,0,2.69E-08,5.16E-11,1.26E-06,1.57E-09,1.57E-09,3.43E-08,7.05E-11,3.17E-08,4.69E-05,1.01E-13,2.46E-08,2.22E-16,8.68E-09,1.82E-07,0.000328339,3.88E-07,1.29E-05,0.000582392,1.44E-10,6.66E-16,2.67E-05,4.81E-05,6.79E-08,6.11E-05,1.47E-06,1.06E-06,2.14E-05,3.32E-10,2.94E-05,4.77E-05
981,32.66666667,32.68333333,3.39E-05,2.75E-05,9.44E-05,1.07E-06,3.09E-14,0,2.58E-08,4.89E-11,1.22E-06,1.51E-09,1.51E-09,3.27E-08,6.55E-11,3.08E-08,4.52E-05,9.55E-14,2.37E-08,2.22E-16,8.32E-09,1.73E-07,0.000317377,3.72E-07,1.22E-05,0.000556899,1.38E-10,6.66E-16,2.58E-05,4.65E-05,6.51E-08,5.92E-05,1.42E-06,1.02E-06,2.08E-05,3.19E-10,2.84E-05,4.63E-05
982,32.7,32.71666667,3.29E-05,2.67E-05,9.09E-05,1.03E-06,2.93E-14,0,2.48E-08,4.63E-11,1.18E-06,1.45E-09,1.45E-09,3.12E-08,6.09E-11,2.98E-08,4.35E-05,9.04E-14,2.29E-08,2.22E-16,7.97E-09,1.65E-07,0.000306781,3.57E-07,1.16E-05,0.000532522,1.33E-10,6.66E-16,2.48E-05,4.49E-05,6.24E-08,5.75E-05,1.37E-06,9.82E-07,2.01E-05,3.06E-10,2.74E-05,4.49E-05
983,32.73333333,32.75,3.20E-05,2.60E-05,8.76E-05,9.85E-07,2.78E-14,0,2.38E-08,4.38E-11,1.15E-06,1.39E-09,1.39E-09,2.97E-08,5.66E-11,2.89E-08,4.19E-05,8.55E-14,2.21E-08,2.22E-16,7.63E-09,1.57E-07,0.000296539,3.42E-07,1.10E-05,0.000509211,1.27E-10,6.66E-16,2.39E-05,4.34E-05,5.99E-08,5.57E-05,1.33E-06,9.46E-07,1.95E-05,2.93E-10,2.64E-05,4.35E-05
984,32.76666667,32.78333333,3.10E-05,2.52E-05,8.44E-05,9.47E-07,2.62E-14,0,2.28E-08,4.15E-11,1.11E-06,1.34E-09,1.34E-09,2.84E-08,5.27E-11,2.80E-08,4.04E-05,8.10E-14,2.13E-08,2.22E-16,7.31E-09,1.50E-07,0.000286639,3.28E-07,1.05E-05,0.000486919,1.22E-10,4.44E-16,2.31E-05,4.20E-05,5.74E-08,5.41E-05,1.28E-06,9.12E-07,1.89E-05,2.81E-10,2.55E-05,4.22E-05
985,32.8,32.81666667,3.01E-05,2.45E-05,8.13E-05,9.09E-07,2.46E-14,0,2.19E-08,3.93E-11,1.08E-06,1.29E-09,1.29E-09,2.71E-08,4.90E-11,2.72E-08,3.89E-05,7.66E-14,2.05E-08,2.22E-16,7.00E-09,1.43E-07,0.000277069,3.15E-07,9.94E-06,0.000465604,1.18E-10,4.44E-16,2.23E-05,4.06E-05,5.50E-08,5.25E-05,1.24E-06,8.79E-07,1.83E-05,2.69E-10,2.46E-05,4.10E-05
986,32.83333333,32.85,2.92E-05,2.38E-05,7.83E-05,8.74E-07,2.33E-14,0,2.10E-08,3.72E-11,1.04E-06,1.24E-09,1.24E-09,2.58E-08,4.55E-11,2.64E-08,3.75E-05,7.26E-14,1.97E-08,2.22E-16,6.71E-09,1.36E-07,0.000267818,3.02E-07,9.43E-06,0.000445221,1.13E-10,4.44E-16,2.15E-05,3.92E-05,5.28E-08,5.09E-05,1.20E-06,8.47E-07,1.77E-05,2.58E-10,2.37E-05,3.98E-05
987,32.86666667,32.88333333,2.83E-05,2.32E-05,7.54E-05,8.39E-07,2.22E-14,0,2.02E-08,3.52E-11,1.01E-06,1.19E-09,1.19E-09,2.46E-08,4.23E-11,2.56E-08,3.62E-05,6.86E-14,1.90E-08,2.22E-16,6.42E-09,1.30E-07,0.000258877,2.90E-07,8.95E-06,0.00042573,1.09E-10,4.44E-16,2.07E-05,3.79E-05,5.06E-08,4.94E-05,1.16E-06,8.16E-07,1.72E-05,2.48E-10,2.29E-05,3.86E-05
988,32.9,32.91666667,2.75E-05,2.25E-05,7.27E-05,8.06E-07,2.09E-14,0,1.94E-08,3.33E-11,9.80E-07,1.14E-09,1.14E-09,2.35E-08,3.94E-11,2.48E-08,3.49E-05,6.51E-14,1.83E-08,2.22E-16,6.15E-09,1.24E-07,0.000250233,2.78E-07,8.50E-06,0.000407091,1.04E-10,4.44E-16,1.99E-05,3.66E-05,4.85E-08,4.79E-05,1.12E-06,7.86E-07,1.67E-05,2.37E-10,2.20E-05,3.74E-05
989,32.93333333,32.95,2.67E-05,2.19E-05,7.00E-05,7.75E-07,1.98E-14,0,1.86E-08,3.16E-11,9.50E-07,1.10E-09,1.10E-09,2.24E-08,3.66E-11,2.40E-08,3.36E-05,6.15E-14,1.77E-08,2.22E-16,5.89E-09,1.18E-07,0.000241879,2.67E-07,8.06E-06,0.000389269,1.00E-10,4.44E-16,1.92E-05,3.54E-05,4.65E-08,4.64E-05,1.08E-06,7.57E-07,1.61E-05,2.28E-10,2.13E-05,3.63E-05
990,32.96666667,32.98333333,2.59E-05,2.12E-05,6.75E-05,7.44E-07,1.87E-14,0,1.79E-08,2.99E-11,9.21E-07,1.06E-09,1.06E-09,2.14E-08,3.40E-11,2.33E-08,3.24E-05,5.82E-14,1.70E-08,2.22E-16,5.65E-09,1.12E-07,0.000233803,2.56E-07,7.65E-06,0.000372226,9.63E-11,4.44E-16,1.85E-05,3.42E-05,4.46E-08,4.50E-05,1.04E-06,7.30E-07,1.56E-05,2.18E-10,2.05E-05,3.52E-05
991,33,33.01666667,2.51E-05,2.06E-05,6.50E-05,7.15E-07,1.78E-14,0,1.72E-08,2.83E-11,8.93E-07,1.02E-09,1.02E-09,2.04E-08,3.16E-11,2.26E-08,3.12E-05,5.51E-14,1.64E-08,2.22E-16,5.41E-09,1.07E-07,0.000225996,2.45E-07,7.26E-06,0.00035593,9.25E-11,2.22E-16,1.79E-05,3.30E-05,4.28E-08,4.37E-05,1.01E-06,7.03E-07,1.51E-05,2.09E-10,1.98E-05,3.41E-05
992,33.03333333,33.05,2.44E-05,2.01E-05,6.26E-05,6.87E-07,1.67E-14,0,1.65E-08,2.68E-11,8.66E-07,9.76E-10,9.76E-10,1.94E-08,2.94E-11,2.19E-08,3.01E-05,5.22E-14,1.58E-08,2.22E-16,5.18E-09,1.02E-07,0.000218451,2.35E-07,6.89E-06,0.000340346,8.89E-11,2.22E-16,1.72E-05,3.19E-05,4.10E-08,4.24E-05,9.73E-07,6.78E-07,1.47E-05,2.01E-10,1.91E-05,3.31E-05
993,33.06666667,33.08333333,2.36E-05,1.95E-05,6.03E-05,6.60E-07,1.58E-14,0,1.58E-08,2.54E-11,8.39E-07,9.39E-10,9.39E-10,1.85E-08,2.74E-11,2.12E-08,2.90E-05,4.93E-14,1.53E-08,2.22E-16,4.96E-09,9.73E-08,0.000211157,2.26E-07,6.54E-06,0.000325445,8.54E-11,2.22E-16,1.66E-05,3.08E-05,3.93E-08,4.11E-05,9.40E-07,6.53E-07,1.42E-05,1.92E-10,1.84E-05,3.21E-05
994,33.1,33.11666667,2.29E-05,1.90E-05,5.81E-05,6.34E-07,1.49E-14,0,1.52E-08,2.40E-11,8.14E-07,9.02E-10,9.02E-10,1.77E-08,2.54E-11,2.06E-08,2.79E-05,4.69E-14,1.47E-08,2.22E-16,4.75E-09,9.27E-08,0.000204107,2.16E-07,6.21E-06,0.000311196,8.20E-11,2.22E-16,1.60E-05,2.98E-05,3.77E-08,3.99E-05,9.08E-07,6.29E-07,1.38E-05,1.84E-10,1.78E-05,3.12E-05
995,33.13333333,33.15,2.23E-05,1.84E-05,5.60E-05,6.09E-07,1.42E-14,0,1.46E-08,2.28E-11,7.89E-07,8.67E-10,8.67E-10,1.69E-08,2.36E-11,2.00E-08,2.69E-05,4.42E-14,1.42E-08,2.22E-16,4.55E-09,8.83E-08,0.000197292,2.08E-07,5.89E-06,0.00029757,7.88E-11,2.22E-16,1.54E-05,2.88E-05,3.62E-08,3.87E-05,8.77E-07,6.06E-07,1.34E-05,1.77E-10,1.71E-05,3.02E-05
996,33.16666667,33.18333333,2.16E-05,1.79E-05,5.39E-05,5.85E-07,1.33E-14,0,1.40E-08,2.15E-11,7.65E-07,8.34E-10,8.34E-10,1.61E-08,2.20E-11,1.94E-08,2.59E-05,4.20E-14,1.37E-08,2.22E-16,4.36E-09,8.42E-08,0.000190704,1.99E-07,5.59E-06,0.000284541,7.57E-11,2.22E-16,1.49E-05,2.78E-05,3.47E-08,3.75E-05,8.48E-07,5.84E-07,1.29E-05,1.69E-10,1.65E-05,2.93E-05
997,33.2,33.21666667,2.10E-05,1.74E-05,5.19E-05,5.62E-07,1.27E-14,0,1.34E-08,2.04E-11,7.41E-07,8.02E-10,8.02E-10,1.53E-08,2.04E-11,1.88E-08,2.50E-05,3.97E-14,1.32E-08,0,4.18E-09,8.02E-08,0.000184337,1.91E-07,5.31E-06,0.000272083,7.28E-11,2.22E-16,1.43E-05,2.69E-05,3.32E-08,3.64E-05,8.19E-07,5.63E-07,1.25E-05,1.62E-10,1.59E-05,2.85E-05
998,33.23333333,33.25,2.03E-05,1.69E-05,5.00E-05,5.40E-07,1.20E-14,0,1.29E-08,1.93E-11,7.19E-07,7.71E-10,7.71E-10,1.46E-08,1.90E-11,1.82E-08,2.41E-05,3.75E-14,1.27E-08,0,4.00E-09,7.65E-08,0.000178182,1.83E-07,5.04E-06,0.000260169,6.99E-11,2.22E-16,1.38E-05,2.60E-05,3.19E-08,3.53E-05,7.91E-07,5.42E-07,1.21E-05,1.56E-10,1.54E-05,2.76E-05
999,33.26666667,33.28333333,1.97E-05,1.64E-05,4.82E-05,5.19E-07,1.13E-14,0,1.24E-08,1.83E-11,6.97E-07,7.41E-10,7.41E-10,1.39E-08,1.77E-11,1.76E-08,2.32E-05,3.55E-14,1.22E-08,0,3.83E-09,7.29E-08,0.000172232,1.76E-07,4.78E-06,0.000248777,6.72E-11,2.22E-16,1.33E-05,2.51E-05,3.06E-08,3.42E-05,7.64E-07,5.23E-07,1.18E-05,1.49E-10,1.48E-05,2.68E-05
1000,33.3,33.31666667,1.91E-05,1.60E-05,4.64E-05,4.99E-07,1.07E-14,0,1.19E-08,1.73E-11,6.75E-07,7.12E-10,7.12E-10,1.33E-08,1.64E-11,1.71E-08,2.24E-05,3.38E-14,1.18E-08,0,3.67E-09,6.94E-08,0.000166481,1.69E-07,4.54E-06,0.000237884,6.46E-11,2.22E-16,1.28E-05,2.43E-05,2.93E-08,3.32E-05,7.38E-07,5.04E-07,1.14E-05,1.43E-10,1.43E-05,2.60E-05
1001,33.33333333,33.35,1.86E-05,1.55E-05,4.47E-05,4.79E-07,1.02E-14,0,1.14E-08,1.64E-11,6.55E-07,6.85E-10,6.85E-10,1.27E-08,1.53E-11,1.66E-08,2.15E-05,3.18E-14,1.14E-08,0,3.52E-09,6.62E-08,0.000160922,1.62E-07,4.30E-06,0.000227468,6.20E-11,2.22E-16,1.24E-05,2.34E-05,2.81E-08,3.22E-05,7.13E-07,4.85E-07,1.10E-05,1.37E-10,1.38E-05,2.52E-05
1002,33.36666667,33.38333333,1.80E-05,1.51E-05,4.31E-05,4.60E-07,9.55E-15,0,1.10E-08,1.55E-11,6.35E-07,6.58E-10,6.58E-10,1.21E-08,1.42E-11,1.61E-08,2.08E-05,3.02E-14,1.10E-08,0,3.37E-09,6.31E-08,0.000155549,1.55E-07,4.09E-06,0.000217508,5.96E-11,2.22E-16,1.19E-05,2.27E-05,2.69E-08,3.13E-05,6.89E-07,4.68E-07,1.07E-05,1.32E-10,1.33E-05,2.44E-05
1003,33.4,33.41666667,1.75E-05,1.47E-05,4.15E-05,4.42E-07,9.10E-15,0,1.05E-08,1.47E-11,6.15E-07,6.33E-10,6.33E-10,1.15E-08,1.32E-11,1.56E-08,2.00E-05,2.86E-14,1.06E-08,0,3.23E-09,6.01E-08,0.000150355,1.49E-07,3.88E-06,0.000207983,5.73E-11,2.22E-16,1.15E-05,2.19E-05,2.58E-08,3.03E-05,6.66E-07,4.51E-07,1.04E-05,1.26E-10,1.28E-05,2.37E-05
1004,33.43333333,33.45,1.70E-05,1.42E-05,4.00E-05,4.25E-07,8.66E-15,0,1.01E-08,1.39E-11,5.96E-07,6.08E-10,6.08E-10,1.10E-08,1.23E-11,1.51E-08,1.93E-05,2.71E-14,1.02E-08,0,3.09E-09,5.73E-08,0.000145335,1.43E-07,3.68E-06,0.000198876,5.50E-11,2.22E-16,1.11E-05,2.12E-05,2.48E-08,2.94E-05,6.43E-07,4.34E-07,1.01E-05,1.21E-10,1.24E-05,2.30E-05
1005,33.46666667,33.48333333,1.65E-05,1.38E-05,3.85E-05,4.08E-07,7.99E-15,0,9.69E-09,1.32E-11,5.78E-07,5.85E-10,5.85E-10,1.05E-08,1.14E-11,1.47E-08,1.86E-05,2.55E-14,9.80E-09,0,2.96E-09,5.46E-08,0.000140482,1.37E-07,3.49E-06,0.000190168,5.29E-11,2.22E-16,1.07E-05,2.04E-05,2.37E-08,2.85E-05,6.21E-07,4.18E-07,9.74E-06,1.16E-10,1.19E-05,2.23E-05
1006,33.5,33.51666667,1.60E-05,1.34E-05,3.71E-05,3.92E-07,7.55E-15,0,9.31E-09,1.25E-11,5.61E-07,5.62E-10,5.62E-10,1.00E-08,1.06E-11,1.42E-08,1.79E-05,2.42E-14,9.45E-09,0,2.84E-09,5.20E-08,0.000135791,1.31E-07,3.31E-06,0.00018184,5.08E-11,2.22E-16,1.03E-05,1.98E-05,2.28E-08,2.77E-05,6.00E-07,4.03E-07,9.44E-06,1.11E-10,1.15E-05,2.17E-05
1007,33.53333333,33.55,1.55E-05,1.31E-05,3.58E-05,3.77E-07,7.33E-15,0,8.93E-09,1.18E-11,5.43E-07,5.40E-10,5.40E-10,9.55E-09,9.87E-12,1.38E-08,1.72E-05,2.29E-14,9.11E-09,0,2.72E-09,4.96E-08,0.000131256,1.26E-07,3.15E-06,0.000173878,4.88E-11,0,9.94E-06,1.91E-05,2.18E-08,2.68E-05,5.80E-07,3.89E-07,9.14E-06,1.07E-10,1.11E-05,2.10E-05
1008,33.56666667,33.58333333,1.50E-05,1.27E-05,3.45E-05,3.62E-07,6.88E-15,0,8.58E-09,1.12E-11,5.27E-07,5.19E-10,5.19E-10,9.11E-09,9.18E-12,1.34E-08,1.66E-05,2.18E-14,8.78E-09,0,2.60E-09,4.73E-08,0.000126874,1.21E-07,2.99E-06,0.000166263,4.69E-11,0,9.59E-06,1.85E-05,2.09E-08,2.60E-05,5.60E-07,3.74E-07,8.86E-06,1.02E-10,1.07E-05,2.04E-05
1009,33.6,33.61666667,1.46E-05,1.23E-05,3.32E-05,3.48E-07,6.44E-15,0,8.23E-09,1.06E-11,5.11E-07,4.99E-10,4.99E-10,8.69E-09,8.53E-12,1.30E-08,1.60E-05,2.04E-14,8.46E-09,0,2.49E-09,4.50E-08,0.000122637,1.16E-07,2.83E-06,0.000158983,4.51E-11,0,9.24E-06,1.78E-05,2.01E-08,2.53E-05,5.41E-07,3.61E-07,8.58E-06,9.80E-11,1.03E-05,1.98E-05
1010,33.63333333,33.65,1.42E-05,1.20E-05,3.20E-05,3.34E-07,6.22E-15,0,7.90E-09,1.00E-11,4.95E-07,4.80E-10,4.80E-10,8.29E-09,7.94E-12,1.26E-08,1.54E-05,1.95E-14,8.15E-09,0,2.39E-09,4.29E-08,0.000118542,1.11E-07,2.69E-06,0.000152021,4.33E-11,0,8.91E-06,1.72E-05,1.92E-08,2.45E-05,5.23E-07,3.48E-07,8.32E-06,9.40E-11,9.97E-06,1.92E-05
1011,33.66666667,33.68333333,1.37E-05,1.17E-05,3.08E-05,3.21E-07,5.77E-15,0,7.59E-09,9.50E-12,4.80E-07,4.62E-10,4.62E-10,7.90E-09,7.38E-12,1.22E-08,1.49E-05,1.84E-14,7.86E-09,0,2.29E-09,4.09E-08,0.000114584,1.07E-07,2.55E-06,0.000145364,4.16E-11,0,8.59E-06,1.66E-05,1.85E-08,2.38E-05,5.05E-07,3.35E-07,8.06E-06,9.01E-11,9.62E-06,1.86E-05
1012,33.7,33.71666667,1.33E-05,1.13E-05,2.97E-05,3.08E-07,5.55E-15,0,7.29E-09,9.00E-12,4.65E-07,4.44E-10,4.44E-10,7.54E-09,6.86E-12,1.18E-08,1.43E-05,1.73E-14,7.58E-09,0,2.19E-09,3.90E-08,0.000110757,1.02E-07,2.42E-06,0.000138998,4.00E-11,0,8.28E-06,1.61E-05,1.77E-08,2.30E-05,4.88E-07,3.23E-07,7.81E-06,8.64E-11,9.28E-06,1.80E-05
1013,33.73333333,33.75,1.29E-05,1.10E-05,2.86E-05,2.96E-07,5.11E-15,0,6.99E-09,8.52E-12,4.51E-07,4.27E-10,4.27E-10,7.19E-09,6.38E-12,1.14E-08,1.38E-05,1.64E-14,7.30E-09,0,2.10E-09,3.72E-08,0.000107059,9.80E-08,2.30E-06,0.000132911,3.84E-11,0,7.98E-06,1.55E-05,1.70E-08,2.24E-05,4.71E-07,3.11E-07,7.57E-06,8.28E-11,8.95E-06,1.75E-05
1014,33.76666667,33.78333333,1.26E-05,1.07E-05,2.75E-05,2.85E-07,4.88E-15,0,6.71E-09,8.07E-12,4.37E-07,4.10E-10,4.10E-10,6.86E-09,5.93E-12,1.11E-08,1.33E-05,1.55E-14,7.04E-09,0,2.01E-09,3.54E-08,0.000103484,9.40E-08,2.18E-06,0.000127091,3.69E-11,0,7.70E-06,1.50E-05,1.63E-08,2.17E-05,4.55E-07,3.00E-07,7.33E-06,7.94E-11,8.63E-06,1.70E-05
1015,33.8,33.81666667,1.22E-05,1.04E-05,2.65E-05,2.73E-07,4.66E-15,0,6.45E-09,7.64E-12,4.24E-07,3.94E-10,3.94E-10,6.54E-09,5.51E-12,1.08E-08,1.28E-05,1.49E-14,6.78E-09,0,1.92E-09,3.37E-08,0.000100028,9.02E-08,2.07E-06,0.000121525,3.55E-11,0,7.42E-06,1.45E-05,1.56E-08,2.10E-05,4.40E-07,2.89E-07,7.10E-06,7.62E-11,8.33E-06,1.65E-05
1016,33.83333333,33.85,1.18E-05,1.01E-05,2.56E-05,2.63E-07,4.44E-15,0,6.19E-09,7.23E-12,4.11E-07,3.79E-10,3.79E-10,6.24E-09,5.13E-12,1.04E-08,1.24E-05,1.40E-14,6.54E-09,0,1.84E-09,3.22E-08,9.67E-05,8.65E-08,1.96E-06,0.000116203,3.41E-11,0,7.15E-06,1.40E-05,1.50E-08,2.04E-05,4.25E-07,2.78E-07,6.88E-06,7.30E-11,8.03E-06,1.60E-05
1017,33.86666667,33.88333333,1.15E-05,9.82E-06,2.46E-05,2.52E-07,4.22E-15,0,5.94E-09,6.85E-12,3.98E-07,3.64E-10,3.64E-10,5.95E-09,4.77E-12,1.01E-08,1.19E-05,1.33E-14,6.30E-09,0,1.77E-09,3.07E-08,9.35E-05,8.29E-08,1.86E-06,0.000111115,3.27E-11,0,6.90E-06,1.36E-05,1.43E-08,1.98E-05,4.11E-07,2.68E-07,6.67E-06,7.00E-11,7.75E-06,1.55E-05
1018,33.9,33.91666667,1.11E-05,9.54E-06,2.37E-05,2.42E-07,4.00E-15,0,5.70E-09,6.48E-12,3.86E-07,3.50E-10,3.50E-10,5.67E-09,4.43E-12,9.81E-09,1.15E-05,1.24E-14,6.07E-09,0,1.69E-09,2.92E-08,9.03E-05,7.96E-08,1.77E-06,0.000106249,3.15E-11,0,6.65E-06,1.31E-05,1.38E-08,1.92E-05,3.97E-07,2.58E-07,6.46E-06,6.71E-11,7.47E-06,1.50E-05
1019,33.93333333,33.95,1.08E-05,9.28E-06,2.29E-05,2.33E-07,3.77E-15,0,5.48E-09,6.14E-12,3.74E-07,3.37E-10,3.37E-10,5.41E-09,4.12E-12,9.51E-09,1.11E-05,1.18E-14,5.85E-09,0,1.62E-09,2.78E-08,8.73E-05,7.63E-08,1.68E-06,0.000101596,3.02E-11,0,6.41E-06,1.27E-05,1.32E-08,1.86E-05,3.83E-07,2.49E-07,6.26E-06,6.44E-11,7.21E-06,1.46E-05
1020,33.96666667,33.98333333,1.05E-05,9.01E-06,2.20E-05,2.24E-07,3.55E-15,0,5.26E-09,5.81E-12,3.63E-07,3.24E-10,3.24E-10,5.16E-09,3.83E-12,9.22E-09,1.07E-05,1.13E-14,5.64E-09,0,1.55E-09,2.65E-08,8.44E-05,7.32E-08,1.59E-06,9.71E-05,2.90E-11,0,6.18E-06,1.22E-05,1.26E-08,1.81E-05,3.70E-07,2.40E-07,6.07E-06,6.17E-11,6.95E-06,1.42E-05
1021,34,34.01666667,1.02E-05,8.76E-06,2.12E-05,2.15E-07,3.33E-15,0,5.05E-09,5.50E-12,3.52E-07,3.11E-10,3.11E-10,4.92E-09,3.56E-12,8.94E-09,1.03E-05,1.07E-14,5.44E-09,0,1.49E-09,2.53E-08,8.16E-05,7.02E-08,1.51E-06,9.29E-05,2.79E-11,0,5.96E-06,1.18E-05,1.21E-08,1.75E-05,3.58E-07,2.31E-07,5.88E-06,5.92E-11,6.71E-06,1.37E-05
1022,34.03333333,34.05,9.86E-06,8.51E-06,2.04E-05,2.06E-07,3.11E-15,0,4.84E-09,5.21E-12,3.41E-07,2.99E-10,2.99E-10,4.69E-09,3.31E-12,8.67E-09,9.90E-06,9.99E-15,5.24E-09,0,1.42E-09,2.41E-08,7.89E-05,6.73E-08,1.44E-06,8.88E-05,2.68E-11,0,5.74E-06,1.14E-05,1.16E-08,1.70E-05,3.46E-07,2.23E-07,5.70E-06,5.67E-11,6.47E-06,1.33E-05
1023,34.06666667,34.08333333,9.57E-06,8.27E-06,1.97E-05,1.98E-07,2.89E-15,0,4.65E-09,4.93E-12,3.31E-07,2.87E-10,2.87E-10,4.48E-09,3.08E-12,8.41E-09,9.54E-06,9.55E-15,5.05E-09,0,1.36E-09,2.30E-08,7.62E-05,6.46E-08,1.36E-06,8.49E-05,2.58E-11,0,5.54E-06,1.10E-05,1.11E-08,1.65E-05,3.34E-07,2.15E-07,5.52E-06,5.44E-11,6.24E-06,1.29E-05
1024,34.1,34.11666667,9.29E-06,8.04E-06,1.90E-05,1.91E-07,2.89E-15,0,4.46E-09,4.67E-12,3.20E-07,2.76E-10,2.76E-10,4.27E-09,2.86E-12,8.15E-09,9.19E-06,9.10E-15,4.87E-09,0,1.31E-09,2.19E-08,7.37E-05,6.19E-08,1.29E-06,8.12E-05,2.48E-11,0,5.34E-06,1.07E-05,1.07E-08,1.60E-05,3.23E-07,2.07E-07,5.35E-06,5.21E-11,6.02E-06,1.25E-05
1025,34.13333333,34.15,9.01E-06,7.81E-06,1.83E-05,1.83E-07,2.66E-15,0,4.29E-09,4.42E-12,3.11E-07,2.66E-10,2.66E-10,4.07E-09,2.66E-12,7.90E-09,8.86E-06,8.44E-15,4.69E-09,0,1.25E-09,2.09E-08,7.12E-05,5.94E-08,1.23E-06,7.77E-05,2.38E-11,0,5.14E-06,1.03E-05,1.02E-08,1.55E-05,3.12E-07,1.99E-07,5.18E-06,5.00E-11,5.81E-06,1.22E-05
1026,34.16666667,34.18333333,8.74E-06,7.59E-06,1.76E-05,1.76E-07,2.44E-15,0,4.11E-09,4.19E-12,3.01E-07,2.55E-10,2.55E-10,3.89E-09,2.48E-12,7.66E-09,8.54E-06,7.99E-15,4.52E-09,0,1.20E-09,1.99E-08,6.88E-05,5.70E-08,1.16E-06,7.43E-05,2.29E-11,0,4.96E-06,9.96E-06,9.82E-09,1.50E-05,3.01E-07,1.92E-07,5.02E-06,4.79E-11,5.60E-06,1.18E-05
1027,34.2,34.21666667,8.48E-06,7.38E-06,1.70E-05,1.69E-07,2.44E-15,0,3.95E-09,3.97E-12,2.92E-07,2.46E-10,2.46E-10,3.71E-09,2.30E-12,7.43E-09,8.23E-06,7.55E-15,4.36E-09,0,1.15E-09,1.89E-08,6.65E-05,5.47E-08,1.11E-06,7.10E-05,2.20E-11,0,4.78E-06,9.63E-06,9.42E-09,1.46E-05,2.91E-07,1.85E-07,4.86E-06,4.59E-11,5.40E-06,1.14E-05
1028,34.23333333,34.25,8.23E-06,7.17E-06,1.63E-05,1.62E-07,2.22E-15,0,3.79E-09,3.76E-12,2.83E-07,2.36E-10,2.36E-10,3.53E-09,2.14E-12,7.20E-09,7.93E-06,7.33E-15,4.20E-09,0,1.10E-09,1.81E-08,6.43E-05,5.24E-08,1.05E-06,6.79E-05,2.11E-11,0,4.61E-06,9.30E-06,9.03E-09,1.42E-05,2.81E-07,1.78E-07,4.71E-06,4.41E-11,5.21E-06,1.11E-05
1029,34.26666667,34.28333333,7.99E-06,6.97E-06,1.57E-05,1.56E-07,2.22E-15,0,3.64E-09,3.56E-12,2.74E-07,2.27E-10,2.27E-10,3.37E-09,1.99E-12,6.98E-09,7.64E-06,6.88E-15,4.05E-09,0,1.05E-09,1.72E-08,6.22E-05,5.03E-08,9.96E-07,6.49E-05,2.03E-11,0,4.44E-06,8.99E-06,8.66E-09,1.37E-05,2.71E-07,1.72E-07,4.57E-06,4.22E-11,5.03E-06,1.08E-05
1030,34.3,34.31666667,7.75E-06,6.77E-06,1.52E-05,1.50E-07,2.00E-15,0,3.50E-09,3.37E-12,2.66E-07,2.18E-10,2.18E-10,3.21E-09,1.85E-12,6.77E-09,7.36E-06,6.44E-15,3.90E-09,0,1.01E-09,1.64E-08,6.01E-05,4.82E-08,9.45E-07,6.21E-05,1.95E-11,0,4.28E-06,8.69E-06,8.30E-09,1.33E-05,2.62E-07,1.66E-07,4.43E-06,4.05E-11,4.85E-06,1.04E-05
1031,34.33333333,34.35,7.52E-06,6.58E-06,1.46E-05,1.44E-07,2.00E-15,0,3.36E-09,3.19E-12,2.58E-07,2.10E-10,2.10E-10,3.07E-09,1.72E-12,6.57E-09,7.09E-06,6.22E-15,3.76E-09,0,9.67E-10,1.56E-08,5.81E-05,4.63E-08,8.97E-07,5.94E-05,1.87E-11,0,4.13E-06,8.39E-06,7.96E-09,1.29E-05,2.53E-07,1.60E-07,4.29E-06,3.88E-11,4.68E-06,1.01E-05
1032,34.36666667,34.38333333,7.30E-06,6.40E-06,1.41E-05,1.38E-07,1.78E-15,0,3.22E-09,3.02E-12,2.50E-07,2.02E-10,2.02E-10,2.92E-09,1.60E-12,6.37E-09,6.84E-06,5.77E-15,3.63E-09,0,9.26E-10,1.49E-08,5.62E-05,4.44E-08,8.51E-07,5.68E-05,1.80E-11,0,3.98E-06,8.11E-06,7.63E-09,1.25E-05,2.45E-07,1.54E-07,4.15E-06,3.72E-11,4.51E-06,9.83E-06
1033,34.4,34.41666667,7.08E-06,6.22E-06,1.36E-05,1.33E-07,1.78E-15,0,3.09E-09,2.86E-12,2.42E-07,1.94E-10,1.94E-10,2.79E-09,1.49E-12,6.17E-09,6.59E-06,5.55E-15,3.49E-09,0,8.87E-10,1.42E-08,5.43E-05,4.26E-08,8.08E-07,5.43E-05,1.73E-11,0,3.84E-06,7.84E-06,7.32E-09,1.22E-05,2.36E-07,1.48E-07,4.03E-06,3.57E-11,4.35E-06,9.53E-06
1034,34.43333333,34.45,6.87E-06,6.04E-06,1.31E-05,1.28E-07,1.55E-15,0,2.97E-09,2.71E-12,2.35E-07,1.86E-10,1.86E-10,2.66E-09,1.38E-12,5.98E-09,6.35E-06,5.11E-15,3.37E-09,0,8.50E-10,1.35E-08,5.25E-05,4.08E-08,7.67E-07,5.19E-05,1.66E-11,0,3.70E-06,7.57E-06,7.02E-09,1.18E-05,2.28E-07,1.43E-07,3.90E-06,3.42E-11,4.20E-06,9.25E-06
1035,34.46666667,34.48333333,6.67E-06,5.87E-06,1.26E-05,1.23E-07,1.55E-15,0,2.85E-09,2.56E-12,2.28E-07,1.79E-10,1.79E-10,2.54E-09,1.29E-12,5.80E-09,6.12E-06,4.88E-15,3.25E-09,0,8.14E-10,1.29E-08,5.07E-05,3.92E-08,7.28E-07,4.96E-05,1.60E-11,0,3.57E-06,7.32E-06,6.73E-09,1.14E-05,2.21E-07,1.38E-07,3.78E-06,3.28E-11,4.05E-06,8.97E-06
1036,34.5,34.51666667,6.47E-06,5.71E-06,1.21E-05,1.18E-07,1.33E-15,0,2.74E-09,2.43E-12,2.21E-07,1.72E-10,1.72E-10,2.42E-09,1.20E-12,5.63E-09,5.90E-06,4.66E-15,3.13E-09,0,7.80E-10,1.23E-08,4.90E-05,3.76E-08,6.90E-07,4.75E-05,1.53E-11,0,3.44E-06,7.07E-06,6.45E-09,1.11E-05,2.13E-07,1.33E-07,3.66E-06,3.15E-11,3.91E-06,8.70E-06
1037,34.53333333,34.55,6.28E-06,5.54E-06,1.17E-05,1.13E-07,1.33E-15,0,2.63E-09,2.30E-12,2.14E-07,1.66E-10,1.66E-10,2.31E-09,1.11E-12,5.45E-09,5.68E-06,4.44E-15,3.02E-09,0,7.47E-10,1.17E-08,4.74E-05,3.60E-08,6.55E-07,4.54E-05,1.47E-11,0,3.32E-06,6.83E-06,6.19E-09,1.08E-05,2.06E-07,1.28E-07,3.55E-06,3.02E-11,3.77E-06,8.44E-06
1038,34.56666667,34.58333333,6.09E-06,5.39E-06,1.12E-05,1.09E-07,1.33E-15,0,2.52E-09,2.18E-12,2.07E-07,1.59E-10,1.59E-10,2.20E-09,1.03E-12,5.29E-09,5.47E-06,4.22E-15,2.91E-09,0,7.15E-10,1.12E-08,4.58E-05,3.46E-08,6.22E-07,4.34E-05,1.41E-11,0,3.20E-06,6.60E-06,5.93E-09,1.04E-05,1.99E-07,1.23E-07,3.44E-06,2.89E-11,3.63E-06,8.19E-06
1039,34.6,34.61666667,5.91E-06,5.24E-06,1.08E-05,1.04E-07,1.11E-15,0,2.42E-09,2.06E-12,2.01E-07,1.53E-10,1.53E-10,2.10E-09,9.61E-13,5.13E-09,5.28E-06,4.00E-15,2.80E-09,0,6.85E-10,1.06E-08,4.43E-05,3.31E-08,5.90E-07,4.15E-05,1.36E-11,0,3.08E-06,6.38E-06,5.69E-09,1.01E-05,1.92E-07,1.19E-07,3.33E-06,2.77E-11,3.51E-06,7.95E-06
1040,34.63333333,34.65,5.73E-06,5.09E-06,1.04E-05,1.00E-07,1.11E-15,0,2.32E-09,1.95E-12,1.95E-07,1.47E-10,1.47E-10,2.00E-09,8.94E-13,4.97E-09,5.08E-06,3.77E-15,2.70E-09,0,6.56E-10,1.01E-08,4.28E-05,3.18E-08,5.60E-07,3.97E-05,1.31E-11,0,2.97E-06,6.17E-06,5.45E-09,9.82E-06,1.86E-07,1.14E-07,3.23E-06,2.66E-11,3.38E-06,7.71E-06
1041,34.66666667,34.68333333,5.56E-06,4.95E-06,1.01E-05,9.64E-08,1.11E-15,0,2.23E-09,1.85E-12,1.89E-07,1.41E-10,1.41E-10,1.91E-09,8.31E-13,4.82E-09,4.90E-06,3.55E-15,2.60E-09,0,6.29E-10,9.66E-09,4.14E-05,3.05E-08,5.32E-07,3.79E-05,1.26E-11,0,2.86E-06,5.96E-06,5.23E-09,9.53E-06,1.79E-07,1.10E-07,3.13E-06,2.55E-11,3.26E-06,7.48E-06
1042,34.7,34.71666667,5.40E-06,4.81E-06,9.69E-06,9.26E-08,1.11E-15,0,2.14E-09,1.75E-12,1.83E-07,1.36E-10,1.36E-10,1.82E-09,7.72E-13,4.67E-09,4.72E-06,3.33E-15,2.51E-09,0,6.02E-10,9.21E-09,4.00E-05,2.92E-08,5.05E-07,3.63E-05,1.21E-11,0,2.76E-06,5.76E-06,5.01E-09,9.24E-06,1.73E-07,1.06E-07,3.03E-06,2.44E-11,3.15E-06,7.25E-06
1043,34.73333333,34.75,5.24E-06,4.67E-06,9.33E-06,8.90E-08,8.88E-16,0,2.06E-09,1.66E-12,1.78E-07,1.31E-10,1.31E-10,1.74E-09,7.18E-13,4.53E-09,4.55E-06,3.11E-15,2.42E-09,0,5.77E-10,8.77E-09,3.86E-05,2.80E-08,4.79E-07,3.47E-05,1.16E-11,0,2.66E-06,5.57E-06,4.81E-09,8.97E-06,1.67E-07,1.02E-07,2.94E-06,2.34E-11,3.03E-06,7.04E-06
1044,34.76666667,34.78333333,5.08E-06,4.54E-06,8.99E-06,8.55E-08,8.88E-16,0,1.97E-09,1.57E-12,1.72E-07,1.26E-10,1.26E-10,1.66E-09,6.68E-13,4.39E-09,4.38E-06,3.11E-15,2.33E-09,0,5.53E-10,8.36E-09,3.74E-05,2.69E-08,4.54E-07,3.32E-05,1.11E-11,0,2.57E-06,5.38E-06,4.61E-09,8.70E-06,1.62E-07,9.85E-08,2.85E-06,2.25E-11,2.93E-06,6.83E-06
1045,34.8,34.81666667,4.93E-06,4.41E-06,8.66E-06,8.22E-08,8.88E-16,0,1.90E-09,1.49E-12,1.67E-07,1.21E-10,1.21E-10,1.58E-09,6.21E-13,4.26E-09,4.22E-06,2.89E-15,2.25E-09,0,5.29E-10,7.97E-09,3.61E-05,2.58E-08,4.31E-07,3.17E-05,1.07E-11,0,2.47E-06,5.20E-06,4.42E-09,8.44E-06,1.56E-07,9.49E-08,2.76E-06,2.15E-11,2.82E-06,6.62E-06
1046,34.83333333,34.85,4.79E-06,4.29E-06,8.35E-06,7.89E-08,8.88E-16,0,1.82E-09,1.41E-12,1.62E-07,1.16E-10,1.16E-10,1.51E-09,5.77E-13,4.13E-09,4.07E-06,2.66E-15,2.16E-09,0,5.07E-10,7.59E-09,3.49E-05,2.48E-08,4.09E-07,3.03E-05,1.03E-11,0,2.38E-06,5.02E-06,4.24E-09,8.18E-06,1.51E-07,9.15E-08,2.67E-06,2.06E-11,2.72E-06,6.42E-06
1047,34.86666667,34.88333333,4.64E-06,4.17E-06,8.04E-06,7.58E-08,6.66E-16,0,1.75E-09,1.33E-12,1.57E-07,1.12E-10,1.12E-10,1.44E-09,5.37E-13,4.01E-09,3.92E-06,2.44E-15,2.09E-09,0,4.86E-10,7.24E-09,3.37E-05,2.37E-08,3.88E-07,2.90E-05,9.88E-12,0,2.30E-06,4.85E-06,4.06E-09,7.94E-06,1.46E-07,8.81E-08,2.59E-06,1.98E-11,2.63E-06,6.23E-06
1048,34.9,34.91666667,4.51E-06,4.05E-06,7.74E-06,7.28E-08,6.66E-16,0,1.68E-09,1.26E-12,1.52E-07,1.07E-10,1.07E-10,1.37E-09,4.99E-13,3.88E-09,3.78E-06,2.44E-15,2.01E-09,0,4.65E-10,6.90E-09,3.26E-05,2.28E-08,3.69E-07,2.77E-05,9.49E-12,0,2.22E-06,4.69E-06,3.90E-09,7.70E-06,1.41E-07,8.49E-08,2.51E-06,1.90E-11,2.53E-06,6.04E-06
1049,34.93333333,34.95,4.37E-06,3.93E-06,7.46E-06,7.00E-08,6.66E-16,0,1.61E-09,1.19E-12,1.47E-07,1.03E-10,1.03E-10,1.31E-09,4.64E-13,3.77E-09,3.64E-06,2.22E-15,1.94E-09,0,4.46E-10,6.57E-09,3.15E-05,2.18E-08,3.50E-07,2.65E-05,9.12E-12,0,2.14E-06,4.53E-06,3.74E-09,7.47E-06,1.36E-07,8.18E-08,2.43E-06,1.82E-11,2.44E-06,5.86E-06
1050,34.96666667,34.98333333,4.24E-06,3.82E-06,7.19E-06,6.72E-08,6.66E-16,0,1.55E-09,1.13E-12,1.43E-07,9.91E-11,9.91E-11,1.25E-09,4.31E-13,3.65E-09,3.51E-06,2.22E-15,1.87E-09,0,4.27E-10,6.27E-09,3.05E-05,2.09E-08,3.32E-07,2.53E-05,8.76E-12,0,2.06E-06,4.38E-06,3.58E-09,7.24E-06,1.31E-07,7.88E-08,2.35E-06,1.74E-11,2.36E-06,5.69E-06
1051,35,35.01666667,4.12E-06,3.72E-06,6.92E-06,6.46E-08,6.66E-16,0,1.48E-09,1.07E-12,1.38E-07,9.53E-11,9.53E-11,1.19E-09,4.01E-13,3.54E-09,3.38E-06,2.00E-15,1.80E-09,0,4.09E-10,5.97E-09,2.95E-05,2.01E-08,3.15E-07,2.42E-05,8.42E-12,0,1.99E-06,4.23E-06,3.44E-09,7.03E-06,1.27E-07,7.60E-08,2.28E-06,1.67E-11,2.27E-06,5.52E-06
1052,35.03333333,35.05,3.99E-06,3.61E-06,6.67E-06,6.21E-08,6.66E-16,0,1.42E-09,1.01E-12,1.34E-07,9.16E-11,9.16E-11,1.13E-09,3.73E-13,3.43E-09,3.26E-06,2.00E-15,1.74E-09,0,3.92E-10,5.69E-09,2.85E-05,1.93E-08,2.99E-07,2.32E-05,8.09E-12,0,1.91E-06,4.09E-06,3.29E-09,6.82E-06,1.23E-07,7.32E-08,2.21E-06,1.60E-11,2.19E-06,5.35E-06
1053,35.06666667,35.08333333,3.87E-06,3.51E-06,6.43E-06,5.96E-08,4.44E-16,0,1.37E-09,9.60E-13,1.30E-07,8.80E-11,8.80E-11,1.08E-09,3.47E-13,3.33E-09,3.14E-06,1.78E-15,1.67E-09,0,3.75E-10,5.42E-09,2.75E-05,1.85E-08,2.84E-07,2.22E-05,7.77E-12,0,1.85E-06,3.95E-06,3.16E-09,6.61E-06,1.19E-07,7.05E-08,2.14E-06,1.54E-11,2.12E-06,5.19E-06
1054,35.1,35.11666667,3.76E-06,3.41E-06,6.19E-06,5.73E-08,4.44E-16,0,1.31E-09,9.09E-13,1.26E-07,8.46E-11,8.46E-11,1.03E-09,3.22E-13,3.23E-09,3.03E-06,1.78E-15,1.61E-09,0,3.59E-10,5.17E-09,2.66E-05,1.77E-08,2.69E-07,2.12E-05,7.47E-12,0,1.78E-06,3.82E-06,3.03E-09,6.41E-06,1.15E-07,6.80E-08,2.08E-06,1.47E-11,2.04E-06,5.04E-06
1055,35.13333333,35.15,3.65E-06,3.31E-06,5.96E-06,5.50E-08,4.44E-16,0,1.26E-09,8.60E-13,1.22E-07,8.14E-11,8.14E-11,9.84E-10,3.00E-13,3.13E-09,2.92E-06,1.55E-15,1.55E-09,0,3.44E-10,4.93E-09,2.57E-05,1.70E-08,2.56E-07,2.03E-05,7.17E-12,0,1.72E-06,3.69E-06,2.90E-09,6.22E-06,1.11E-07,6.55E-08,2.01E-06,1.41E-11,1.97E-06,4.89E-06
1056,35.16666667,35.18333333,3.54E-06,3.22E-06,5.75E-06,5.29E-08,4.44E-16,0,1.21E-09,8.15E-13,1.19E-07,7.82E-11,7.82E-11,9.39E-10,2.79E-13,3.03E-09,2.81E-06,1.55E-15,1.50E-09,0,3.30E-10,4.69E-09,2.49E-05,1.63E-08,2.43E-07,1.94E-05,6.89E-12,0,1.65E-06,3.57E-06,2.78E-09,6.03E-06,1.07E-07,6.31E-08,1.95E-06,1.36E-11,1.90E-06,4.74E-06
1057,35.2,35.21666667,3.43E-06,3.13E-06,5.54E-06,5.08E-08,4.44E-16,0,1.16E-09,7.71E-13,1.15E-07,7.52E-11,7.52E-11,8.96E-10,2.59E-13,2.94E-09,2.71E-06,1.55E-15,1.44E-09,0,3.16E-10,4.47E-09,2.40E-05,1.56E-08,2.30E-07,1.85E-05,6.62E-12,0,1.59E-06,3.45E-06,2.67E-09,5.85E-06,1.03E-07,6.08E-08,1.89E-06,1.30E-11,1.83E-06,4.60E-06
1058,35.23333333,35.25,3.33E-06,3.04E-06,5.33E-06,4.88E-08,4.44E-16,0,1.11E-09,7.30E-13,1.11E-07,7.23E-11,7.23E-11,8.54E-10,2.41E-13,2.85E-09,2.61E-06,1.33E-15,1.39E-09,0,3.02E-10,4.26E-09,2.32E-05,1.50E-08,2.19E-07,1.77E-05,6.36E-12,0,1.54E-06,3.33E-06,2.56E-09,5.68E-06,9.98E-08,5.86E-08,1.83E-06,1.25E-11,1.77E-06,4.46E-06
1059,35.26666667,35.28333333,3.23E-06,2.96E-06,5.14E-06,4.69E-08,4.44E-16,0,1.07E-09,6.92E-13,1.08E-07,6.95E-11,6.95E-11,8.15E-10,2.24E-13,2.76E-09,2.52E-06,1.33E-15,1.34E-09,0,2.90E-10,4.06E-09,2.24E-05,1.44E-08,2.07E-07,1.69E-05,6.11E-12,0,1.48E-06,3.22E-06,2.45E-09,5.51E-06,9.64E-08,5.65E-08,1.77E-06,1.19E-11,1.70E-06,4.33E-06
1060,35.3,35.31666667,3.14E-06,2.87E-06,4.95E-06,4.50E-08,4.44E-16,0,1.03E-09,6.55E-13,1.05E-07,6.68E-11,6.68E-11,7.77E-10,2.08E-13,2.68E-09,2.42E-06,1.33E-15,1.29E-09,0,2.78E-10,3.87E-09,2.17E-05,1.38E-08,1.97E-07,1.62E-05,5.88E-12,0,1.43E-06,3.11E-06,2.35E-09,5.34E-06,9.31E-08,5.44E-08,1.72E-06,1.15E-11,1.64E-06,4.20E-06
1061,35.33333333,35.35,3.04E-06,2.79E-06,4.77E-06,4.33E-08,4.44E-16,0,9.87E-10,6.20E-13,1.02E-07,6.42E-11,6.42E-11,7.41E-10,1.94E-13,2.60E-09,2.34E-06,1.11E-15,1.25E-09,0,2.66E-10,3.69E-09,2.10E-05,1.32E-08,1.87E-07,1.55E-05,5.65E-12,0,1.38E-06,3.00E-06,2.26E-09,5.18E-06,9.00E-08,5.24E-08,1.66E-06,1.10E-11,1.59E-06,4.07E-06
1062,35.36666667,35.38333333,2.95E-06,2.71E-06,4.59E-06,4.16E-08,4.44E-16,0,9.47E-10,5.87E-13,9.84E-08,6.17E-11,6.17E-11,7.07E-10,1.80E-13,2.52E-09,2.25E-06,1.11E-15,1.20E-09,0,2.55E-10,3.52E-09,2.03E-05,1.27E-08,1.77E-07,1.48E-05,5.42E-12,0,1.33E-06,2.90E-06,2.16E-09,5.03E-06,8.69E-08,5.05E-08,1.61E-06,1.05E-11,1.53E-06,3.95E-06
1063,35.4,35.41666667,2.87E-06,2.64E-06,4.42E-06,3.99E-08,2.22E-16,0,9.09E-10,5.56E-13,9.54E-08,5.94E-11,5.94E-11,6.74E-10,1.67E-13,2.44E-09,2.17E-06,1.11E-15,1.16E-09,0,2.44E-10,3.35E-09,1.96E-05,1.22E-08,1.68E-07,1.42E-05,5.21E-12,0,1.28E-06,2.81E-06,2.07E-09,4.88E-06,8.40E-08,4.87E-08,1.56E-06,1.01E-11,1.48E-06,3.83E-06
1064,35.43333333,35.45,2.78E-06,2.56E-06,4.26E-06,3.84E-08,2.22E-16,0,8.73E-10,5.26E-13,9.25E-08,5.71E-11,5.71E-11,6.43E-10,1.56E-13,2.37E-09,2.09E-06,1.11E-15,1.12E-09,0,2.34E-10,3.19E-09,1.89E-05,1.17E-08,1.60E-07,1.35E-05,5.01E-12,0,1.23E-06,2.71E-06,1.99E-09,4.73E-06,8.11E-08,4.69E-08,1.51E-06,9.68E-12,1.42E-06,3.72E-06
1065,35.46666667,35.48333333,2.70E-06,2.49E-06,4.11E-06,3.69E-08,2.22E-16,0,8.38E-10,4.98E-13,8.97E-08,5.48E-11,5.48E-11,6.13E-10,1.45E-13,2.30E-09,2.01E-06,8.88E-16,1.07E-09,0,2.24E-10,3.04E-09,1.83E-05,1.12E-08,1.52E-07,1.29E-05,4.81E-12,0,1.19E-06,2.62E-06,1.91E-09,4.59E-06,7.84E-08,4.52E-08,1.47E-06,9.28E-12,1.37E-06,3.61E-06
1066,35.5,35.51666667,2.62E-06,2.42E-06,3.96E-06,3.54E-08,2.22E-16,0,8.04E-10,4.72E-13,8.69E-08,5.27E-11,5.27E-11,5.85E-10,1.35E-13,2.23E-09,1.94E-06,8.88E-16,1.04E-09,0,2.14E-10,2.90E-09,1.77E-05,1.07E-08,1.44E-07,1.24E-05,4.62E-12,0,1.15E-06,2.53E-06,1.83E-09,4.45E-06,7.57E-08,4.36E-08,1.42E-06,8.89E-12,1.32E-06,3.50E-06
1067,35.53333333,35.55,2.54E-06,2.35E-06,3.81E-06,3.40E-08,2.22E-16,0,7.72E-10,4.47E-13,8.43E-08,5.07E-11,5.07E-11,5.58E-10,1.25E-13,2.16E-09,1.87E-06,8.88E-16,9.99E-10,0,2.05E-10,2.77E-09,1.71E-05,1.03E-08,1.37E-07,1.18E-05,4.44E-12,0,1.11E-06,2.45E-06,1.75E-09,4.32E-06,7.31E-08,4.20E-08,1.38E-06,8.53E-12,1.28E-06,3.39E-06
1068,35.56666667,35.58333333,2.47E-06,2.29E-06,3.67E-06,3.27E-08,2.22E-16,0,7.41E-10,4.23E-13,8.17E-08,4.87E-11,4.87E-11,5.32E-10,1.16E-13,2.09E-09,1.80E-06,8.88E-16,9.62E-10,0,1.97E-10,2.64E-09,1.65E-05,9.89E-09,1.30E-07,1.13E-05,4.27E-12,0,1.07E-06,2.36E-06,1.68E-09,4.19E-06,7.07E-08,4.04E-08,1.33E-06,8.18E-12,1.23E-06,3.29E-06
1069,35.6,35.61666667,2.39E-06,2.22E-06,3.54E-06,3.14E-08,2.22E-16,0,7.12E-10,4.01E-13,7.92E-08,4.68E-11,4.68E-11,5.07E-10,1.08E-13,2.03E-09,1.74E-06,6.66E-16,9.28E-10,0,1.88E-10,2.51E-09,1.60E-05,9.48E-09,1.23E-07,1.08E-05,4.10E-12,0,1.03E-06,2.28E-06,1.61E-09,4.06E-06,6.83E-08,3.90E-08,1.29E-06,7.84E-12,1.19E-06,3.19E-06
1070,35.63333333,35.65,2.32E-06,2.16E-06,3.41E-06,3.02E-08,2.22E-16,0,6.83E-10,3.79E-13,7.68E-08,4.50E-11,4.50E-11,4.84E-10,1.01E-13,1.97E-09,1.67E-06,6.66E-16,8.94E-10,0,1.80E-10,2.39E-09,1.54E-05,9.10E-09,1.17E-07,1.04E-05,3.94E-12,0,9.90E-07,2.21E-06,1.55E-09,3.94E-06,6.59E-08,3.75E-08,1.25E-06,7.52E-12,1.15E-06,3.10E-06
1071,35.66666667,35.68333333,2.25E-06,2.10E-06,3.28E-06,2.90E-08,2.22E-16,0,6.56E-10,3.59E-13,7.44E-08,4.33E-11,4.33E-11,4.62E-10,9.35E-14,1.91E-09,1.61E-06,6.66E-16,8.62E-10,0,1.73E-10,2.28E-09,1.49E-05,8.73E-09,1.11E-07,9.90E-06,3.79E-12,0,9.55E-07,2.13E-06,1.48E-09,3.82E-06,6.37E-08,3.62E-08,1.21E-06,7.21E-12,1.11E-06,3.01E-06
1072,35.7,35.71666667,2.19E-06,2.04E-06,3.16E-06,2.78E-08,2.22E-16,0,6.30E-10,3.40E-13,7.21E-08,4.16E-11,4.16E-11,4.40E-10,8.70E-14,1.85E-09,1.55E-06,6.66E-16,8.31E-10,0,1.66E-10,2.17E-09,1.44E-05,8.37E-09,1.05E-07,9.46E-06,3.64E-12,0,9.20E-07,2.06E-06,1.42E-09,3.71E-06,6.15E-08,3.49E-08,1.18E-06,6.91E-12,1.07E-06,2.92E-06
1073,35.73333333,35.75,2.12E-06,1.98E-06,3.05E-06,2.68E-08,2.22E-16,0,6.05E-10,3.22E-13,6.99E-08,4.00E-11,4.00E-11,4.20E-10,8.08E-14,1.79E-09,1.50E-06,6.66E-16,8.00E-10,0,1.59E-10,2.07E-09,1.40E-05,8.03E-09,9.98E-08,9.05E-06,3.50E-12,0,8.87E-07,1.99E-06,1.36E-09,3.60E-06,5.95E-08,3.36E-08,1.14E-06,6.62E-12,1.03E-06,2.83E-06
1074,35.76666667,35.78333333,2.06E-06,1.93E-06,2.94E-06,2.57E-08,2.22E-16,0,5.80E-10,3.05E-13,6.78E-08,3.85E-11,3.85E-11,4.00E-10,7.53E-14,1.74E-09,1.44E-06,6.66E-16,7.72E-10,0,1.52E-10,1.97E-09,1.35E-05,7.70E-09,9.47E-08,8.65E-06,3.36E-12,0,8.55E-07,1.92E-06,1.31E-09,3.49E-06,5.74E-08,3.24E-08,1.10E-06,6.35E-12,9.92E-07,2.74E-06
1075,35.8,35.81666667,2.00E-06,1.87E-06,2.83E-06,2.47E-08,2.22E-16,0,5.57E-10,2.89E-13,6.57E-08,3.70E-11,3.70E-11,3.82E-10,6.99E-14,1.69E-09,1.39E-06,4.44E-16,7.44E-10,0,1.46E-10,1.88E-09,1.30E-05,7.39E-09,8.99E-08,8.27E-06,3.23E-12,0,8.25E-07,1.86E-06,1.25E-09,3.38E-06,5.55E-08,3.12E-08,1.07E-06,6.09E-12,9.57E-07,2.66E-06
1076,35.83333333,35.85,1.94E-06,1.82E-06,2.72E-06,2.37E-08,2.22E-16,0,5.35E-10,2.73E-13,6.37E-08,3.55E-11,3.55E-11,3.64E-10,6.51E-14,1.64E-09,1.34E-06,4.44E-16,7.17E-10,0,1.39E-10,1.79E-09,1.26E-05,7.08E-09,8.53E-08,7.91E-06,3.10E-12,0,7.95E-07,1.80E-06,1.20E-09,3.28E-06,5.36E-08,3.01E-08,1.04E-06,5.84E-12,9.23E-07,2.58E-06
1077,35.86666667,35.88333333,1.88E-06,1.77E-06,2.62E-06,2.28E-08,2.22E-16,0,5.14E-10,2.59E-13,6.18E-08,3.42E-11,3.42E-11,3.47E-10,6.04E-14,1.59E-09,1.29E-06,4.44E-16,6.91E-10,0,1.34E-10,1.71E-09,1.22E-05,6.79E-09,8.09E-08,7.57E-06,2.98E-12,0,7.66E-07,1.74E-06,1.15E-09,3.18E-06,5.18E-08,2.90E-08,1.00E-06,5.60E-12,8.91E-07,2.50E-06
1078,35.9,35.91666667,1.82E-06,1.72E-06,2.53E-06,2.19E-08,2.22E-16,0,4.93E-10,2.45E-13,5.99E-08,3.28E-11,3.28E-11,3.31E-10,5.62E-14,1.54E-09,1.25E-06,4.44E-16,6.66E-10,0,1.28E-10,1.63E-09,1.18E-05,6.52E-09,7.68E-08,7.23E-06,2.86E-12,0,7.39E-07,1.68E-06,1.10E-09,3.09E-06,5.00E-08,2.79E-08,9.73E-07,5.37E-12,8.59E-07,2.43E-06
1079,35.93333333,35.95,1.77E-06,1.67E-06,2.44E-06,2.10E-08,2.22E-16,0,4.73E-10,2.32E-13,5.80E-08,3.16E-11,3.16E-11,3.16E-10,5.22E-14,1.49E-09,1.20E-06,4.44E-16,6.42E-10,0,1.23E-10,1.55E-09,1.14E-05,6.25E-09,7.29E-08,6.92E-06,2.75E-12,0,7.12E-07,1.62E-06,1.06E-09,3.00E-06,4.83E-08,2.69E-08,9.43E-07,5.15E-12,8.29E-07,2.36E-06
1080,35.96666667,35.98333333,1.72E-06,1.62E-06,2.35E-06,2.02E-08,2.22E-16,0,4.54E-10,2.20E-13,5.63E-08,3.04E-11,3.04E-11,3.01E-10,4.86E-14,1.45E-09,1.16E-06,4.44E-16,6.19E-10,0,1.17E-10,1.48E-09,1.10E-05,6.00E-09,6.92E-08,6.61E-06,2.64E-12,0,6.87E-07,1.57E-06,1.02E-09,2.91E-06,4.67E-08,2.59E-08,9.14E-07,4.93E-12,7.99E-07,2.29E-06
1081,36,36.01666667,1.67E-06,1.58E-06,2.26E-06,1.94E-08,2.22E-16,0,4.36E-10,2.08E-13,5.45E-08,2.92E-11,2.92E-11,2.88E-10,4.51E-14,1.40E-09,1.11E-06,4.44E-16,5.96E-10,0,1.12E-10,1.41E-09,1.06E-05,5.75E-09,6.57E-08,6.32E-06,2.54E-12,0,6.62E-07,1.51E-06,9.74E-10,2.82E-06,4.51E-08,2.50E-08,8.85E-07,4.73E-12,7.71E-07,2.22E-06
1082,36.03333333,36.05,1.62E-06,1.53E-06,2.18E-06,1.87E-08,0,0,4.19E-10,1.97E-13,5.29E-08,2.81E-11,2.81E-11,2.74E-10,4.20E-14,1.36E-09,1.07E-06,4.44E-16,5.75E-10,0,1.08E-10,1.34E-09,1.03E-05,5.52E-09,6.23E-08,6.05E-06,2.44E-12,0,6.38E-07,1.46E-06,9.34E-10,2.73E-06,4.36E-08,2.41E-08,8.58E-07,4.54E-12,7.44E-07,2.15E-06
1083,36.06666667,36.08333333,1.57E-06,1.49E-06,2.10E-06,1.79E-08,0,0,4.02E-10,1.87E-13,5.13E-08,2.70E-11,2.70E-11,2.62E-10,3.91E-14,1.32E-09,1.03E-06,4.44E-16,5.54E-10,0,1.03E-10,1.28E-09,9.93E-06,5.29E-09,5.91E-08,5.78E-06,2.34E-12,0,6.15E-07,1.41E-06,8.95E-10,2.65E-06,4.21E-08,2.32E-08,8.31E-07,4.35E-12,7.17E-07,2.09E-06
1084,36.1,36.11666667,1.52E-06,1.45E-06,2.02E-06,1.72E-08,0,0,3.86E-10,1.77E-13,4.97E-08,2.59E-11,2.59E-11,2.49E-10,3.62E-14,1.28E-09,9.97E-07,4.44E-16,5.34E-10,0,9.88E-11,1.22E-09,9.60E-06,5.07E-09,5.61E-08,5.53E-06,2.25E-12,0,5.93E-07,1.37E-06,8.58E-10,2.57E-06,4.07E-08,2.23E-08,8.05E-07,4.17E-12,6.92E-07,2.02E-06
1085,36.13333333,36.15,1.48E-06,1.41E-06,1.95E-06,1.65E-08,0,0,3.71E-10,1.67E-13,4.82E-08,2.49E-11,2.49E-11,2.38E-10,3.38E-14,1.24E-09,9.61E-07,2.22E-16,5.14E-10,0,9.46E-11,1.16E-09,9.28E-06,4.87E-09,5.33E-08,5.29E-06,2.16E-12,0,5.72E-07,1.32E-06,8.23E-10,2.50E-06,3.93E-08,2.15E-08,7.80E-07,4.00E-12,6.67E-07,1.96E-06
1086,36.16666667,36.18333333,1.43E-06,1.37E-06,1.88E-06,1.59E-08,0,0,3.56E-10,1.58E-13,4.67E-08,2.40E-11,2.40E-11,2.27E-10,3.13E-14,1.20E-09,9.26E-07,2.22E-16,4.96E-10,0,9.06E-11,1.11E-09,8.97E-06,4.67E-09,5.06E-08,5.06E-06,2.08E-12,0,5.51E-07,1.28E-06,7.89E-10,2.42E-06,3.80E-08,2.07E-08,7.56E-07,3.83E-12,6.44E-07,1.91E-06
1087,36.2,36.21666667,1.39E-06,1.33E-06,1.81E-06,1.53E-08,0,0,3.41E-10,1.50E-13,4.53E-08,2.30E-11,2.30E-11,2.16E-10,2.91E-14,1.16E-09,8.92E-07,2.22E-16,4.78E-10,0,8.68E-11,1.06E-09,8.67E-06,4.48E-09,4.80E-08,4.83E-06,2.00E-12,0,5.31E-07,1.23E-06,7.57E-10,2.35E-06,3.67E-08,2.00E-08,7.33E-07,3.67E-12,6.21E-07,1.85E-06
1088,36.23333333,36.25,1.35E-06,1.29E-06,1.74E-06,1.47E-08,0,0,3.28E-10,1.42E-13,4.39E-08,2.21E-11,2.21E-11,2.06E-10,2.71E-14,1.13E-09,8.60E-07,2.22E-16,4.61E-10,0,8.32E-11,1.01E-09,8.38E-06,4.29E-09,4.55E-08,4.62E-06,1.92E-12,0,5.12E-07,1.19E-06,7.25E-10,2.28E-06,3.54E-08,1.93E-08,7.10E-07,3.52E-12,5.99E-07,1.79E-06
1089,36.26666667,36.28333333,1.31E-06,1.25E-06,1.68E-06,1.41E-08,0,0,3.15E-10,1.35E-13,4.25E-08,2.13E-11,2.13E-11,1.97E-10,2.53E-14,1.09E-09,8.29E-07,2.22E-16,4.44E-10,0,7.97E-11,9.60E-10,8.10E-06,4.12E-09,4.32E-08,4.42E-06,1.84E-12,0,4.94E-07,1.15E-06,6.96E-10,2.21E-06,3.42E-08,1.86E-08,6.88E-07,3.38E-12,5.78E-07,1.74E-06
1090,36.3,36.31666667,1.27E-06,1.22E-06,1.62E-06,1.35E-08,0,0,3.02E-10,1.27E-13,4.12E-08,2.05E-11,2.05E-11,1.88E-10,2.35E-14,1.06E-09,7.98E-07,2.22E-16,4.28E-10,0,7.63E-11,9.14E-10,7.83E-06,3.95E-09,4.10E-08,4.23E-06,1.77E-12,0,4.76E-07,1.11E-06,6.67E-10,2.14E-06,3.31E-08,1.79E-08,6.67E-07,3.24E-12,5.57E-07,1.69E-06
1091,36.33333333,36.35,1.23E-06,1.18E-06,1.56E-06,1.30E-08,0,0,2.90E-10,1.21E-13,4.00E-08,1.97E-11,1.97E-11,1.79E-10,2.18E-14,1.03E-09,7.69E-07,2.22E-16,4.12E-10,0,7.31E-11,8.72E-10,7.57E-06,3.79E-09,3.89E-08,4.04E-06,1.70E-12,0,4.59E-07,1.08E-06,6.40E-10,2.08E-06,3.19E-08,1.72E-08,6.46E-07,3.10E-12,5.38E-07,1.64E-06
1092,36.36666667,36.38333333,1.20E-06,1.15E-06,1.50E-06,1.25E-08,0,0,2.78E-10,1.14E-13,3.88E-08,1.89E-11,1.89E-11,1.71E-10,2.02E-14,9.98E-10,7.41E-07,2.22E-16,3.97E-10,0,7.00E-11,8.31E-10,7.32E-06,3.63E-09,3.69E-08,3.86E-06,1.64E-12,0,4.43E-07,1.04E-06,6.13E-10,2.02E-06,3.09E-08,1.66E-08,6.26E-07,2.98E-12,5.19E-07,1.59E-06
1093,36.4,36.41666667,1.16E-06,1.12E-06,1.44E-06,1.20E-08,0,0,2.67E-10,1.08E-13,3.76E-08,1.82E-11,1.82E-11,1.63E-10,1.89E-14,9.67E-10,7.15E-07,2.22E-16,3.83E-10,0,6.71E-11,7.92E-10,7.07E-06,3.49E-09,3.51E-08,3.70E-06,1.57E-12,0,4.27E-07,1.00E-06,5.88E-10,1.96E-06,2.98E-08,1.60E-08,6.06E-07,2.85E-12,5.00E-07,1.54E-06
1094,36.43333333,36.45,1.13E-06,1.09E-06,1.39E-06,1.15E-08,0,0,2.57E-10,1.02E-13,3.64E-08,1.75E-11,1.75E-11,1.55E-10,1.75E-14,9.38E-10,6.89E-07,2.22E-16,3.69E-10,0,6.42E-11,7.54E-10,6.84E-06,3.34E-09,3.33E-08,3.53E-06,1.51E-12,0,4.11E-07,9.70E-07,5.64E-10,1.90E-06,2.88E-08,1.54E-08,5.88E-07,2.74E-12,4.82E-07,1.49E-06
1095,36.46666667,36.48333333,1.09E-06,1.06E-06,1.34E-06,1.11E-08,0,0,2.46E-10,9.70E-14,3.53E-08,1.68E-11,1.68E-11,1.48E-10,1.62E-14,9.09E-10,6.64E-07,2.22E-16,3.56E-10,0,6.15E-11,7.19E-10,6.61E-06,3.21E-09,3.16E-08,3.38E-06,1.45E-12,0,3.97E-07,9.38E-07,5.41E-10,1.84E-06,2.78E-08,1.49E-08,5.69E-07,2.62E-12,4.65E-07,1.45E-06
1096,36.5,36.51666667,1.06E-06,1.03E-06,1.29E-06,1.06E-08,0,0,2.37E-10,9.17E-14,3.42E-08,1.61E-11,1.61E-11,1.41E-10,1.51E-14,8.82E-10,6.39E-07,2.22E-16,3.43E-10,0,5.89E-11,6.85E-10,6.39E-06,3.08E-09,3.00E-08,3.23E-06,1.39E-12,0,3.82E-07,9.06E-07,5.18E-10,1.78E-06,2.69E-08,1.43E-08,5.52E-07,2.52E-12,4.49E-07,1.41E-06
1097,36.53333333,36.55,1.03E-06,9.98E-07,1.24E-06,1.02E-08,0,0,2.27E-10,8.68E-14,3.32E-08,1.55E-11,1.55E-11,1.35E-10,1.40E-14,8.55E-10,6.16E-07,2.22E-16,3.31E-10,0,5.65E-11,6.53E-10,6.17E-06,2.95E-09,2.84E-08,3.09E-06,1.34E-12,0,3.69E-07,8.76E-07,4.97E-10,1.73E-06,2.60E-08,1.38E-08,5.34E-07,2.41E-12,4.33E-07,1.36E-06
1098,36.56666667,36.58333333,9.98E-07,9.70E-07,1.20E-06,9.82E-09,0,0,2.18E-10,8.24E-14,3.22E-08,1.49E-11,1.49E-11,1.29E-10,1.31E-14,8.29E-10,5.94E-07,2.22E-16,3.19E-10,0,5.41E-11,6.22E-10,5.97E-06,2.83E-09,2.70E-08,2.95E-06,1.29E-12,0,3.55E-07,8.46E-07,4.77E-10,1.68E-06,2.51E-08,1.33E-08,5.18E-07,2.31E-12,4.18E-07,1.32E-06
1099,36.6,36.61666667,9.68E-07,9.42E-07,1.15E-06,9.44E-09,0,0,2.09E-10,7.79E-14,3.12E-08,1.43E-11,1.43E-11,1.23E-10,1.22E-14,8.04E-10,5.72E-07,2.22E-16,3.07E-10,0,5.18E-11,5.93E-10,5.77E-06,2.71E-09,2.56E-08,2.82E-06,1.24E-12,0,3.42E-07,8.18E-07,4.57E-10,1.63E-06,2.42E-08,1.28E-08,5.02E-07,2.22E-12,4.03E-07,1.28E-06
1100,36.63333333,36.65,9.40E-07,9.16E-07,1.11E-06,9.07E-09,0,0,2.01E-10,7.37E-14,3.02E-08,1.38E-11,1.38E-11,1.17E-10,1.13E-14,7.79E-10,5.51E-07,2.22E-16,2.96E-10,0,4.96E-11,5.65E-10,5.58E-06,2.60E-09,2.43E-08,2.70E-06,1.19E-12,0,3.30E-07,7.90E-07,4.38E-10,1.58E-06,2.34E-08,1.23E-08,4.86E-07,2.13E-12,3.89E-07,1.25E-06
1101,36.66666667,36.68333333,9.12E-07,8.90E-07,1.07E-06,8.71E-09,0,0,1.93E-10,6.99E-14,2.93E-08,1.33E-11,1.33E-11,1.12E-10,1.04E-14,7.56E-10,5.31E-07,2.22E-16,2.85E-10,0,4.75E-11,5.39E-10,5.39E-06,2.50E-09,2.31E-08,2.58E-06,1.14E-12,0,3.18E-07,7.64E-07,4.20E-10,1.53E-06,2.26E-08,1.19E-08,4.71E-07,2.04E-12,3.75E-07,1.21E-06
1102,36.7,36.71666667,8.85E-07,8.65E-07,1.03E-06,8.37E-09,0,0,1.85E-10,6.62E-14,2.84E-08,1.27E-11,1.27E-11,1.06E-10,9.77E-15,7.33E-10,5.12E-07,2.22E-16,2.75E-10,0,4.55E-11,5.13E-10,5.21E-06,2.40E-09,2.19E-08,2.47E-06,1.10E-12,0,3.07E-07,7.38E-07,4.03E-10,1.49E-06,2.19E-08,1.15E-08,4.56E-07,1.95E-12,3.62E-07,1.17E-06
1103,36.73333333,36.75,8.58E-07,8.41E-07,9.95E-07,8.04E-09,0,0,1.78E-10,6.26E-14,2.75E-08,1.23E-11,1.23E-11,1.01E-10,9.10E-15,7.10E-10,4.93E-07,2.22E-16,2.65E-10,0,4.36E-11,4.89E-10,5.04E-06,2.30E-09,2.08E-08,2.36E-06,1.05E-12,0,2.96E-07,7.13E-07,3.86E-10,1.44E-06,2.11E-08,1.10E-08,4.42E-07,1.87E-12,3.49E-07,1.14E-06
1104,36.76666667,36.78333333,8.33E-07,8.17E-07,9.58E-07,7.72E-09,0,0,1.71E-10,5.93E-14,2.67E-08,1.18E-11,1.18E-11,9.68E-11,8.44E-15,6.89E-10,4.76E-07,2.22E-16,2.55E-10,0,4.18E-11,4.66E-10,4.87E-06,2.20E-09,1.97E-08,2.26E-06,1.01E-12,0,2.85E-07,6.89E-07,3.70E-10,1.40E-06,2.04E-08,1.06E-08,4.29E-07,1.80E-12,3.36E-07,1.10E-06
1105,36.8,36.81666667,8.08E-07,7.94E-07,9.23E-07,7.42E-09,0,0,1.64E-10,5.62E-14,2.59E-08,1.13E-11,1.13E-11,9.23E-11,7.77E-15,6.68E-10,4.58E-07,0,2.46E-10,0,4.00E-11,4.44E-10,4.70E-06,2.11E-09,1.87E-08,2.16E-06,9.73E-13,0,2.75E-07,6.66E-07,3.55E-10,1.36E-06,1.97E-08,1.03E-08,4.15E-07,1.72E-12,3.25E-07,1.07E-06
1106,36.83333333,36.85,7.84E-07,7.71E-07,8.89E-07,7.13E-09,0,0,1.57E-10,5.31E-14,2.51E-08,1.09E-11,1.09E-11,8.80E-11,7.33E-15,6.47E-10,4.42E-07,0,2.37E-10,0,3.83E-11,4.24E-10,4.55E-06,2.03E-09,1.78E-08,2.06E-06,9.35E-13,0,2.65E-07,6.43E-07,3.40E-10,1.32E-06,1.90E-08,9.88E-09,4.02E-07,1.65E-12,3.13E-07,1.04E-06
1107,36.86666667,36.88333333,7.61E-07,7.50E-07,8.57E-07,6.85E-09,0,0,1.51E-10,5.04E-14,2.43E-08,1.05E-11,1.05E-11,8.40E-11,6.88E-15,6.28E-10,4.26E-07,0,2.29E-10,0,3.67E-11,4.04E-10,4.40E-06,1.94E-09,1.69E-08,1.97E-06,8.99E-13,0,2.56E-07,6.22E-07,3.26E-10,1.28E-06,1.84E-08,9.52E-09,3.90E-07,1.58E-12,3.02E-07,1.01E-06
1108,36.9,36.91666667,7.38E-07,7.29E-07,8.25E-07,6.58E-09,0,0,1.45E-10,4.77E-14,2.36E-08,1.01E-11,1.01E-11,8.01E-11,6.22E-15,6.09E-10,4.10E-07,0,2.20E-10,0,3.52E-11,3.85E-10,4.25E-06,1.87E-09,1.60E-08,1.89E-06,8.64E-13,0,2.46E-07,6.01E-07,3.13E-10,1.24E-06,1.78E-08,9.17E-09,3.78E-07,1.52E-12,2.91E-07,9.77E-07
1109,36.93333333,36.95,7.16E-07,7.08E-07,7.95E-07,6.32E-09,0,0,1.39E-10,4.51E-14,2.29E-08,9.67E-12,9.67E-12,7.64E-11,5.77E-15,5.90E-10,3.95E-07,0,2.12E-10,0,3.37E-11,3.67E-10,4.11E-06,1.79E-09,1.52E-08,1.80E-06,8.30E-13,0,2.37E-07,5.81E-07,3.00E-10,1.20E-06,1.72E-08,8.84E-09,3.66E-07,1.46E-12,2.81E-07,9.48E-07
1110,36.96666667,36.98333333,6.95E-07,6.88E-07,7.66E-07,6.07E-09,0,0,1.34E-10,4.26E-14,2.22E-08,9.30E-12,9.30E-12,7.29E-11,5.55E-15,5.72E-10,3.81E-07,0,2.05E-10,0,3.23E-11,3.49E-10,3.97E-06,1.72E-09,1.44E-08,1.73E-06,7.97E-13,0,2.29E-07,5.61E-07,2.88E-10,1.17E-06,1.66E-08,8.52E-09,3.55E-07,1.40E-12,2.71E-07,9.19E-07
1111,37,37.01666667,6.75E-07,6.69E-07,7.38E-07,5.84E-09,0,0,1.28E-10,4.04E-14,2.15E-08,8.94E-12,8.94E-12,6.95E-11,5.11E-15,5.55E-10,3.67E-07,0,1.97E-10,0,3.09E-11,3.33E-10,3.84E-06,1.65E-09,1.37E-08,1.65E-06,7.66E-13,0,2.21E-07,5.42E-07,2.76E-10,1.13E-06,1.60E-08,8.21E-09,3.44E-07,1.34E-12,2.61E-07,8.92E-07
1112,37.03333333,37.05,6.54E-07,6.50E-07,7.11E-07,5.61E-09,0,0,1.23E-10,3.84E-14,2.08E-08,8.59E-12,8.59E-12,6.63E-11,4.66E-15,5.38E-10,3.54E-07,0,1.90E-10,0,2.96E-11,3.17E-10,3.71E-06,1.58E-09,1.30E-08,1.58E-06,7.36E-13,0,2.13E-07,5.24E-07,2.65E-10,1.10E-06,1.55E-08,7.91E-09,3.33E-07,1.28E-12,2.52E-07,8.65E-07
1113,37.06666667,37.08333333,6.35E-07,6.32E-07,6.85E-07,5.39E-09,0,0,1.18E-10,3.62E-14,2.02E-08,8.26E-12,8.26E-12,6.32E-11,4.44E-15,5.22E-10,3.41E-07,0,1.83E-10,0,2.84E-11,3.02E-10,3.59E-06,1.51E-09,1.23E-08,1.51E-06,7.07E-13,0,2.05E-07,5.06E-07,2.54E-10,1.06E-06,1.50E-08,7.62E-09,3.23E-07,1.23E-12,2.43E-07,8.39E-07
1114,37.1,37.11666667,6.16E-07,6.14E-07,6.60E-07,5.17E-09,0,0,1.13E-10,3.44E-14,1.96E-08,7.94E-12,7.94E-12,6.03E-11,4.00E-15,5.06E-10,3.28E-07,0,1.77E-10,0,2.72E-11,2.88E-10,3.47E-06,1.45E-09,1.17E-08,1.44E-06,6.79E-13,0,1.98E-07,4.89E-07,2.43E-10,1.03E-06,1.44E-08,7.34E-09,3.13E-07,1.18E-12,2.35E-07,8.14E-07
1115,37.13333333,37.15,5.98E-07,5.96E-07,6.36E-07,4.97E-09,0,0,1.09E-10,3.26E-14,1.90E-08,7.63E-12,7.63E-12,5.75E-11,3.77E-15,4.90E-10,3.16E-07,0,1.70E-10,0,2.60E-11,2.75E-10,3.35E-06,1.39E-09,1.11E-08,1.38E-06,6.53E-13,0,1.91E-07,4.73E-07,2.33E-10,1.00E-06,1.40E-08,7.08E-09,3.03E-07,1.13E-12,2.26E-07,7.90E-07
1116,37.16666667,37.18333333,5.80E-07,5.80E-07,6.12E-07,4.78E-09,0,0,1.05E-10,3.09E-14,1.84E-08,7.34E-12,7.34E-12,5.48E-11,3.55E-15,4.75E-10,3.05E-07,0,1.64E-10,0,2.49E-11,2.62E-10,3.24E-06,1.34E-09,1.05E-08,1.32E-06,6.27E-13,0,1.84E-07,4.57E-07,2.24E-10,9.71E-07,1.35E-08,6.82E-09,2.93E-07,1.08E-12,2.18E-07,7.66E-07
1117,37.2,37.21666667,5.63E-07,5.63E-07,5.90E-07,4.59E-09,0,0,1.00E-10,2.91E-14,1.78E-08,7.05E-12,7.05E-12,5.23E-11,3.33E-15,4.61E-10,2.94E-07,0,1.58E-10,0,2.39E-11,2.49E-10,3.13E-06,1.28E-09,9.99E-09,1.26E-06,6.03E-13,0,1.77E-07,4.41E-07,2.14E-10,9.41E-07,1.30E-08,6.57E-09,2.84E-07,1.04E-12,2.11E-07,7.43E-07
1118,37.23333333,37.25,5.46E-07,5.47E-07,5.68E-07,4.41E-09,0,0,9.64E-11,2.75E-14,1.73E-08,6.78E-12,6.78E-12,4.99E-11,3.11E-15,4.47E-10,2.83E-07,0,1.53E-10,0,2.29E-11,2.38E-10,3.03E-06,1.23E-09,9.49E-09,1.21E-06,5.79E-13,0,1.71E-07,4.27E-07,2.06E-10,9.13E-07,1.26E-08,6.33E-09,2.76E-07,9.96E-13,2.03E-07,7.21E-07
1119,37.26666667,37.28333333,5.30E-07,5.32E-07,5.47E-07,4.24E-09,0,0,9.25E-11,2.62E-14,1.67E-08,6.52E-12,6.52E-12,4.76E-11,2.89E-15,4.33E-10,2.73E-07,0,1.47E-10,0,2.19E-11,2.27E-10,2.92E-06,1.18E-09,9.00E-09,1.15E-06,5.56E-13,0,1.65E-07,4.12E-07,1.97E-10,8.86E-07,1.22E-08,6.10E-09,2.67E-07,9.55E-13,1.96E-07,6.99E-07
1120,37.3,37.31666667,5.14E-07,5.17E-07,5.27E-07,4.07E-09,0,0,8.88E-11,2.49E-14,1.62E-08,6.27E-12,6.27E-12,4.54E-11,2.66E-15,4.20E-10,2.63E-07,0,1.42E-10,0,2.10E-11,2.16E-10,2.83E-06,1.13E-09,8.54E-09,1.10E-06,5.35E-13,0,1.59E-07,3.98E-07,1.89E-10,8.59E-07,1.17E-08,5.88E-09,2.59E-07,9.16E-13,1.89E-07,6.78E-07
1121,37.33333333,37.35,4.99E-07,5.02E-07,5.08E-07,3.91E-09,0,0,8.53E-11,2.35E-14,1.57E-08,6.02E-12,6.02E-12,4.33E-11,2.44E-15,4.07E-10,2.53E-07,0,1.37E-10,0,2.01E-11,2.06E-10,2.73E-06,1.08E-09,8.11E-09,1.05E-06,5.14E-13,0,1.53E-07,3.85E-07,1.81E-10,8.34E-07,1.13E-08,5.66E-09,2.51E-07,8.78E-13,1.82E-07,6.58E-07
1122,37.36666667,37.38333333,4.84E-07,4.88E-07,4.89E-07,3.76E-09,0,0,8.19E-11,2.22E-14,1.53E-08,5.79E-12,5.79E-12,4.13E-11,2.22E-15,3.95E-10,2.44E-07,0,1.32E-10,0,1.93E-11,1.96E-10,2.64E-06,1.04E-09,7.70E-09,1.01E-06,4.94E-13,0,1.48E-07,3.72E-07,1.74E-10,8.08E-07,1.10E-08,5.46E-09,2.43E-07,8.42E-13,1.76E-07,6.38E-07
1123,37.4,37.41666667,4.70E-07,4.75E-07,4.71E-07,3.61E-09,0,0,7.86E-11,2.11E-14,1.48E-08,5.57E-12,5.57E-12,3.94E-11,2.22E-15,3.83E-10,2.35E-07,0,1.27E-10,0,1.84E-11,1.87E-10,2.55E-06,9.98E-10,7.30E-09,9.64E-07,4.74E-13,0,1.42E-07,3.59E-07,1.67E-10,7.84E-07,1.06E-08,5.26E-09,2.35E-07,8.07E-13,1.70E-07,6.19E-07
1124,37.43333333,37.45,4.56E-07,4.61E-07,4.54E-07,3.47E-09,0,0,7.55E-11,2.00E-14,1.43E-08,5.35E-12,5.35E-12,3.76E-11,2.00E-15,3.71E-10,2.27E-07,0,1.22E-10,0,1.77E-11,1.78E-10,2.47E-06,9.57E-10,6.93E-09,9.22E-07,4.56E-13,0,1.37E-07,3.47E-07,1.60E-10,7.61E-07,1.02E-08,5.07E-09,2.28E-07,7.74E-13,1.64E-07,6.01E-07
1125,37.46666667,37.48333333,4.42E-07,4.48E-07,4.38E-07,3.33E-09,0,0,7.24E-11,1.89E-14,1.39E-08,5.14E-12,5.14E-12,3.58E-11,1.78E-15,3.60E-10,2.19E-07,0,1.18E-10,0,1.69E-11,1.70E-10,2.39E-06,9.18E-10,6.58E-09,8.81E-07,4.38E-13,0,1.32E-07,3.36E-07,1.53E-10,7.38E-07,9.88E-09,4.88E-09,2.21E-07,7.42E-13,1.58E-07,5.83E-07
1126,37.5,37.51666667,4.29E-07,4.36E-07,4.22E-07,3.20E-09,0,0,6.95E-11,1.78E-14,1.35E-08,4.95E-12,4.95E-12,3.42E-11,1.78E-15,3.49E-10,2.11E-07,0,1.14E-10,0,1.62E-11,1.62E-10,2.31E-06,8.81E-10,6.24E-09,8.43E-07,4.21E-13,0,1.27E-07,3.24E-07,1.47E-10,7.16E-07,9.55E-09,4.71E-09,2.14E-07,7.11E-13,1.52E-07,5.65E-07
1127,37.53333333,37.55,4.16E-07,4.23E-07,4.06E-07,3.07E-09,0,0,6.68E-11,1.69E-14,1.31E-08,4.75E-12,4.75E-12,3.26E-11,1.55E-15,3.38E-10,2.03E-07,0,1.09E-10,0,1.55E-11,1.54E-10,2.23E-06,8.45E-10,5.92E-09,8.06E-07,4.04E-13,0,1.23E-07,3.13E-07,1.41E-10,6.94E-07,9.22E-09,4.53E-09,2.07E-07,6.82E-13,1.47E-07,5.48E-07
1128,37.56666667,37.58333333,4.04E-07,4.11E-07,3.91E-07,2.95E-09,0,0,6.41E-11,1.60E-14,1.27E-08,4.57E-12,4.57E-12,3.11E-11,1.55E-15,3.28E-10,1.96E-07,0,1.06E-10,0,1.49E-11,1.47E-10,2.15E-06,8.10E-10,5.62E-09,7.71E-07,3.88E-13,0,1.18E-07,3.03E-07,1.35E-10,6.73E-07,8.91E-09,4.37E-09,2.01E-07,6.54E-13,1.42E-07,5.32E-07
1129,37.6,37.61666667,3.92E-07,4.00E-07,3.77E-07,2.84E-09,0,0,6.15E-11,1.51E-14,1.23E-08,4.39E-12,4.39E-12,2.96E-11,1.33E-15,3.18E-10,1.88E-07,0,1.02E-10,0,1.42E-11,1.40E-10,2.08E-06,7.77E-10,5.34E-09,7.37E-07,3.73E-13,0,1.14E-07,2.93E-07,1.29E-10,6.53E-07,8.61E-09,4.21E-09,1.95E-07,6.27E-13,1.37E-07,5.16E-07
1130,37.63333333,37.65,3.80E-07,3.88E-07,3.63E-07,2.73E-09,0,0,5.91E-11,1.44E-14,1.19E-08,4.22E-12,4.22E-12,2.83E-11,1.33E-15,3.08E-10,1.82E-07,0,9.80E-11,0,1.36E-11,1.33E-10,2.01E-06,7.45E-10,5.06E-09,7.05E-07,3.59E-13,0,1.10E-07,2.83E-07,1.24E-10,6.34E-07,8.32E-09,4.06E-09,1.89E-07,6.01E-13,1.32E-07,5.01E-07
1131,37.66666667,37.68333333,3.69E-07,3.78E-07,3.50E-07,2.62E-09,0,0,5.67E-11,1.35E-14,1.15E-08,4.06E-12,4.06E-12,2.70E-11,1.11E-15,2.99E-10,1.75E-07,0,9.45E-11,0,1.31E-11,1.27E-10,1.95E-06,7.15E-10,4.81E-09,6.74E-07,3.45E-13,0,1.06E-07,2.73E-07,1.19E-10,6.15E-07,8.03E-09,3.91E-09,1.83E-07,5.76E-13,1.27E-07,4.86E-07
1132,37.7,37.71666667,3.58E-07,3.67E-07,3.37E-07,2.52E-09,0,0,5.44E-11,1.29E-14,1.12E-08,3.90E-12,3.90E-12,2.57E-11,1.11E-15,2.90E-10,1.69E-07,0,9.11E-11,0,1.25E-11,1.21E-10,1.88E-06,6.86E-10,4.56E-09,6.44E-07,3.31E-13,0,1.02E-07,2.64E-07,1.14E-10,5.96E-07,7.76E-09,3.77E-09,1.77E-07,5.52E-13,1.23E-07,4.71E-07
1133,37.73333333,37.75,3.48E-07,3.57E-07,3.25E-07,2.42E-09,0,0,5.23E-11,1.22E-14,1.08E-08,3.75E-12,3.75E-12,2.45E-11,1.11E-15,2.81E-10,1.63E-07,0,8.78E-11,0,1.20E-11,1.16E-10,1.82E-06,6.58E-10,4.33E-09,6.16E-07,3.18E-13,0,9.86E-08,2.55E-07,1.09E-10,5.78E-07,7.50E-09,3.63E-09,1.72E-07,5.30E-13,1.18E-07,4.57E-07
1134,37.76666667,37.78333333,3.37E-07,3.47E-07,3.13E-07,2.32E-09,0,0,5.02E-11,1.15E-14,1.05E-08,3.61E-12,3.61E-12,2.34E-11,8.88E-16,2.73E-10,1.57E-07,0,8.46E-11,0,1.15E-11,1.10E-10,1.76E-06,6.31E-10,4.11E-09,5.89E-07,3.06E-13,0,9.51E-08,2.47E-07,1.05E-10,5.61E-07,7.24E-09,3.50E-09,1.66E-07,5.08E-13,1.14E-07,4.43E-07
1135,37.8,37.81666667,3.27E-07,3.37E-07,3.01E-07,2.23E-09,0,0,4.82E-11,1.09E-14,1.02E-08,3.47E-12,3.47E-12,2.23E-11,8.88E-16,2.64E-10,1.51E-07,0,8.15E-11,0,1.10E-11,1.05E-10,1.70E-06,6.05E-10,3.90E-09,5.63E-07,2.94E-13,0,9.17E-08,2.38E-07,1.01E-10,5.44E-07,7.00E-09,3.37E-09,1.61E-07,4.87E-13,1.10E-07,4.30E-07
1136,37.83333333,37.85,3.17E-07,3.27E-07,2.90E-07,2.14E-09,0,0,4.62E-11,1.04E-14,9.88E-09,3.33E-12,3.33E-12,2.13E-11,8.88E-16,2.56E-10,1.45E-07,0,7.86E-11,0,1.05E-11,1.00E-10,1.64E-06,5.80E-10,3.70E-09,5.39E-07,2.82E-13,0,8.84E-08,2.30E-07,9.65E-11,5.28E-07,6.76E-09,3.25E-09,1.56E-07,4.67E-13,1.06E-07,4.17E-07
1137,37.86666667,37.88333333,3.08E-07,3.18E-07,2.80E-07,2.06E-09,0,0,4.44E-11,9.77E-15,9.58E-09,3.20E-12,3.20E-12,2.03E-11,6.66E-16,2.49E-10,1.40E-07,0,7.57E-11,0,1.01E-11,9.53E-11,1.59E-06,5.57E-10,3.51E-09,5.15E-07,2.71E-13,0,8.52E-08,2.23E-07,9.25E-11,5.12E-07,6.53E-09,3.13E-09,1.51E-07,4.48E-13,1.02E-07,4.05E-07
1138,37.9,37.91666667,2.99E-07,3.09E-07,2.69E-07,1.98E-09,0,0,4.26E-11,9.33E-15,9.28E-09,3.08E-12,3.08E-12,1.94E-11,6.66E-16,2.41E-10,1.35E-07,0,7.30E-11,0,9.67E-12,9.08E-11,1.53E-06,5.34E-10,3.33E-09,4.92E-07,2.60E-13,0,8.21E-08,2.15E-07,8.87E-11,4.97E-07,6.31E-09,3.01E-09,1.47E-07,4.29E-13,9.87E-08,3.93E-07
1139,37.93333333,37.95,2.90E-07,3.00E-07,2.60E-07,1.90E-09,0,0,4.09E-11,8.88E-15,9.00E-09,2.96E-12,2.96E-12,1.85E-11,6.66E-16,2.34E-10,1.30E-07,0,7.04E-11,0,9.26E-12,8.66E-11,1.48E-06,5.12E-10,3.16E-09,4.71E-07,2.50E-13,0,7.92E-08,2.08E-07,8.51E-11,4.82E-07,6.10E-09,2.91E-09,1.42E-07,4.11E-13,9.52E-08,3.81E-07
1140,37.96666667,37.98333333,2.81E-07,2.92E-07,2.50E-07,1.83E-09,0,0,3.93E-11,8.22E-15,8.72E-09,2.85E-12,2.85E-12,1.76E-11,6.66E-16,2.27E-10,1.25E-07,0,6.78E-11,0,8.87E-12,8.25E-11,1.43E-06,4.91E-10,3.00E-09,4.50E-07,2.40E-13,0,7.63E-08,2.01E-07,8.16E-11,4.67E-07,5.89E-09,2.80E-09,1.38E-07,3.95E-13,9.19E-08,3.69E-07
1141,38,38.01666667,2.73E-07,2.84E-07,2.41E-07,1.75E-09,0,0,3.77E-11,7.77E-15,8.46E-09,2.74E-12,2.74E-12,1.68E-11,6.66E-16,2.20E-10,1.21E-07,0,6.54E-11,0,8.50E-12,7.86E-11,1.39E-06,4.71E-10,2.85E-09,4.31E-07,2.31E-13,0,7.36E-08,1.94E-07,7.82E-11,4.53E-07,5.69E-09,2.70E-09,1.33E-07,3.78E-13,8.86E-08,3.58E-07
1142,38.03333333,38.05,2.65E-07,2.76E-07,2.32E-07,1.69E-09,0,0,3.62E-11,7.55E-15,8.20E-09,2.63E-12,2.63E-12,1.60E-11,4.44E-16,2.13E-10,1.16E-07,0,6.30E-11,0,8.14E-12,7.49E-11,1.34E-06,4.52E-10,2.70E-09,4.12E-07,2.22E-13,0,7.09E-08,1.88E-07,7.50E-11,4.40E-07,5.50E-09,2.60E-09,1.29E-07,3.63E-13,8.55E-08,3.48E-07
1143,38.06666667,38.08333333,2.57E-07,2.68E-07,2.24E-07,1.62E-09,0,0,3.48E-11,7.11E-15,7.95E-09,2.53E-12,2.53E-12,1.53E-11,4.44E-16,2.06E-10,1.12E-07,0,6.07E-11,0,7.80E-12,7.14E-11,1.29E-06,4.33E-10,2.57E-09,3.94E-07,2.13E-13,0,6.84E-08,1.81E-07,7.19E-11,4.26E-07,5.31E-09,2.50E-09,1.25E-07,3.48E-13,8.25E-08,3.37E-07
1144,38.1,38.11666667,2.49E-07,2.60E-07,2.15E-07,1.56E-09,0,0,3.34E-11,6.66E-15,7.70E-09,2.43E-12,2.43E-12,1.46E-11,4.44E-16,2.00E-10,1.08E-07,0,5.85E-11,0,7.47E-12,6.81E-11,1.25E-06,4.16E-10,2.44E-09,3.76E-07,2.05E-13,0,6.59E-08,1.75E-07,6.89E-11,4.14E-07,5.13E-09,2.41E-09,1.21E-07,3.33E-13,7.95E-08,3.27E-07
1145,38.13333333,38.15,2.42E-07,2.53E-07,2.07E-07,1.49E-09,0,0,3.20E-11,6.22E-15,7.47E-09,2.34E-12,2.34E-12,1.39E-11,4.44E-16,1.94E-10,1.04E-07,0,5.64E-11,0,7.15E-12,6.49E-11,1.21E-06,3.99E-10,2.31E-09,3.60E-07,1.97E-13,0,6.36E-08,1.69E-07,6.61E-11,4.01E-07,4.96E-09,2.33E-09,1.18E-07,3.20E-13,7.67E-08,3.17E-07
1146,38.16666667,38.18333333,2.35E-07,2.46E-07,2.00E-07,1.44E-09,0,0,3.07E-11,6.00E-15,7.24E-09,2.25E-12,2.25E-12,1.33E-11,4.44E-16,1.88E-10,1.00E-07,0,5.44E-11,0,6.85E-12,6.18E-11,1.17E-06,3.82E-10,2.19E-09,3.44E-07,1.89E-13,0,6.13E-08,1.64E-07,6.34E-11,3.89E-07,4.79E-09,2.24E-09,1.14E-07,3.06E-13,7.40E-08,3.08E-07
1147,38.2,38.21666667,2.28E-07,2.39E-07,1.93E-07,1.38E-09,0,0,2.95E-11,5.77E-15,7.02E-09,2.16E-12,2.16E-12,1.26E-11,4.44E-16,1.82E-10,9.68E-08,0,5.24E-11,0,6.56E-12,5.89E-11,1.13E-06,3.67E-10,2.08E-09,3.29E-07,1.82E-13,0,5.91E-08,1.58E-07,6.08E-11,3.78E-07,4.62E-09,2.16E-09,1.10E-07,2.94E-13,7.14E-08,2.99E-07
1148,38.23333333,38.25,2.21E-07,2.32E-07,1.85E-07,1.32E-09,0,0,2.83E-11,5.33E-15,6.80E-09,2.08E-12,2.08E-12,1.21E-11,4.44E-16,1.77E-10,9.33E-08,0,5.05E-11,0,6.29E-12,5.61E-11,1.09E-06,3.52E-10,1.98E-09,3.15E-07,1.75E-13,0,5.69E-08,1.53E-07,5.83E-11,3.66E-07,4.47E-09,2.08E-09,1.07E-07,2.82E-13,6.89E-08,2.90E-07
1149,38.26666667,38.28333333,2.15E-07,2.26E-07,1.79E-07,1.27E-09,0,0,2.72E-11,5.11E-15,6.60E-09,2.00E-12,2.00E-12,1.15E-11,2.22E-16,1.72E-10,8.99E-08,0,4.87E-11,0,6.02E-12,5.35E-11,1.06E-06,3.37E-10,1.88E-09,3.01E-07,1.68E-13,0,5.49E-08,1.48E-07,5.59E-11,3.55E-07,4.32E-09,2.00E-09,1.04E-07,2.70E-13,6.64E-08,2.81E-07
1150,38.3,38.31666667,2.08E-07,2.19E-07,1.72E-07,1.22E-09,0,0,2.61E-11,4.88E-15,6.39E-09,1.92E-12,1.92E-12,1.10E-11,2.22E-16,1.66E-10,8.66E-08,0,4.69E-11,0,5.77E-12,5.10E-11,1.02E-06,3.24E-10,1.78E-09,2.88E-07,1.61E-13,0,5.29E-08,1.43E-07,5.36E-11,3.45E-07,4.17E-09,1.93E-09,1.00E-07,2.59E-13,6.41E-08,2.73E-07
1151,38.33333333,38.35,2.02E-07,2.13E-07,1.66E-07,1.17E-09,0,0,2.51E-11,4.66E-15,6.20E-09,1.84E-12,1.84E-12,1.05E-11,2.22E-16,1.61E-10,8.35E-08,0,4.52E-11,0,5.53E-12,4.86E-11,9.86E-07,3.10E-10,1.69E-09,2.75E-07,1.55E-13,0,5.10E-08,1.38E-07,5.14E-11,3.34E-07,4.03E-09,1.86E-09,9.73E-08,2.48E-13,6.18E-08,2.65E-07
1152,38.36666667,38.38333333,1.96E-07,2.07E-07,1.60E-07,1.13E-09,0,0,2.41E-11,4.22E-15,6.01E-09,1.77E-12,1.77E-12,9.98E-12,2.22E-16,1.56E-10,8.04E-08,0,4.36E-11,0,5.29E-12,4.63E-11,9.53E-07,2.98E-10,1.60E-09,2.63E-07,1.49E-13,0,4.92E-08,1.33E-07,4.92E-11,3.24E-07,3.89E-09,1.79E-09,9.43E-08,2.38E-13,5.96E-08,2.57E-07
1153,38.4,38.41666667,1.90E-07,2.01E-07,1.54E-07,1.08E-09,0,0,2.31E-11,4.00E-15,5.82E-09,1.71E-12,1.71E-12,9.52E-12,2.22E-16,1.52E-10,7.75E-08,0,4.20E-11,0,5.07E-12,4.41E-11,9.21E-07,2.86E-10,1.52E-09,2.52E-07,1.43E-13,0,4.74E-08,1.29E-07,4.72E-11,3.15E-07,3.76E-09,1.73E-09,9.13E-08,2.28E-13,5.75E-08,2.49E-07
1154,38.43333333,38.45,1.85E-07,1.96E-07,1.48E-07,1.04E-09,0,0,2.22E-11,3.77E-15,5.65E-09,1.64E-12,1.64E-12,9.08E-12,2.22E-16,1.47E-10,7.47E-08,0,4.05E-11,0,4.86E-12,4.21E-11,8.91E-07,2.74E-10,1.44E-09,2.41E-07,1.37E-13,0,4.57E-08,1.24E-07,4.53E-11,3.05E-07,3.63E-09,1.67E-09,8.85E-08,2.19E-13,5.55E-08,2.41E-07
1155,38.46666667,38.48333333,1.79E-07,1.90E-07,1.43E-07,1.00E-09,0,0,2.13E-11,3.77E-15,5.47E-09,1.58E-12,1.58E-12,8.66E-12,2.22E-16,1.43E-10,7.20E-08,0,3.90E-11,0,4.65E-12,4.01E-11,8.61E-07,2.63E-10,1.37E-09,2.30E-07,1.32E-13,0,4.41E-08,1.20E-07,4.34E-11,2.96E-07,3.51E-09,1.60E-09,8.57E-08,2.10E-13,5.35E-08,2.34E-07
1156,38.5,38.51666667,1.74E-07,1.85E-07,1.38E-07,9.62E-10,0,0,2.04E-11,3.55E-15,5.31E-09,1.51E-12,1.51E-12,8.26E-12,2.22E-16,1.38E-10,6.94E-08,0,3.76E-11,0,4.46E-12,3.82E-11,8.32E-07,2.52E-10,1.30E-09,2.20E-07,1.27E-13,0,4.25E-08,1.16E-07,4.16E-11,2.87E-07,3.39E-09,1.55E-09,8.31E-08,2.01E-13,5.16E-08,2.27E-07
1157,38.53333333,38.55,1.69E-07,1.80E-07,1.33E-07,9.24E-10,0,0,1.96E-11,3.33E-15,5.14E-09,1.46E-12,1.46E-12,7.87E-12,2.22E-16,1.34E-10,6.68E-08,0,3.62E-11,0,4.27E-12,3.64E-11,8.04E-07,2.42E-10,1.23E-09,2.10E-07,1.22E-13,0,4.10E-08,1.12E-07,3.99E-11,2.78E-07,3.28E-09,1.49E-09,8.05E-08,1.93E-13,4.98E-08,2.20E-07
1158,38.56666667,38.58333333,1.64E-07,1.74E-07,1.28E-07,8.88E-10,0,0,1.88E-11,3.11E-15,4.99E-09,1.40E-12,1.40E-12,7.51E-12,2.22E-16,1.30E-10,6.44E-08,0,3.49E-11,0,4.09E-12,3.47E-11,7.78E-07,2.32E-10,1.17E-09,2.01E-07,1.17E-13,0,3.95E-08,1.08E-07,3.83E-11,2.70E-07,3.16E-09,1.44E-09,7.80E-08,1.85E-13,4.80E-08,2.14E-07
1159,38.6,38.61666667,1.59E-07,1.70E-07,1.23E-07,8.53E-10,0,0,1.81E-11,2.89E-15,4.83E-09,1.35E-12,1.35E-12,7.16E-12,2.22E-16,1.26E-10,6.21E-08,0,3.37E-11,0,3.92E-12,3.31E-11,7.52E-07,2.22E-10,1.11E-09,1.92E-07,1.13E-13,0,3.81E-08,1.05E-07,3.67E-11,2.62E-07,3.06E-09,1.38E-09,7.56E-08,1.77E-13,4.63E-08,2.07E-07
1160,38.63333333,38.65,1.54E-07,1.65E-07,1.19E-07,8.19E-10,0,0,1.74E-11,2.89E-15,4.69E-09,1.29E-12,1.29E-12,6.83E-12,2.22E-16,1.22E-10,5.98E-08,0,3.25E-11,0,3.75E-12,3.15E-11,7.26E-07,2.13E-10,1.06E-09,1.84E-07,1.08E-13,0,3.67E-08,1.01E-07,3.52E-11,2.54E-07,2.95E-09,1.33E-09,7.32E-08,1.70E-13,4.47E-08,2.01E-07
1161,38.66666667,38.68333333,1.49E-07,1.60E-07,1.14E-07,7.87E-10,0,0,1.67E-11,2.66E-15,4.54E-09,1.24E-12,1.24E-12,6.52E-12,2.22E-16,1.18E-10,5.76E-08,0,3.13E-11,0,3.59E-12,3.00E-11,7.02E-07,2.05E-10,1.00E-09,1.76E-07,1.04E-13,0,3.54E-08,9.78E-08,3.37E-11,2.47E-07,2.85E-09,1.28E-09,7.10E-08,1.63E-13,4.31E-08,1.95E-07
1162,38.7,38.71666667,1.45E-07,1.56E-07,1.10E-07,7.56E-10,0,0,1.60E-11,2.44E-15,4.40E-09,1.20E-12,1.20E-12,6.21E-12,2.22E-16,1.15E-10,5.55E-08,0,3.01E-11,0,3.44E-12,2.86E-11,6.79E-07,1.96E-10,9.50E-10,1.68E-07,9.99E-14,0,3.41E-08,9.45E-08,3.23E-11,2.39E-07,2.76E-09,1.24E-09,6.88E-08,1.56E-13,4.16E-08,1.89E-07
1163,38.73333333,38.75,1.41E-07,1.51E-07,1.06E-07,7.26E-10,0,0,1.54E-11,2.44E-15,4.27E-09,1.15E-12,1.15E-12,5.93E-12,2.22E-16,1.11E-10,5.35E-08,0,2.91E-11,0,3.30E-12,2.73E-11,6.56E-07,1.88E-10,9.02E-10,1.61E-07,9.59E-14,0,3.29E-08,9.14E-08,3.10E-11,2.32E-07,2.66E-09,1.19E-09,6.66E-08,1.50E-13,4.01E-08,1.84E-07
1164,38.76666667,38.78333333,1.37E-07,1.47E-07,1.02E-07,6.98E-10,0,0,1.48E-11,2.22E-15,4.14E-09,1.10E-12,1.10E-12,5.65E-12,0,1.08E-10,5.16E-08,0,2.80E-11,0,3.16E-12,2.60E-11,6.34E-07,1.81E-10,8.56E-10,1.54E-07,9.21E-14,0,3.17E-08,8.83E-08,2.97E-11,2.25E-07,2.57E-09,1.15E-09,6.45E-08,1.44E-13,3.87E-08,1.78E-07
1165,38.8,38.81666667,1.32E-07,1.43E-07,9.83E-08,6.70E-10,0,0,1.42E-11,2.22E-15,4.01E-09,1.06E-12,1.06E-12,5.39E-12,0,1.05E-10,4.97E-08,0,2.70E-11,0,3.03E-12,2.48E-11,6.13E-07,1.73E-10,8.12E-10,1.47E-07,8.86E-14,0,3.06E-08,8.53E-08,2.85E-11,2.18E-07,2.49E-09,1.11E-09,6.25E-08,1.38E-13,3.73E-08,1.73E-07
1166,38.83333333,38.85,1.29E-07,1.39E-07,9.47E-08,6.44E-10,0,0,1.36E-11,2.00E-15,3.89E-09,1.02E-12,1.02E-12,5.14E-12,0,1.01E-10,4.79E-08,0,2.60E-11,0,2.90E-12,2.36E-11,5.93E-07,1.66E-10,7.71E-10,1.41E-07,8.50E-14,0,2.95E-08,8.24E-08,2.73E-11,2.12E-07,2.40E-09,1.07E-09,6.06E-08,1.32E-13,3.60E-08,1.68E-07
1167,38.86666667,38.88333333,1.25E-07,1.35E-07,9.13E-08,6.19E-10,0,0,1.31E-11,2.00E-15,3.77E-09,9.81E-13,9.81E-13,4.90E-12,0,9.84E-11,4.62E-08,0,2.51E-11,0,2.78E-12,2.25E-11,5.73E-07,1.59E-10,7.32E-10,1.34E-07,8.17E-14,0,2.84E-08,7.97E-08,2.62E-11,2.05E-07,2.32E-09,1.03E-09,5.87E-08,1.27E-13,3.47E-08,1.63E-07
1168,38.9,38.91666667,1.21E-07,1.31E-07,8.79E-08,5.94E-10,0,0,1.25E-11,1.78E-15,3.66E-09,9.44E-13,9.44E-13,4.68E-12,0,9.54E-11,4.45E-08,0,2.42E-11,0,2.66E-12,2.14E-11,5.54E-07,1.53E-10,6.94E-10,1.28E-07,7.86E-14,0,2.74E-08,7.70E-08,2.51E-11,1.99E-07,2.24E-09,9.91E-10,5.69E-08,1.21E-13,3.35E-08,1.58E-07
1169,38.93333333,38.95,1.17E-07,1.27E-07,8.47E-08,5.71E-10,0,0,1.20E-11,1.78E-15,3.54E-09,9.07E-13,9.07E-13,4.46E-12,0,9.25E-11,4.29E-08,0,2.33E-11,0,2.55E-12,2.04E-11,5.35E-07,1.47E-10,6.59E-10,1.23E-07,7.55E-14,0,2.64E-08,7.44E-08,2.41E-11,1.93E-07,2.16E-09,9.55E-10,5.51E-08,1.16E-13,3.23E-08,1.53E-07
1170,38.96666667,38.98333333,1.14E-07,1.24E-07,8.16E-08,5.49E-10,0,0,1.15E-11,1.55E-15,3.44E-09,8.72E-13,8.72E-13,4.26E-12,0,8.97E-11,4.13E-08,0,2.25E-11,0,2.44E-12,1.95E-11,5.17E-07,1.41E-10,6.25E-10,1.17E-07,7.26E-14,0,2.54E-08,7.19E-08,2.31E-11,1.87E-07,2.09E-09,9.20E-10,5.34E-08,1.11E-13,3.11E-08,1.49E-07
1171,39,39.01666667,1.11E-07,1.20E-07,7.86E-08,5.27E-10,0,0,1.11E-11,1.55E-15,3.33E-09,8.38E-13,8.38E-13,4.06E-12,0,8.69E-11,3.98E-08,0,2.16E-11,0,2.34E-12,1.86E-11,5.00E-07,1.35E-10,5.94E-10,1.12E-07,6.97E-14,0,2.45E-08,6.95E-08,2.22E-11,1.82E-07,2.02E-09,8.87E-10,5.18E-08,1.07E-13,3.00E-08,1.44E-07
1172,39.03333333,39.05,1.07E-07,1.17E-07,7.57E-08,5.06E-10,0,0,1.06E-11,1.55E-15,3.23E-09,8.06E-13,8.06E-13,3.87E-12,0,8.43E-11,3.84E-08,0,2.09E-11,0,2.24E-12,1.77E-11,4.83E-07,1.29E-10,5.63E-10,1.07E-07,6.71E-14,0,2.37E-08,6.71E-08,2.12E-11,1.76E-07,1.95E-09,8.54E-10,5.01E-08,1.03E-13,2.90E-08,1.40E-07
1173,39.06666667,39.08333333,1.04E-07,1.14E-07,7.30E-08,4.87E-10,0,0,1.02E-11,1.33E-15,3.13E-09,7.75E-13,7.75E-13,3.69E-12,0,8.17E-11,3.70E-08,0,2.01E-11,0,2.14E-12,1.69E-11,4.67E-07,1.24E-10,5.35E-10,1.03E-07,6.44E-14,0,2.28E-08,6.49E-08,2.04E-11,1.71E-07,1.89E-09,8.23E-10,4.86E-08,9.84E-14,2.80E-08,1.36E-07
1174,39.1,39.11666667,1.01E-07,1.10E-07,7.03E-08,4.67E-10,0,0,9.81E-12,1.33E-15,3.03E-09,7.45E-13,7.45E-13,3.52E-12,0,7.93E-11,3.56E-08,0,1.94E-11,0,2.05E-12,1.61E-11,4.52E-07,1.19E-10,5.07E-10,9.82E-08,6.17E-14,0,2.20E-08,6.27E-08,1.95E-11,1.66E-07,1.82E-09,7.93E-10,4.71E-08,9.41E-14,2.70E-08,1.32E-07
1175,39.13333333,39.15,9.80E-08,1.07E-07,6.77E-08,4.49E-10,0,0,9.42E-12,1.33E-15,2.94E-09,7.16E-13,7.16E-13,3.36E-12,0,7.68E-11,3.43E-08,0,1.87E-11,0,1.97E-12,1.53E-11,4.36E-07,1.14E-10,4.82E-10,9.39E-08,5.95E-14,0,2.12E-08,6.06E-08,1.87E-11,1.61E-07,1.76E-09,7.64E-10,4.56E-08,9.04E-14,2.60E-08,1.28E-07
1176,39.16666667,39.18333333,9.51E-08,1.04E-07,6.52E-08,4.31E-10,0,0,9.04E-12,1.11E-15,2.85E-09,6.88E-13,6.88E-13,3.20E-12,0,7.45E-11,3.31E-08,0,1.80E-11,0,1.88E-12,1.46E-11,4.22E-07,1.09E-10,4.57E-10,8.98E-08,5.71E-14,0,2.04E-08,5.85E-08,1.80E-11,1.56E-07,1.70E-09,7.37E-10,4.42E-08,8.66E-14,2.51E-08,1.24E-07
1177,39.2,39.21666667,9.23E-08,1.01E-07,6.28E-08,4.15E-10,0,0,8.68E-12,1.11E-15,2.76E-09,6.62E-13,6.62E-13,3.06E-12,0,7.22E-11,3.19E-08,0,1.73E-11,0,1.81E-12,1.39E-11,4.08E-07,1.05E-10,4.34E-10,8.59E-08,5.48E-14,0,1.97E-08,5.66E-08,1.72E-11,1.51E-07,1.64E-09,7.10E-10,4.28E-08,8.30E-14,2.42E-08,1.20E-07
1178,39.23333333,39.25,8.95E-08,9.85E-08,6.05E-08,3.98E-10,0,0,8.33E-12,1.11E-15,2.68E-09,6.36E-13,6.36E-13,2.91E-12,0,7.00E-11,3.07E-08,0,1.67E-11,0,1.73E-12,1.33E-11,3.94E-07,1.01E-10,4.12E-10,8.21E-08,5.26E-14,0,1.90E-08,5.47E-08,1.65E-11,1.47E-07,1.59E-09,6.84E-10,4.15E-08,7.97E-14,2.33E-08,1.16E-07
1179,39.26666667,39.28333333,8.69E-08,9.57E-08,5.83E-08,3.83E-10,0,0,8.00E-12,8.88E-16,2.60E-09,6.12E-13,6.12E-13,2.78E-12,0,6.79E-11,2.96E-08,0,1.61E-11,0,1.66E-12,1.26E-11,3.81E-07,9.66E-11,3.91E-10,7.85E-08,5.06E-14,0,1.83E-08,5.28E-08,1.58E-11,1.42E-07,1.53E-09,6.59E-10,4.02E-08,7.64E-14,2.25E-08,1.13E-07
1180,39.3,39.31666667,8.43E-08,9.30E-08,5.62E-08,3.68E-10,0,0,7.68E-12,8.88E-16,2.52E-09,5.88E-13,5.88E-13,2.65E-12,0,6.58E-11,2.85E-08,0,1.55E-11,0,1.59E-12,1.20E-11,3.68E-07,9.26E-11,3.71E-10,7.51E-08,4.86E-14,0,1.76E-08,5.10E-08,1.52E-11,1.38E-07,1.48E-09,6.35E-10,3.90E-08,7.33E-14,2.17E-08,1.10E-07
1181,39.33333333,39.35,8.18E-08,9.04E-08,5.41E-08,3.53E-10,0,0,7.37E-12,8.88E-16,2.44E-09,5.65E-13,5.65E-13,2.53E-12,0,6.38E-11,2.75E-08,0,1.50E-11,0,1.52E-12,1.15E-11,3.56E-07,8.88E-11,3.52E-10,7.18E-08,4.69E-14,0,1.70E-08,4.93E-08,1.46E-11,1.34E-07,1.43E-09,6.12E-10,3.78E-08,7.02E-14,2.09E-08,1.06E-07
1182,39.36666667,39.38333333,7.93E-08,8.79E-08,5.21E-08,3.39E-10,0,0,7.08E-12,8.88E-16,2.37E-09,5.43E-13,5.43E-13,2.41E-12,0,6.19E-11,2.65E-08,0,1.44E-11,0,1.46E-12,1.09E-11,3.44E-07,8.52E-11,3.34E-10,6.86E-08,4.49E-14,0,1.64E-08,4.77E-08,1.40E-11,1.30E-07,1.38E-09,5.90E-10,3.66E-08,6.73E-14,2.02E-08,1.03E-07
1183,39.4,39.41666667,7.70E-08,8.54E-08,5.02E-08,3.26E-10,0,0,6.79E-12,8.88E-16,2.29E-09,5.22E-13,5.22E-13,2.30E-12,0,6.00E-11,2.55E-08,0,1.39E-11,0,1.39E-12,1.04E-11,3.33E-07,8.17E-11,3.17E-10,6.56E-08,4.31E-14,0,1.58E-08,4.61E-08,1.34E-11,1.26E-07,1.34E-09,5.68E-10,3.54E-08,6.46E-14,1.95E-08,1.00E-07
1184,39.43333333,39.45,7.47E-08,8.30E-08,4.84E-08,3.13E-10,0,0,6.52E-12,6.66E-16,2.22E-09,5.02E-13,5.02E-13,2.19E-12,0,5.82E-11,2.46E-08,0,1.34E-11,0,1.34E-12,9.93E-12,3.22E-07,7.84E-11,3.01E-10,6.28E-08,4.15E-14,0,1.52E-08,4.45E-08,1.28E-11,1.22E-07,1.29E-09,5.47E-10,3.43E-08,6.20E-14,1.88E-08,9.71E-08
1185,39.46666667,39.48333333,7.25E-08,8.06E-08,4.66E-08,3.01E-10,0,0,6.26E-12,6.66E-16,2.16E-09,4.83E-13,4.83E-13,2.09E-12,0,5.64E-11,2.37E-08,0,1.29E-11,0,1.28E-12,9.47E-12,3.11E-07,7.52E-11,2.85E-10,6.00E-08,3.97E-14,0,1.47E-08,4.30E-08,1.23E-11,1.19E-07,1.25E-09,5.27E-10,3.33E-08,5.93E-14,1.81E-08,9.42E-08
1186,39.5,39.51666667,7.03E-08,7.84E-08,4.49E-08,2.89E-10,0,0,6.01E-12,6.66E-16,2.09E-09,4.64E-13,4.64E-13,2.00E-12,0,5.47E-11,2.28E-08,0,1.25E-11,0,1.23E-12,9.02E-12,3.00E-07,7.21E-11,2.71E-10,5.74E-08,3.82E-14,0,1.42E-08,4.16E-08,1.18E-11,1.15E-07,1.20E-09,5.08E-10,3.22E-08,5.68E-14,1.75E-08,9.13E-08
1187,39.53333333,39.55,6.82E-08,7.62E-08,4.33E-08,2.78E-10,0,0,5.77E-12,6.66E-16,2.03E-09,4.46E-13,4.46E-13,1.90E-12,0,5.30E-11,2.20E-08,0,1.20E-11,0,1.17E-12,8.60E-12,2.90E-07,6.92E-11,2.57E-10,5.49E-08,3.69E-14,0,1.37E-08,4.02E-08,1.13E-11,1.12E-07,1.16E-09,4.90E-10,3.12E-08,5.46E-14,1.69E-08,8.86E-08
1188,39.56666667,39.58333333,6.62E-08,7.40E-08,4.17E-08,2.67E-10,0,0,5.54E-12,6.66E-16,1.96E-09,4.29E-13,4.29E-13,1.81E-12,0,5.14E-11,2.12E-08,0,1.16E-11,0,1.12E-12,8.19E-12,2.81E-07,6.64E-11,2.44E-10,5.25E-08,3.53E-14,0,1.32E-08,3.88E-08,1.08E-11,1.08E-07,1.12E-09,4.72E-10,3.03E-08,5.22E-14,1.63E-08,8.60E-08
1189,39.6,39.61666667,6.43E-08,7.19E-08,4.02E-08,2.56E-10,0,0,5.32E-12,6.66E-16,1.90E-09,4.12E-13,4.12E-13,1.73E-12,0,4.99E-11,2.04E-08,0,1.11E-11,0,1.08E-12,7.81E-12,2.71E-07,6.36E-11,2.32E-10,5.02E-08,3.40E-14,0,1.27E-08,3.75E-08,1.04E-11,1.05E-07,1.09E-09,4.55E-10,2.93E-08,5.02E-14,1.57E-08,8.34E-08
1190,39.63333333,39.65,6.23E-08,6.99E-08,3.87E-08,2.46E-10,0,0,5.11E-12,4.44E-16,1.85E-09,3.96E-13,3.96E-13,1.65E-12,0,4.83E-11,1.97E-08,0,1.07E-11,0,1.03E-12,7.44E-12,2.62E-07,6.10E-11,2.20E-10,4.80E-08,3.26E-14,0,1.22E-08,3.62E-08,9.97E-12,1.02E-07,1.05E-09,4.38E-10,2.84E-08,4.80E-14,1.51E-08,8.09E-08
1191,39.66666667,39.68333333,6.05E-08,6.79E-08,3.73E-08,2.37E-10,0,0,4.90E-12,4.44E-16,1.79E-09,3.81E-13,3.81E-13,1.57E-12,0,4.69E-11,1.90E-08,0,1.04E-11,0,9.88E-13,7.09E-12,2.53E-07,5.86E-11,2.09E-10,4.59E-08,3.13E-14,0,1.18E-08,3.50E-08,9.56E-12,9.89E-08,1.01E-09,4.22E-10,2.75E-08,4.60E-14,1.46E-08,7.85E-08
1192,39.7,39.71666667,5.87E-08,6.60E-08,3.59E-08,2.27E-10,0,0,4.71E-12,4.44E-16,1.73E-09,3.66E-13,3.66E-13,1.50E-12,0,4.55E-11,1.83E-08,0,9.98E-12,0,9.46E-13,6.76E-12,2.45E-07,5.62E-11,1.98E-10,4.39E-08,3.02E-14,0,1.14E-08,3.38E-08,9.17E-12,9.59E-08,9.79E-10,4.07E-10,2.67E-08,4.42E-14,1.41E-08,7.61E-08
1193,39.73333333,39.75,5.70E-08,6.42E-08,3.46E-08,2.18E-10,0,0,4.52E-12,4.44E-16,1.68E-09,3.52E-13,3.52E-13,1.43E-12,0,4.41E-11,1.76E-08,0,9.62E-12,0,9.07E-13,6.44E-12,2.37E-07,5.39E-11,1.88E-10,4.19E-08,2.89E-14,0,1.10E-08,3.27E-08,8.79E-12,9.30E-08,9.46E-10,3.92E-10,2.59E-08,4.24E-14,1.36E-08,7.38E-08
1194,39.76666667,39.78333333,5.53E-08,6.24E-08,3.33E-08,2.10E-10,0,0,4.34E-12,4.44E-16,1.63E-09,3.38E-13,3.38E-13,1.37E-12,0,4.27E-11,1.70E-08,0,9.27E-12,0,8.68E-13,6.14E-12,2.29E-07,5.17E-11,1.78E-10,4.01E-08,2.78E-14,0,1.06E-08,3.16E-08,8.43E-12,9.02E-08,9.13E-10,3.78E-10,2.51E-08,4.06E-14,1.31E-08,7.16E-08
1195,39.8,39.81666667,5.36E-08,6.06E-08,3.21E-08,2.02E-10,0,0,4.16E-12,4.44E-16,1.58E-09,3.25E-13,3.25E-13,1.30E-12,0,4.14E-11,1.64E-08,0,8.94E-12,0,8.32E-13,5.85E-12,2.21E-07,4.96E-11,1.69E-10,3.83E-08,2.66E-14,0,1.02E-08,3.05E-08,8.08E-12,8.75E-08,8.82E-10,3.64E-10,2.43E-08,3.89E-14,1.26E-08,6.95E-08
1196,39.83333333,39.85,5.20E-08,5.89E-08,3.09E-08,1.94E-10,0,0,4.00E-12,4.44E-16,1.53E-09,3.13E-13,3.13E-13,1.24E-12,0,4.02E-11,1.58E-08,0,8.61E-12,0,7.97E-13,5.58E-12,2.14E-07,4.75E-11,1.61E-10,3.67E-08,2.58E-14,0,9.82E-09,2.95E-08,7.75E-12,8.49E-08,8.53E-10,3.51E-10,2.35E-08,3.73E-14,1.22E-08,6.74E-08
1197,39.86666667,39.88333333,5.05E-08,5.72E-08,2.98E-08,1.86E-10,0,0,3.84E-12,4.44E-16,1.48E-09,3.01E-13,3.01E-13,1.19E-12,0,3.89E-11,1.52E-08,0,8.30E-12,0,7.63E-13,5.31E-12,2.07E-07,4.56E-11,1.52E-10,3.51E-08,2.46E-14,0,9.47E-09,2.85E-08,7.43E-12,8.23E-08,8.24E-10,3.38E-10,2.28E-08,3.57E-14,1.18E-08,6.54E-08
1198,39.9,39.91666667,4.90E-08,5.56E-08,2.87E-08,1.79E-10,0,0,3.68E-12,4.44E-16,1.44E-09,2.89E-13,2.89E-13,1.13E-12,0,3.78E-11,1.46E-08,0,8.00E-12,0,7.31E-13,5.07E-12,2.00E-07,4.37E-11,1.45E-10,3.35E-08,2.38E-14,0,9.13E-09,2.76E-08,7.12E-12,7.99E-08,7.96E-10,3.26E-10,2.21E-08,3.44E-14,1.13E-08,6.34E-08
1199,39.93333333,39.95,4.75E-08,5.41E-08,2.77E-08,1.72E-10,0,0,3.54E-12,2.22E-16,1.40E-09,2.78E-13,2.78E-13,1.08E-12,0,3.66E-11,1.41E-08,0,7.71E-12,0,7.00E-13,4.83E-12,1.93E-07,4.19E-11,1.37E-10,3.21E-08,2.29E-14,0,8.80E-09,2.66E-08,6.83E-12,7.75E-08,7.69E-10,3.14E-10,2.14E-08,3.29E-14,1.09E-08,6.15E-08
1200,39.96666667,39.98333333,4.61E-08,5.25E-08,2.66E-08,1.65E-10,0,0,3.40E-12,2.22E-16,1.35E-09,2.67E-13,2.67E-13,1.03E-12,0,3.55E-11,1.36E-08,0,7.43E-12,0,6.71E-13,4.60E-12,1.87E-07,4.02E-11,1.30E-10,3.07E-08,2.20E-14,0,8.48E-09,2.57E-08,6.55E-12,7.52E-08,7.43E-10,3.02E-10,2.07E-08,3.15E-14,1.06E-08,5.97E-08
1201,40,,,,,,,,,,,,,,,,,,,,,,,,,,,,,,,,,,,,,
